ref_date,date,geo,dguid,geo_uid,labour_force_characteristics,educational_attainment,gender,age_group,value,val_norm,uom,uom_id,scalar_factor,scalar_id,vector,coordinate,status,symbol,terminated,decimals,hierarchy_for_geo,classification_code_for_labour_force_characteristics,hierarchy_for_labour_force_characteristics,classification_code_for_educational_attainment,hierarchy_for_educational_attainment,classification_code_for_gender,hierarchy_for_gender,classification_code_for_age_group,hierarchy_for_age_group,total,percent
1990,1990-07-01,Canada,2021A000011124,11124,Population,0 to 8  years,Total - Gender,25 to 44 years,537.4,537400,Persons in thousands,428,thousands,3,v2582662,1.1.2.1.4,NA,NA,NA,1,1,NA,1,NA,1.2,NA,1,NA,4,9179.4,5.854413142471186
1990,1990-07-01,Canada,2021A000011124,11124,Population,Some high school,Total - Gender,25 to 44 years,1542.3,1542300,Persons in thousands,428,thousands,3,v2582663,1.1.3.1.4,NA,NA,NA,1,1,NA,1,NA,1.3,NA,1,NA,4,9179.4,16.801751748480292
1990,1990-07-01,Canada,2021A000011124,11124,Population,High school graduate,Total - Gender,25 to 44 years,2193.5,2193500,Persons in thousands,428,thousands,3,v2582664,1.1.4.1.4,NA,NA,NA,1,1,NA,1,NA,1.4,NA,1,NA,4,9179.4,23.89589733533782
1990,1990-07-01,Canada,2021A000011124,11124,Population,University degree,Total - Gender,25 to 44 years,1483.5,1483500,Persons in thousands,428,thousands,3,v2582667,1.1.7.1.4,NA,NA,NA,1,1,NA,1,NA,1.7,NA,1,NA,4,9179.4,16.161187005686646
1990,1990-07-01,Canada,2021A000011124,11124,Labour force,0 to 8  years,Total - Gender,25 to 44 years,359.1,359100,Persons in thousands,428,thousands,3,v2582671,1.2.2.1.4,NA,NA,NA,1,1,NA,1.2,NA,1.2,NA,1,NA,4,7870.2,4.562781123732561
1990,1990-07-01,Canada,2021A000011124,11124,Labour force,Some high school,Total - Gender,25 to 44 years,1214.1,1214100,Persons in thousands,428,thousands,3,v2582672,1.2.3.1.4,NA,NA,NA,1,1,NA,1.2,NA,1.3,NA,1,NA,4,7870.2,15.42654570404818
1990,1990-07-01,Canada,2021A000011124,11124,Labour force,High school graduate,Total - Gender,25 to 44 years,1870.9,1870900,Persons in thousands,428,thousands,3,v2582673,1.2.4.1.4,NA,NA,NA,1,1,NA,1.2,NA,1.4,NA,1,NA,4,7870.2,23.7719498869152
1990,1990-07-01,Canada,2021A000011124,11124,Labour force,University degree,Total - Gender,25 to 44 years,1362.9,1362900,Persons in thousands,428,thousands,3,v2582676,1.2.7.1.4,NA,NA,NA,1,1,NA,1.2,NA,1.7,NA,1,NA,4,7870.2,17.317221925745216
1990,1990-07-01,Canada,2021A000011124,11124,Employment,0 to 8  years,Total - Gender,25 to 44 years,303,303000,Persons in thousands,428,thousands,3,v2582680,1.3.2.1.4,NA,NA,NA,1,1,NA,1.2.3,NA,1.2,NA,1,NA,4,7261.5,4.172691592646148
1990,1990-07-01,Canada,2021A000011124,11124,Employment,Some high school,Total - Gender,25 to 44 years,1060.8,1060800,Persons in thousands,428,thousands,3,v2582681,1.3.3.1.4,NA,NA,NA,1,1,NA,1.2.3,NA,1.3,NA,1,NA,4,7261.5,14.608551952076017
1990,1990-07-01,Canada,2021A000011124,11124,Employment,High school graduate,Total - Gender,25 to 44 years,1734.4,1734400,Persons in thousands,428,thousands,3,v2582682,1.3.4.1.4,NA,NA,NA,1,1,NA,1.2.3,NA,1.4,NA,1,NA,4,7261.5,23.884872271569236
1990,1990-07-01,Canada,2021A000011124,11124,Employment,University degree,Total - Gender,25 to 44 years,1308.2,1308200,Persons in thousands,428,thousands,3,v2582685,1.3.7.1.4,NA,NA,NA,1,1,NA,1.2.3,NA,1.7,NA,1,NA,4,7261.5,18.015561523101287
1990,1990-07-01,Canada,2021A000011124,11124,Full-time employment,0 to 8  years,Total - Gender,25 to 44 years,271.9,271900,Persons in thousands,428,thousands,3,v2582689,1.4.2.1.4,NA,NA,NA,1,1,NA,1.2.3.4,NA,1.2,NA,1,NA,4,6428.3,4.229734144330537
1990,1990-07-01,Canada,2021A000011124,11124,Full-time employment,Some high school,Total - Gender,25 to 44 years,934.7,934700,Persons in thousands,428,thousands,3,v2582690,1.4.3.1.4,NA,NA,NA,1,1,NA,1.2.3.4,NA,1.3,NA,1,NA,4,6428.3,14.540391705427561
1990,1990-07-01,Canada,2021A000011124,11124,Full-time employment,High school graduate,Total - Gender,25 to 44 years,1532,1532000,Persons in thousands,428,thousands,3,v2582691,1.4.4.1.4,NA,NA,NA,1,1,NA,1.2.3.4,NA,1.4,NA,1,NA,4,6428.3,23.832117356066146
1990,1990-07-01,Canada,2021A000011124,11124,Full-time employment,University degree,Total - Gender,25 to 44 years,1180.3,1180300,Persons in thousands,428,thousands,3,v2582694,1.4.7.1.4,NA,NA,NA,1,1,NA,1.2.3.4,NA,1.7,NA,1,NA,4,6428.3,18.360997464337384
1990,1990-07-01,Canada,2021A000011124,11124,Part-time employment,0 to 8  years,Total - Gender,25 to 44 years,31.1,31100,Persons in thousands,428,thousands,3,v2582698,1.5.2.1.4,NA,NA,NA,1,1,NA,1.2.3.5,NA,1.2,NA,1,NA,4,833.2,3.7325972155544886
1990,1990-07-01,Canada,2021A000011124,11124,Part-time employment,Some high school,Total - Gender,25 to 44 years,126,126000,Persons in thousands,428,thousands,3,v2582699,1.5.3.1.4,NA,NA,NA,1,1,NA,1.2.3.5,NA,1.3,NA,1,NA,4,833.2,15.12241958713394
1990,1990-07-01,Canada,2021A000011124,11124,Part-time employment,High school graduate,Total - Gender,25 to 44 years,202.3,202300,Persons in thousands,428,thousands,3,v2582700,1.5.4.1.4,NA,NA,NA,1,1,NA,1.2.3.5,NA,1.4,NA,1,NA,4,833.2,24.27988478156505
1990,1990-07-01,Canada,2021A000011124,11124,Part-time employment,University degree,Total - Gender,25 to 44 years,127.9,127900,Persons in thousands,428,thousands,3,v2582703,1.5.7.1.4,NA,NA,NA,1,1,NA,1.2.3.5,NA,1.7,NA,1,NA,4,833.2,15.350456072971674
1990,1990-07-01,Canada,2021A000011124,11124,Unemployment,0 to 8  years,Total - Gender,25 to 44 years,56.2,56200,Persons in thousands,428,thousands,3,v2582707,1.6.2.1.4,NA,NA,NA,1,1,NA,1.2.6,NA,1.2,NA,1,NA,4,608.6,9.23430824843904
1990,1990-07-01,Canada,2021A000011124,11124,Unemployment,Some high school,Total - Gender,25 to 44 years,153.4,153400,Persons in thousands,428,thousands,3,v2582708,1.6.3.1.4,NA,NA,NA,1,1,NA,1.2.6,NA,1.3,NA,1,NA,4,608.6,25.205389418337166
1990,1990-07-01,Canada,2021A000011124,11124,Unemployment,High school graduate,Total - Gender,25 to 44 years,136.6,136600,Persons in thousands,428,thousands,3,v2582709,1.6.4.1.4,NA,NA,NA,1,1,NA,1.2.6,NA,1.4,NA,1,NA,4,608.6,22.444955635885638
1990,1990-07-01,Canada,2021A000011124,11124,Unemployment,University degree,Total - Gender,25 to 44 years,54.7,54700,Persons in thousands,428,thousands,3,v2582712,1.6.7.1.4,NA,NA,NA,1,1,NA,1.2.6,NA,1.7,NA,1,NA,4,608.6,8.987840946434439
1990,1990-07-01,Canada,2021A000011124,11124,Not in labour force,0 to 8  years,Total - Gender,25 to 44 years,178.2,178200,Persons in thousands,428,thousands,3,v2582716,1.7.2.1.4,NA,NA,NA,1,1,NA,1.7,NA,1.2,NA,1,NA,4,1309.2,13.611365719523372
1990,1990-07-01,Canada,2021A000011124,11124,Not in labour force,Some high school,Total - Gender,25 to 44 years,328.1,328100,Persons in thousands,428,thousands,3,v2582717,1.7.3.1.4,NA,NA,NA,1,1,NA,1.7,NA,1.3,NA,1,NA,4,1309.2,25.061106018942866
1990,1990-07-01,Canada,2021A000011124,11124,Not in labour force,High school graduate,Total - Gender,25 to 44 years,322.6,322600,Persons in thousands,428,thousands,3,v2582718,1.7.4.1.4,NA,NA,NA,1,1,NA,1.7,NA,1.4,NA,1,NA,4,1309.2,24.641002138710665
1990,1990-07-01,Canada,2021A000011124,11124,Not in labour force,University degree,Total - Gender,25 to 44 years,120.6,120600,Persons in thousands,428,thousands,3,v2582721,1.7.7.1.4,NA,NA,NA,1,1,NA,1.7,NA,1.7,NA,1,NA,4,1309.2,9.21173235563703
1990,1990-07-01,Canada,2021A000011124,11124,Unemployment rate,0 to 8  years,Total - Gender,25 to 44 years,15.7,0.157,Percent,239,units,0,v2582725,1.8.2.1.4,NA,NA,NA,1,1,NA,8,NA,1.2,NA,1,NA,4,7.7,203.89610389610388
1990,1990-07-01,Canada,2021A000011124,11124,Unemployment rate,Some high school,Total - Gender,25 to 44 years,12.6,0.126,Percent,239,units,0,v2582726,1.8.3.1.4,NA,NA,NA,1,1,NA,8,NA,1.3,NA,1,NA,4,7.7,163.63636363636363
1990,1990-07-01,Canada,2021A000011124,11124,Unemployment rate,High school graduate,Total - Gender,25 to 44 years,7.3,0.073,Percent,239,units,0,v2582727,1.8.4.1.4,NA,NA,NA,1,1,NA,8,NA,1.4,NA,1,NA,4,7.7,94.8051948051948
1990,1990-07-01,Canada,2021A000011124,11124,Unemployment rate,University degree,Total - Gender,25 to 44 years,4,0.04,Percent,239,units,0,v2582730,1.8.7.1.4,NA,NA,NA,1,1,NA,8,NA,1.7,NA,1,NA,4,7.7,51.94805194805195
1990,1990-07-01,Canada,2021A000011124,11124,Participation rate,0 to 8  years,Total - Gender,25 to 44 years,66.8,0.6679999999999999,Percent,239,units,0,v2582734,1.9.2.1.4,NA,NA,NA,1,1,NA,9,NA,1.2,NA,1,NA,4,85.7,77.9463243873979
1990,1990-07-01,Canada,2021A000011124,11124,Participation rate,Some high school,Total - Gender,25 to 44 years,78.7,0.787,Percent,239,units,0,v2582735,1.9.3.1.4,NA,NA,NA,1,1,NA,9,NA,1.3,NA,1,NA,4,85.7,91.83197199533255
1990,1990-07-01,Canada,2021A000011124,11124,Participation rate,High school graduate,Total - Gender,25 to 44 years,85.3,0.853,Percent,239,units,0,v2582736,1.9.4.1.4,NA,NA,NA,1,1,NA,9,NA,1.4,NA,1,NA,4,85.7,99.53325554259042
1990,1990-07-01,Canada,2021A000011124,11124,Participation rate,University degree,Total - Gender,25 to 44 years,91.9,0.919,Percent,239,units,0,v2582739,1.9.7.1.4,NA,NA,NA,1,1,NA,9,NA,1.7,NA,1,NA,4,85.7,107.2345390898483
1990,1990-07-01,Canada,2021A000011124,11124,Employment rate,0 to 8  years,Total - Gender,25 to 44 years,56.4,0.564,Percent,239,units,0,v2582743,1.10.2.1.4,NA,NA,NA,1,1,NA,10,NA,1.2,NA,1,NA,4,79.1,71.30214917825538
1990,1990-07-01,Canada,2021A000011124,11124,Employment rate,Some high school,Total - Gender,25 to 44 years,68.8,0.688,Percent,239,units,0,v2582744,1.10.3.1.4,NA,NA,NA,1,1,NA,10,NA,1.3,NA,1,NA,4,79.1,86.97850821744628
1990,1990-07-01,Canada,2021A000011124,11124,Employment rate,High school graduate,Total - Gender,25 to 44 years,79.1,0.7909999999999999,Percent,239,units,0,v2582745,1.10.4.1.4,NA,NA,NA,1,1,NA,10,NA,1.4,NA,1,NA,4,79.1,100
1990,1990-07-01,Canada,2021A000011124,11124,Employment rate,University degree,Total - Gender,25 to 44 years,88.2,0.882,Percent,239,units,0,v2582748,1.10.7.1.4,NA,NA,NA,1,1,NA,10,NA,1.7,NA,1,NA,4,79.1,111.50442477876106
1991,1991-07-01,Canada,2021A000011124,11124,Population,0 to 8  years,Total - Gender,25 to 44 years,496.3,496300,Persons in thousands,428,thousands,3,v2582662,1.1.2.1.4,NA,NA,NA,1,1,NA,1,NA,1.2,NA,1,NA,4,9300.4,5.336329620231388
1991,1991-07-01,Canada,2021A000011124,11124,Population,Some high school,Total - Gender,25 to 44 years,1529.6,1529600,Persons in thousands,428,thousands,3,v2582663,1.1.3.1.4,NA,NA,NA,1,1,NA,1,NA,1.3,NA,1,NA,4,9300.4,16.446604447120556
1991,1991-07-01,Canada,2021A000011124,11124,Population,High school graduate,Total - Gender,25 to 44 years,2258.9,2258900,Persons in thousands,428,thousands,3,v2582664,1.1.4.1.4,NA,NA,NA,1,1,NA,1,NA,1.4,NA,1,NA,4,9300.4,24.288202657950198
1991,1991-07-01,Canada,2021A000011124,11124,Population,University degree,Total - Gender,25 to 44 years,1511.2,1511200,Persons in thousands,428,thousands,3,v2582667,1.1.7.1.4,NA,NA,NA,1,1,NA,1,NA,1.7,NA,1,NA,4,9300.4,16.248763494043267
1991,1991-07-01,Canada,2021A000011124,11124,Labour force,0 to 8  years,Total - Gender,25 to 44 years,318.7,318700,Persons in thousands,428,thousands,3,v2582671,1.2.2.1.4,NA,NA,NA,1,1,NA,1.2,NA,1.2,NA,1,NA,4,7942.5,4.012590494176896
1991,1991-07-01,Canada,2021A000011124,11124,Labour force,Some high school,Total - Gender,25 to 44 years,1182.1,1182100,Persons in thousands,428,thousands,3,v2582672,1.2.3.1.4,NA,NA,NA,1,1,NA,1.2,NA,1.3,NA,1,NA,4,7942.5,14.883223166509284
1991,1991-07-01,Canada,2021A000011124,11124,Labour force,High school graduate,Total - Gender,25 to 44 years,1927.8,1927800,Persons in thousands,428,thousands,3,v2582673,1.2.4.1.4,NA,NA,NA,1,1,NA,1.2,NA,1.4,NA,1,NA,4,7942.5,24.271954674220964
1991,1991-07-01,Canada,2021A000011124,11124,Labour force,University degree,Total - Gender,25 to 44 years,1387.9,1387900,Persons in thousands,428,thousands,3,v2582676,1.2.7.1.4,NA,NA,NA,1,1,NA,1.2,NA,1.7,NA,1,NA,4,7942.5,17.474346868114573
1991,1991-07-01,Canada,2021A000011124,11124,Employment,0 to 8  years,Total - Gender,25 to 44 years,255.5,255500,Persons in thousands,428,thousands,3,v2582680,1.3.2.1.4,NA,NA,NA,1,1,NA,1.2.3,NA,1.2,NA,1,NA,4,7165.3,3.5657962681255495
1991,1991-07-01,Canada,2021A000011124,11124,Employment,Some high school,Total - Gender,25 to 44 years,995.5,995500,Persons in thousands,428,thousands,3,v2582681,1.3.3.1.4,NA,NA,NA,1,1,NA,1.2.3,NA,1.3,NA,1,NA,4,7165.3,13.893347103401114
1991,1991-07-01,Canada,2021A000011124,11124,Employment,High school graduate,Total - Gender,25 to 44 years,1738.2,1738200,Persons in thousands,428,thousands,3,v2582682,1.3.4.1.4,NA,NA,NA,1,1,NA,1.2.3,NA,1.4,NA,1,NA,4,7165.3,24.258579543075655
1991,1991-07-01,Canada,2021A000011124,11124,Employment,University degree,Total - Gender,25 to 44 years,1317.9,1317900,Persons in thousands,428,thousands,3,v2582685,1.3.7.1.4,NA,NA,NA,1,1,NA,1.2.3,NA,1.7,NA,1,NA,4,7165.3,18.392809791634683
1991,1991-07-01,Canada,2021A000011124,11124,Full-time employment,0 to 8  years,Total - Gender,25 to 44 years,222.3,222300,Persons in thousands,428,thousands,3,v2582689,1.4.2.1.4,NA,NA,NA,1,1,NA,1.2.3.4,NA,1.2,NA,1,NA,4,6281.6,3.5389072847682117
1991,1991-07-01,Canada,2021A000011124,11124,Full-time employment,Some high school,Total - Gender,25 to 44 years,865.7,865700,Persons in thousands,428,thousands,3,v2582690,1.4.3.1.4,NA,NA,NA,1,1,NA,1.2.3.4,NA,1.3,NA,1,NA,4,6281.6,13.781520631686194
1991,1991-07-01,Canada,2021A000011124,11124,Full-time employment,High school graduate,Total - Gender,25 to 44 years,1509,1509000,Persons in thousands,428,thousands,3,v2582691,1.4.4.1.4,NA,NA,NA,1,1,NA,1.2.3.4,NA,1.4,NA,1,NA,4,6281.6,24.022542027508912
1991,1991-07-01,Canada,2021A000011124,11124,Full-time employment,University degree,Total - Gender,25 to 44 years,1180.8,1180800,Persons in thousands,428,thousands,3,v2582694,1.4.7.1.4,NA,NA,NA,1,1,NA,1.2.3.4,NA,1.7,NA,1,NA,4,6281.6,18.79775853285787
1991,1991-07-01,Canada,2021A000011124,11124,Part-time employment,0 to 8  years,Total - Gender,25 to 44 years,33.2,33200,Persons in thousands,428,thousands,3,v2582698,1.5.2.1.4,NA,NA,NA,1,1,NA,1.2.3.5,NA,1.2,NA,1,NA,4,883.7,3.756931085209913
1991,1991-07-01,Canada,2021A000011124,11124,Part-time employment,Some high school,Total - Gender,25 to 44 years,129.8,129800.00000000001,Persons in thousands,428,thousands,3,v2582699,1.5.3.1.4,NA,NA,NA,1,1,NA,1.2.3.5,NA,1.3,NA,1,NA,4,883.7,14.688242616272492
1991,1991-07-01,Canada,2021A000011124,11124,Part-time employment,High school graduate,Total - Gender,25 to 44 years,229.2,229200,Persons in thousands,428,thousands,3,v2582700,1.5.4.1.4,NA,NA,NA,1,1,NA,1.2.3.5,NA,1.4,NA,1,NA,4,883.7,25.936403756931085
1991,1991-07-01,Canada,2021A000011124,11124,Part-time employment,University degree,Total - Gender,25 to 44 years,137.1,137100,Persons in thousands,428,thousands,3,v2582703,1.5.7.1.4,NA,NA,NA,1,1,NA,1.2.3.5,NA,1.7,NA,1,NA,4,883.7,15.514314812719247
1991,1991-07-01,Canada,2021A000011124,11124,Unemployment,0 to 8  years,Total - Gender,25 to 44 years,63.2,63200,Persons in thousands,428,thousands,3,v2582707,1.6.2.1.4,NA,NA,NA,1,1,NA,1.2.6,NA,1.2,NA,1,NA,4,777.2,8.131755018013381
1991,1991-07-01,Canada,2021A000011124,11124,Unemployment,Some high school,Total - Gender,25 to 44 years,186.6,186600,Persons in thousands,428,thousands,3,v2582708,1.6.3.1.4,NA,NA,NA,1,1,NA,1.2.6,NA,1.3,NA,1,NA,4,777.2,24.009264024704063
1991,1991-07-01,Canada,2021A000011124,11124,Unemployment,High school graduate,Total - Gender,25 to 44 years,189.6,189600,Persons in thousands,428,thousands,3,v2582709,1.6.4.1.4,NA,NA,NA,1,1,NA,1.2.6,NA,1.4,NA,1,NA,4,777.2,24.39526505404014
1991,1991-07-01,Canada,2021A000011124,11124,Unemployment,University degree,Total - Gender,25 to 44 years,70,70000,Persons in thousands,428,thousands,3,v2582712,1.6.7.1.4,NA,NA,NA,1,1,NA,1.2.6,NA,1.7,NA,1,NA,4,777.2,9.006690684508492
1991,1991-07-01,Canada,2021A000011124,11124,Not in labour force,0 to 8  years,Total - Gender,25 to 44 years,177.6,177600,Persons in thousands,428,thousands,3,v2582716,1.7.2.1.4,NA,NA,NA,1,1,NA,1.7,NA,1.2,NA,1,NA,4,1357.9,13.079019073569482
1991,1991-07-01,Canada,2021A000011124,11124,Not in labour force,Some high school,Total - Gender,25 to 44 years,347.5,347500,Persons in thousands,428,thousands,3,v2582717,1.7.3.1.4,NA,NA,NA,1,1,NA,1.7,NA,1.3,NA,1,NA,4,1357.9,25.590986081449294
1991,1991-07-01,Canada,2021A000011124,11124,Not in labour force,High school graduate,Total - Gender,25 to 44 years,331.1,331100,Persons in thousands,428,thousands,3,v2582718,1.7.4.1.4,NA,NA,NA,1,1,NA,1.7,NA,1.4,NA,1,NA,4,1357.9,24.383238824655717
1991,1991-07-01,Canada,2021A000011124,11124,Not in labour force,University degree,Total - Gender,25 to 44 years,123.3,123300,Persons in thousands,428,thousands,3,v2582721,1.7.7.1.4,NA,NA,NA,1,1,NA,1.7,NA,1.7,NA,1,NA,4,1357.9,9.08019736357611
1991,1991-07-01,Canada,2021A000011124,11124,Unemployment rate,0 to 8  years,Total - Gender,25 to 44 years,19.8,0.198,Percent,239,units,0,v2582725,1.8.2.1.4,NA,NA,NA,1,1,NA,8,NA,1.2,NA,1,NA,4,9.8,202.0408163265306
1991,1991-07-01,Canada,2021A000011124,11124,Unemployment rate,Some high school,Total - Gender,25 to 44 years,15.8,0.158,Percent,239,units,0,v2582726,1.8.3.1.4,NA,NA,NA,1,1,NA,8,NA,1.3,NA,1,NA,4,9.8,161.22448979591834
1991,1991-07-01,Canada,2021A000011124,11124,Unemployment rate,High school graduate,Total - Gender,25 to 44 years,9.8,0.098,Percent,239,units,0,v2582727,1.8.4.1.4,NA,NA,NA,1,1,NA,8,NA,1.4,NA,1,NA,4,9.8,100
1991,1991-07-01,Canada,2021A000011124,11124,Unemployment rate,University degree,Total - Gender,25 to 44 years,5,0.05,Percent,239,units,0,v2582730,1.8.7.1.4,NA,NA,NA,1,1,NA,8,NA,1.7,NA,1,NA,4,9.8,51.0204081632653
1991,1991-07-01,Canada,2021A000011124,11124,Participation rate,0 to 8  years,Total - Gender,25 to 44 years,64.2,0.642,Percent,239,units,0,v2582734,1.9.2.1.4,NA,NA,NA,1,1,NA,9,NA,1.2,NA,1,NA,4,85.4,75.17564402810304
1991,1991-07-01,Canada,2021A000011124,11124,Participation rate,Some high school,Total - Gender,25 to 44 years,77.3,0.773,Percent,239,units,0,v2582735,1.9.3.1.4,NA,NA,NA,1,1,NA,9,NA,1.3,NA,1,NA,4,85.4,90.51522248243559
1991,1991-07-01,Canada,2021A000011124,11124,Participation rate,High school graduate,Total - Gender,25 to 44 years,85.3,0.853,Percent,239,units,0,v2582736,1.9.4.1.4,NA,NA,NA,1,1,NA,9,NA,1.4,NA,1,NA,4,85.4,99.88290398126463
1991,1991-07-01,Canada,2021A000011124,11124,Participation rate,University degree,Total - Gender,25 to 44 years,91.8,0.9179999999999999,Percent,239,units,0,v2582739,1.9.7.1.4,NA,NA,NA,1,1,NA,9,NA,1.7,NA,1,NA,4,85.4,107.49414519906323
1991,1991-07-01,Canada,2021A000011124,11124,Employment rate,0 to 8  years,Total - Gender,25 to 44 years,51.5,0.515,Percent,239,units,0,v2582743,1.10.2.1.4,NA,NA,NA,1,1,NA,10,NA,1.2,NA,1,NA,4,77,66.88311688311688
1991,1991-07-01,Canada,2021A000011124,11124,Employment rate,Some high school,Total - Gender,25 to 44 years,65.1,0.6509999999999999,Percent,239,units,0,v2582744,1.10.3.1.4,NA,NA,NA,1,1,NA,10,NA,1.3,NA,1,NA,4,77,84.54545454545453
1991,1991-07-01,Canada,2021A000011124,11124,Employment rate,High school graduate,Total - Gender,25 to 44 years,76.9,0.769,Percent,239,units,0,v2582745,1.10.4.1.4,NA,NA,NA,1,1,NA,10,NA,1.4,NA,1,NA,4,77,99.87012987012989
1991,1991-07-01,Canada,2021A000011124,11124,Employment rate,University degree,Total - Gender,25 to 44 years,87.2,0.872,Percent,239,units,0,v2582748,1.10.7.1.4,NA,NA,NA,1,1,NA,10,NA,1.7,NA,1,NA,4,77,113.24675324675324
1992,1992-07-01,Canada,2021A000011124,11124,Population,0 to 8  years,Total - Gender,25 to 44 years,478.5,478500,Persons in thousands,428,thousands,3,v2582662,1.1.2.1.4,NA,NA,NA,1,1,NA,1,NA,1.2,NA,1,NA,4,9359.8,5.112288724118037
1992,1992-07-01,Canada,2021A000011124,11124,Population,Some high school,Total - Gender,25 to 44 years,1467.6,1467600,Persons in thousands,428,thousands,3,v2582663,1.1.3.1.4,NA,NA,NA,1,1,NA,1,NA,1.3,NA,1,NA,4,9359.8,15.679822218423471
1992,1992-07-01,Canada,2021A000011124,11124,Population,High school graduate,Total - Gender,25 to 44 years,2270.1,2270100,Persons in thousands,428,thousands,3,v2582664,1.1.4.1.4,NA,NA,NA,1,1,NA,1,NA,1.4,NA,1,NA,4,9359.8,24.253723370157484
1992,1992-07-01,Canada,2021A000011124,11124,Population,University degree,Total - Gender,25 to 44 years,1574.6,1574600,Persons in thousands,428,thousands,3,v2582667,1.1.7.1.4,NA,NA,NA,1,1,NA,1,NA,1.7,NA,1,NA,4,9359.8,16.823009038654675
1992,1992-07-01,Canada,2021A000011124,11124,Labour force,0 to 8  years,Total - Gender,25 to 44 years,295.7,295700,Persons in thousands,428,thousands,3,v2582671,1.2.2.1.4,NA,NA,NA,1,1,NA,1.2,NA,1.2,NA,1,NA,4,7898.8,3.7436066237909555
1992,1992-07-01,Canada,2021A000011124,11124,Labour force,Some high school,Total - Gender,25 to 44 years,1115.8,1115800,Persons in thousands,428,thousands,3,v2582672,1.2.3.1.4,NA,NA,NA,1,1,NA,1.2,NA,1.3,NA,1,NA,4,7898.8,14.1261963842609
1992,1992-07-01,Canada,2021A000011124,11124,Labour force,High school graduate,Total - Gender,25 to 44 years,1903.8,1903800,Persons in thousands,428,thousands,3,v2582673,1.2.4.1.4,NA,NA,NA,1,1,NA,1.2,NA,1.4,NA,1,NA,4,7898.8,24.102395300551983
1992,1992-07-01,Canada,2021A000011124,11124,Labour force,University degree,Total - Gender,25 to 44 years,1438.5,1438500,Persons in thousands,428,thousands,3,v2582676,1.2.7.1.4,NA,NA,NA,1,1,NA,1.2,NA,1.7,NA,1,NA,4,7898.8,18.211627082594823
1992,1992-07-01,Canada,2021A000011124,11124,Employment,0 to 8  years,Total - Gender,25 to 44 years,235.4,235400,Persons in thousands,428,thousands,3,v2582680,1.3.2.1.4,NA,NA,NA,1,1,NA,1.2.3,NA,1.2,NA,1,NA,4,7056.1,3.3361205198339023
1992,1992-07-01,Canada,2021A000011124,11124,Employment,Some high school,Total - Gender,25 to 44 years,916.3,916300,Persons in thousands,428,thousands,3,v2582681,1.3.3.1.4,NA,NA,NA,1,1,NA,1.2.3,NA,1.3,NA,1,NA,4,7056.1,12.985927070194583
1992,1992-07-01,Canada,2021A000011124,11124,Employment,High school graduate,Total - Gender,25 to 44 years,1707.7,1707700,Persons in thousands,428,thousands,3,v2582682,1.3.4.1.4,NA,NA,NA,1,1,NA,1.2.3,NA,1.4,NA,1,NA,4,7056.1,24.201754510281884
1992,1992-07-01,Canada,2021A000011124,11124,Employment,University degree,Total - Gender,25 to 44 years,1356.5,1356500,Persons in thousands,428,thousands,3,v2582685,1.3.7.1.4,NA,NA,NA,1,1,NA,1.2.3,NA,1.7,NA,1,NA,4,7056.1,19.224500786553477
1992,1992-07-01,Canada,2021A000011124,11124,Full-time employment,0 to 8  years,Total - Gender,25 to 44 years,206.6,206600,Persons in thousands,428,thousands,3,v2582689,1.4.2.1.4,NA,NA,NA,1,1,NA,1.2.3.4,NA,1.2,NA,1,NA,4,6159.1,3.3543861927879073
1992,1992-07-01,Canada,2021A000011124,11124,Full-time employment,Some high school,Total - Gender,25 to 44 years,795.2,795200,Persons in thousands,428,thousands,3,v2582690,1.4.3.1.4,NA,NA,NA,1,1,NA,1.2.3.4,NA,1.3,NA,1,NA,4,6159.1,12.910977253170106
1992,1992-07-01,Canada,2021A000011124,11124,Full-time employment,High school graduate,Total - Gender,25 to 44 years,1481.2,1481200,Persons in thousands,428,thousands,3,v2582691,1.4.4.1.4,NA,NA,NA,1,1,NA,1.2.3.4,NA,1.4,NA,1,NA,4,6159.1,24.04896819340488
1992,1992-07-01,Canada,2021A000011124,11124,Full-time employment,University degree,Total - Gender,25 to 44 years,1206.3,1206300,Persons in thousands,428,thousands,3,v2582694,1.4.7.1.4,NA,NA,NA,1,1,NA,1.2.3.4,NA,1.7,NA,1,NA,4,6159.1,19.58565374811255
1992,1992-07-01,Canada,2021A000011124,11124,Part-time employment,0 to 8  years,Total - Gender,25 to 44 years,28.8,28800,Persons in thousands,428,thousands,3,v2582698,1.5.2.1.4,NA,NA,NA,1,1,NA,1.2.3.5,NA,1.2,NA,1,NA,4,897,3.210702341137124
1992,1992-07-01,Canada,2021A000011124,11124,Part-time employment,Some high school,Total - Gender,25 to 44 years,121.2,121200,Persons in thousands,428,thousands,3,v2582699,1.5.3.1.4,NA,NA,NA,1,1,NA,1.2.3.5,NA,1.3,NA,1,NA,4,897,13.511705685618729
1992,1992-07-01,Canada,2021A000011124,11124,Part-time employment,High school graduate,Total - Gender,25 to 44 years,226.4,226400,Persons in thousands,428,thousands,3,v2582700,1.5.4.1.4,NA,NA,NA,1,1,NA,1.2.3.5,NA,1.4,NA,1,NA,4,897,25.2396878483835
1992,1992-07-01,Canada,2021A000011124,11124,Part-time employment,University degree,Total - Gender,25 to 44 years,150.2,150200,Persons in thousands,428,thousands,3,v2582703,1.5.7.1.4,NA,NA,NA,1,1,NA,1.2.3.5,NA,1.7,NA,1,NA,4,897,16.744704570791527
1992,1992-07-01,Canada,2021A000011124,11124,Unemployment,0 to 8  years,Total - Gender,25 to 44 years,60.3,60300,Persons in thousands,428,thousands,3,v2582707,1.6.2.1.4,NA,NA,NA,1,1,NA,1.2.6,NA,1.2,NA,1,NA,4,842.7,7.155571377714489
1992,1992-07-01,Canada,2021A000011124,11124,Unemployment,Some high school,Total - Gender,25 to 44 years,199.4,199400,Persons in thousands,428,thousands,3,v2582708,1.6.3.1.4,NA,NA,NA,1,1,NA,1.2.6,NA,1.3,NA,1,NA,4,842.7,23.66203868517859
1992,1992-07-01,Canada,2021A000011124,11124,Unemployment,High school graduate,Total - Gender,25 to 44 years,196.1,196100,Persons in thousands,428,thousands,3,v2582709,1.6.4.1.4,NA,NA,NA,1,1,NA,1.2.6,NA,1.4,NA,1,NA,4,842.7,23.270440251572325
1992,1992-07-01,Canada,2021A000011124,11124,Unemployment,University degree,Total - Gender,25 to 44 years,82,82000,Persons in thousands,428,thousands,3,v2582712,1.6.7.1.4,NA,NA,NA,1,1,NA,1.2.6,NA,1.7,NA,1,NA,4,842.7,9.73062774415569
1992,1992-07-01,Canada,2021A000011124,11124,Not in labour force,0 to 8  years,Total - Gender,25 to 44 years,182.9,182900,Persons in thousands,428,thousands,3,v2582716,1.7.2.1.4,NA,NA,NA,1,1,NA,1.7,NA,1.2,NA,1,NA,4,1461,12.518822724161533
1992,1992-07-01,Canada,2021A000011124,11124,Not in labour force,Some high school,Total - Gender,25 to 44 years,351.8,351800,Persons in thousands,428,thousands,3,v2582717,1.7.3.1.4,NA,NA,NA,1,1,NA,1.7,NA,1.3,NA,1,NA,4,1461,24.079397672826833
1992,1992-07-01,Canada,2021A000011124,11124,Not in labour force,High school graduate,Total - Gender,25 to 44 years,366.3,366300,Persons in thousands,428,thousands,3,v2582718,1.7.4.1.4,NA,NA,NA,1,1,NA,1.7,NA,1.4,NA,1,NA,4,1461,25.071868583162217
1992,1992-07-01,Canada,2021A000011124,11124,Not in labour force,University degree,Total - Gender,25 to 44 years,136.1,136100,Persons in thousands,428,thousands,3,v2582721,1.7.7.1.4,NA,NA,NA,1,1,NA,1.7,NA,1.7,NA,1,NA,4,1461,9.315537303216974
1992,1992-07-01,Canada,2021A000011124,11124,Unemployment rate,0 to 8  years,Total - Gender,25 to 44 years,20.4,0.204,Percent,239,units,0,v2582725,1.8.2.1.4,NA,NA,NA,1,1,NA,8,NA,1.2,NA,1,NA,4,10.7,190.65420560747663
1992,1992-07-01,Canada,2021A000011124,11124,Unemployment rate,Some high school,Total - Gender,25 to 44 years,17.9,0.179,Percent,239,units,0,v2582726,1.8.3.1.4,NA,NA,NA,1,1,NA,8,NA,1.3,NA,1,NA,4,10.7,167.28971962616822
1992,1992-07-01,Canada,2021A000011124,11124,Unemployment rate,High school graduate,Total - Gender,25 to 44 years,10.3,0.10300000000000001,Percent,239,units,0,v2582727,1.8.4.1.4,NA,NA,NA,1,1,NA,8,NA,1.4,NA,1,NA,4,10.7,96.26168224299066
1992,1992-07-01,Canada,2021A000011124,11124,Unemployment rate,University degree,Total - Gender,25 to 44 years,5.7,0.057,Percent,239,units,0,v2582730,1.8.7.1.4,NA,NA,NA,1,1,NA,8,NA,1.7,NA,1,NA,4,10.7,53.27102803738318
1992,1992-07-01,Canada,2021A000011124,11124,Participation rate,0 to 8  years,Total - Gender,25 to 44 years,61.8,0.618,Percent,239,units,0,v2582734,1.9.2.1.4,NA,NA,NA,1,1,NA,9,NA,1.2,NA,1,NA,4,84.4,73.22274881516587
1992,1992-07-01,Canada,2021A000011124,11124,Participation rate,Some high school,Total - Gender,25 to 44 years,76,0.76,Percent,239,units,0,v2582735,1.9.3.1.4,NA,NA,NA,1,1,NA,9,NA,1.3,NA,1,NA,4,84.4,90.04739336492891
1992,1992-07-01,Canada,2021A000011124,11124,Participation rate,High school graduate,Total - Gender,25 to 44 years,83.9,0.8390000000000001,Percent,239,units,0,v2582736,1.9.4.1.4,NA,NA,NA,1,1,NA,9,NA,1.4,NA,1,NA,4,84.4,99.40758293838861
1992,1992-07-01,Canada,2021A000011124,11124,Participation rate,University degree,Total - Gender,25 to 44 years,91.4,0.914,Percent,239,units,0,v2582739,1.9.7.1.4,NA,NA,NA,1,1,NA,9,NA,1.7,NA,1,NA,4,84.4,108.29383886255924
1992,1992-07-01,Canada,2021A000011124,11124,Employment rate,0 to 8  years,Total - Gender,25 to 44 years,49.2,0.49200000000000005,Percent,239,units,0,v2582743,1.10.2.1.4,NA,NA,NA,1,1,NA,10,NA,1.2,NA,1,NA,4,75.4,65.25198938992042
1992,1992-07-01,Canada,2021A000011124,11124,Employment rate,Some high school,Total - Gender,25 to 44 years,62.4,0.624,Percent,239,units,0,v2582744,1.10.3.1.4,NA,NA,NA,1,1,NA,10,NA,1.3,NA,1,NA,4,75.4,82.75862068965516
1992,1992-07-01,Canada,2021A000011124,11124,Employment rate,High school graduate,Total - Gender,25 to 44 years,75.2,0.752,Percent,239,units,0,v2582745,1.10.4.1.4,NA,NA,NA,1,1,NA,10,NA,1.4,NA,1,NA,4,75.4,99.73474801061008
1992,1992-07-01,Canada,2021A000011124,11124,Employment rate,University degree,Total - Gender,25 to 44 years,86.1,0.861,Percent,239,units,0,v2582748,1.10.7.1.4,NA,NA,NA,1,1,NA,10,NA,1.7,NA,1,NA,4,75.4,114.19098143236073
1993,1993-07-01,Canada,2021A000011124,11124,Population,0 to 8  years,Total - Gender,25 to 44 years,431,431000,Persons in thousands,428,thousands,3,v2582662,1.1.2.1.4,NA,NA,NA,1,1,NA,1,NA,1.2,NA,1,NA,4,9388.4,4.59077159047335
1993,1993-07-01,Canada,2021A000011124,11124,Population,Some high school,Total - Gender,25 to 44 years,1388.8,1388800,Persons in thousands,428,thousands,3,v2582663,1.1.3.1.4,NA,NA,NA,1,1,NA,1,NA,1.3,NA,1,NA,4,9388.4,14.792722934685356
1993,1993-07-01,Canada,2021A000011124,11124,Population,High school graduate,Total - Gender,25 to 44 years,2288.3,2288300,Persons in thousands,428,thousands,3,v2582664,1.1.4.1.4,NA,NA,NA,1,1,NA,1,NA,1.4,NA,1,NA,4,9388.4,24.37369519832986
1993,1993-07-01,Canada,2021A000011124,11124,Population,University degree,Total - Gender,25 to 44 years,1656.7,1656700,Persons in thousands,428,thousands,3,v2582667,1.1.7.1.4,NA,NA,NA,1,1,NA,1,NA,1.7,NA,1,NA,4,9388.4,17.646244301478422
1993,1993-07-01,Canada,2021A000011124,11124,Labour force,0 to 8  years,Total - Gender,25 to 44 years,264,264000,Persons in thousands,428,thousands,3,v2582671,1.2.2.1.4,NA,NA,NA,1,1,NA,1.2,NA,1.2,NA,1,NA,4,7939.2,3.3252720677146312
1993,1993-07-01,Canada,2021A000011124,11124,Labour force,Some high school,Total - Gender,25 to 44 years,1043.2,1043200,Persons in thousands,428,thousands,3,v2582672,1.2.3.1.4,NA,NA,NA,1,1,NA,1.2,NA,1.3,NA,1,NA,4,7939.2,13.139862958484482
1993,1993-07-01,Canada,2021A000011124,11124,Labour force,High school graduate,Total - Gender,25 to 44 years,1919.9,1919900,Persons in thousands,428,thousands,3,v2582673,1.2.4.1.4,NA,NA,NA,1,1,NA,1.2,NA,1.4,NA,1,NA,4,7939.2,24.182537283353486
1993,1993-07-01,Canada,2021A000011124,11124,Labour force,University degree,Total - Gender,25 to 44 years,1518.7,1518700,Persons in thousands,428,thousands,3,v2582676,1.2.7.1.4,NA,NA,NA,1,1,NA,1.2,NA,1.7,NA,1,NA,4,7939.2,19.129131398629585
1993,1993-07-01,Canada,2021A000011124,11124,Employment,0 to 8  years,Total - Gender,25 to 44 years,211,211000,Persons in thousands,428,thousands,3,v2582680,1.3.2.1.4,NA,NA,NA,1,1,NA,1.2.3,NA,1.2,NA,1,NA,4,7079.4,2.980478571630364
1993,1993-07-01,Canada,2021A000011124,11124,Employment,Some high school,Total - Gender,25 to 44 years,863.5,863500,Persons in thousands,428,thousands,3,v2582681,1.3.3.1.4,NA,NA,NA,1,1,NA,1.2.3,NA,1.3,NA,1,NA,4,7079.4,12.197361358307202
1993,1993-07-01,Canada,2021A000011124,11124,Employment,High school graduate,Total - Gender,25 to 44 years,1704.2,1704200,Persons in thousands,428,thousands,3,v2582682,1.3.4.1.4,NA,NA,NA,1,1,NA,1.2.3,NA,1.4,NA,1,NA,4,7079.4,24.072661524987996
1993,1993-07-01,Canada,2021A000011124,11124,Employment,University degree,Total - Gender,25 to 44 years,1425.5,1425500,Persons in thousands,428,thousands,3,v2582685,1.3.7.1.4,NA,NA,NA,1,1,NA,1.2.3,NA,1.7,NA,1,NA,4,7079.4,20.135887222080967
1993,1993-07-01,Canada,2021A000011124,11124,Full-time employment,0 to 8  years,Total - Gender,25 to 44 years,177.6,177600,Persons in thousands,428,thousands,3,v2582689,1.4.2.1.4,NA,NA,NA,1,1,NA,1.2.3.4,NA,1.2,NA,1,NA,4,6136.2,2.89429940353965
1993,1993-07-01,Canada,2021A000011124,11124,Full-time employment,Some high school,Total - Gender,25 to 44 years,749.6,749600,Persons in thousands,428,thousands,3,v2582690,1.4.3.1.4,NA,NA,NA,1,1,NA,1.2.3.4,NA,1.3,NA,1,NA,4,6136.2,12.216029464489424
1993,1993-07-01,Canada,2021A000011124,11124,Full-time employment,High school graduate,Total - Gender,25 to 44 years,1461,1461000,Persons in thousands,428,thousands,3,v2582691,1.4.4.1.4,NA,NA,NA,1,1,NA,1.2.3.4,NA,1.4,NA,1,NA,4,6136.2,23.80952380952381
1993,1993-07-01,Canada,2021A000011124,11124,Full-time employment,University degree,Total - Gender,25 to 44 years,1262.4,1262400,Persons in thousands,428,thousands,3,v2582694,1.4.7.1.4,NA,NA,NA,1,1,NA,1.2.3.4,NA,1.7,NA,1,NA,4,6136.2,20.57299305759265
1993,1993-07-01,Canada,2021A000011124,11124,Part-time employment,0 to 8  years,Total - Gender,25 to 44 years,33.5,33500,Persons in thousands,428,thousands,3,v2582698,1.5.2.1.4,NA,NA,NA,1,1,NA,1.2.3.5,NA,1.2,NA,1,NA,4,943.2,3.5517387616624254
1993,1993-07-01,Canada,2021A000011124,11124,Part-time employment,Some high school,Total - Gender,25 to 44 years,114,114000,Persons in thousands,428,thousands,3,v2582699,1.5.3.1.4,NA,NA,NA,1,1,NA,1.2.3.5,NA,1.3,NA,1,NA,4,943.2,12.086513994910941
1993,1993-07-01,Canada,2021A000011124,11124,Part-time employment,High school graduate,Total - Gender,25 to 44 years,243.2,243200,Persons in thousands,428,thousands,3,v2582700,1.5.4.1.4,NA,NA,NA,1,1,NA,1.2.3.5,NA,1.4,NA,1,NA,4,943.2,25.78456318914334
1993,1993-07-01,Canada,2021A000011124,11124,Part-time employment,University degree,Total - Gender,25 to 44 years,163.1,163100,Persons in thousands,428,thousands,3,v2582703,1.5.7.1.4,NA,NA,NA,1,1,NA,1.2.3.5,NA,1.7,NA,1,NA,4,943.2,17.2921967769296
1993,1993-07-01,Canada,2021A000011124,11124,Unemployment,0 to 8  years,Total - Gender,25 to 44 years,53,53000,Persons in thousands,428,thousands,3,v2582707,1.6.2.1.4,NA,NA,NA,1,1,NA,1.2.6,NA,1.2,NA,1,NA,4,859.8,6.1642242381949295
1993,1993-07-01,Canada,2021A000011124,11124,Unemployment,Some high school,Total - Gender,25 to 44 years,179.7,179700,Persons in thousands,428,thousands,3,v2582708,1.6.3.1.4,NA,NA,NA,1,1,NA,1.2.6,NA,1.3,NA,1,NA,4,859.8,20.900209351011863
1993,1993-07-01,Canada,2021A000011124,11124,Unemployment,High school graduate,Total - Gender,25 to 44 years,215.7,215700,Persons in thousands,428,thousands,3,v2582709,1.6.4.1.4,NA,NA,NA,1,1,NA,1.2.6,NA,1.4,NA,1,NA,4,859.8,25.087229588276344
1993,1993-07-01,Canada,2021A000011124,11124,Unemployment,University degree,Total - Gender,25 to 44 years,93.2,93200,Persons in thousands,428,thousands,3,v2582712,1.6.7.1.4,NA,NA,NA,1,1,NA,1.2.6,NA,1.7,NA,1,NA,4,859.8,10.839730169806932
1993,1993-07-01,Canada,2021A000011124,11124,Not in labour force,0 to 8  years,Total - Gender,25 to 44 years,167,167000,Persons in thousands,428,thousands,3,v2582716,1.7.2.1.4,NA,NA,NA,1,1,NA,1.7,NA,1.2,NA,1,NA,4,1449.2,11.523599227159812
1993,1993-07-01,Canada,2021A000011124,11124,Not in labour force,Some high school,Total - Gender,25 to 44 years,345.6,345600,Persons in thousands,428,thousands,3,v2582717,1.7.3.1.4,NA,NA,NA,1,1,NA,1.7,NA,1.3,NA,1,NA,4,1449.2,23.84764007728402
1993,1993-07-01,Canada,2021A000011124,11124,Not in labour force,High school graduate,Total - Gender,25 to 44 years,368.4,368400,Persons in thousands,428,thousands,3,v2582718,1.7.4.1.4,NA,NA,NA,1,1,NA,1.7,NA,1.4,NA,1,NA,4,1449.2,25.42092188793817
1993,1993-07-01,Canada,2021A000011124,11124,Not in labour force,University degree,Total - Gender,25 to 44 years,138,138000,Persons in thousands,428,thousands,3,v2582721,1.7.7.1.4,NA,NA,NA,1,1,NA,1.7,NA,1.7,NA,1,NA,4,1449.2,9.522495169748826
1993,1993-07-01,Canada,2021A000011124,11124,Unemployment rate,0 to 8  years,Total - Gender,25 to 44 years,20.1,0.201,Percent,239,units,0,v2582725,1.8.2.1.4,NA,NA,NA,1,1,NA,8,NA,1.2,NA,1,NA,4,10.8,186.11111111111111
1993,1993-07-01,Canada,2021A000011124,11124,Unemployment rate,Some high school,Total - Gender,25 to 44 years,17.2,0.172,Percent,239,units,0,v2582726,1.8.3.1.4,NA,NA,NA,1,1,NA,8,NA,1.3,NA,1,NA,4,10.8,159.25925925925924
1993,1993-07-01,Canada,2021A000011124,11124,Unemployment rate,High school graduate,Total - Gender,25 to 44 years,11.2,0.11199999999999999,Percent,239,units,0,v2582727,1.8.4.1.4,NA,NA,NA,1,1,NA,8,NA,1.4,NA,1,NA,4,10.8,103.7037037037037
1993,1993-07-01,Canada,2021A000011124,11124,Unemployment rate,University degree,Total - Gender,25 to 44 years,6.1,0.061,Percent,239,units,0,v2582730,1.8.7.1.4,NA,NA,NA,1,1,NA,8,NA,1.7,NA,1,NA,4,10.8,56.48148148148148
1993,1993-07-01,Canada,2021A000011124,11124,Participation rate,0 to 8  years,Total - Gender,25 to 44 years,61.3,0.613,Percent,239,units,0,v2582734,1.9.2.1.4,NA,NA,NA,1,1,NA,9,NA,1.2,NA,1,NA,4,84.6,72.45862884160756
1993,1993-07-01,Canada,2021A000011124,11124,Participation rate,Some high school,Total - Gender,25 to 44 years,75.1,0.7509999999999999,Percent,239,units,0,v2582735,1.9.3.1.4,NA,NA,NA,1,1,NA,9,NA,1.3,NA,1,NA,4,84.6,88.77068557919621
1993,1993-07-01,Canada,2021A000011124,11124,Participation rate,High school graduate,Total - Gender,25 to 44 years,83.9,0.8390000000000001,Percent,239,units,0,v2582736,1.9.4.1.4,NA,NA,NA,1,1,NA,9,NA,1.4,NA,1,NA,4,84.6,99.17257683215131
1993,1993-07-01,Canada,2021A000011124,11124,Participation rate,University degree,Total - Gender,25 to 44 years,91.7,0.917,Percent,239,units,0,v2582739,1.9.7.1.4,NA,NA,NA,1,1,NA,9,NA,1.7,NA,1,NA,4,84.6,108.39243498817967
1993,1993-07-01,Canada,2021A000011124,11124,Employment rate,0 to 8  years,Total - Gender,25 to 44 years,49,0.49,Percent,239,units,0,v2582743,1.10.2.1.4,NA,NA,NA,1,1,NA,10,NA,1.2,NA,1,NA,4,75.4,64.9867374005305
1993,1993-07-01,Canada,2021A000011124,11124,Employment rate,Some high school,Total - Gender,25 to 44 years,62.2,0.622,Percent,239,units,0,v2582744,1.10.3.1.4,NA,NA,NA,1,1,NA,10,NA,1.3,NA,1,NA,4,75.4,82.49336870026525
1993,1993-07-01,Canada,2021A000011124,11124,Employment rate,High school graduate,Total - Gender,25 to 44 years,74.5,0.745,Percent,239,units,0,v2582745,1.10.4.1.4,NA,NA,NA,1,1,NA,10,NA,1.4,NA,1,NA,4,75.4,98.80636604774536
1993,1993-07-01,Canada,2021A000011124,11124,Employment rate,University degree,Total - Gender,25 to 44 years,86,0.86,Percent,239,units,0,v2582748,1.10.7.1.4,NA,NA,NA,1,1,NA,10,NA,1.7,NA,1,NA,4,75.4,114.05835543766577
1994,1994-07-01,Canada,2021A000011124,11124,Population,0 to 8  years,Total - Gender,25 to 44 years,439.3,439300,Persons in thousands,428,thousands,3,v2582662,1.1.2.1.4,NA,NA,NA,1,1,NA,1,NA,1.2,NA,1,NA,4,9418.5,4.6642246642246645
1994,1994-07-01,Canada,2021A000011124,11124,Population,Some high school,Total - Gender,25 to 44 years,1384.8,1384800,Persons in thousands,428,thousands,3,v2582663,1.1.3.1.4,NA,NA,NA,1,1,NA,1,NA,1.3,NA,1,NA,4,9418.5,14.70297818123905
1994,1994-07-01,Canada,2021A000011124,11124,Population,High school graduate,Total - Gender,25 to 44 years,2117.2,2117200,Persons in thousands,428,thousands,3,v2582664,1.1.4.1.4,NA,NA,NA,1,1,NA,1,NA,1.4,NA,1,NA,4,9418.5,22.479163348728562
1994,1994-07-01,Canada,2021A000011124,11124,Population,University degree,Total - Gender,25 to 44 years,1711,1711000,Persons in thousands,428,thousands,3,v2582667,1.1.7.1.4,NA,NA,NA,1,1,NA,1,NA,1.7,NA,1,NA,4,9418.5,18.16637468811382
1994,1994-07-01,Canada,2021A000011124,11124,Labour force,0 to 8  years,Total - Gender,25 to 44 years,261.5,261500,Persons in thousands,428,thousands,3,v2582671,1.2.2.1.4,NA,NA,NA,1,1,NA,1.2,NA,1.2,NA,1,NA,4,7945.3,3.2912539488754358
1994,1994-07-01,Canada,2021A000011124,11124,Labour force,Some high school,Total - Gender,25 to 44 years,1042.5,1042500,Persons in thousands,428,thousands,3,v2582672,1.2.3.1.4,NA,NA,NA,1,1,NA,1.2,NA,1.3,NA,1,NA,4,7945.3,13.120964595421192
1994,1994-07-01,Canada,2021A000011124,11124,Labour force,High school graduate,Total - Gender,25 to 44 years,1782.1,1782100,Persons in thousands,428,thousands,3,v2582673,1.2.4.1.4,NA,NA,NA,1,1,NA,1.2,NA,1.4,NA,1,NA,4,7945.3,22.429612475299862
1994,1994-07-01,Canada,2021A000011124,11124,Labour force,University degree,Total - Gender,25 to 44 years,1553.6,1553600,Persons in thousands,428,thousands,3,v2582676,1.2.7.1.4,NA,NA,NA,1,1,NA,1.2,NA,1.7,NA,1,NA,4,7945.3,19.55369841289819
1994,1994-07-01,Canada,2021A000011124,11124,Employment,0 to 8  years,Total - Gender,25 to 44 years,211.2,211200,Persons in thousands,428,thousands,3,v2582680,1.3.2.1.4,NA,NA,NA,1,1,NA,1.2.3,NA,1.2,NA,1,NA,4,7160.6,2.949473507806608
1994,1994-07-01,Canada,2021A000011124,11124,Employment,Some high school,Total - Gender,25 to 44 years,872.8,872800,Persons in thousands,428,thousands,3,v2582681,1.3.3.1.4,NA,NA,NA,1,1,NA,1.2.3,NA,1.3,NA,1,NA,4,7160.6,12.18892271597352
1994,1994-07-01,Canada,2021A000011124,11124,Employment,High school graduate,Total - Gender,25 to 44 years,1612.1,1612100,Persons in thousands,428,thousands,3,v2582682,1.3.4.1.4,NA,NA,NA,1,1,NA,1.2.3,NA,1.4,NA,1,NA,4,7160.6,22.513476524313603
1994,1994-07-01,Canada,2021A000011124,11124,Employment,University degree,Total - Gender,25 to 44 years,1464.4,1464400,Persons in thousands,428,thousands,3,v2582685,1.3.7.1.4,NA,NA,NA,1,1,NA,1.2.3,NA,1.7,NA,1,NA,4,7160.6,20.450800212272714
1994,1994-07-01,Canada,2021A000011124,11124,Full-time employment,0 to 8  years,Total - Gender,25 to 44 years,184.6,184600,Persons in thousands,428,thousands,3,v2582689,1.4.2.1.4,NA,NA,NA,1,1,NA,1.2.3.4,NA,1.2,NA,1,NA,4,6228.2,2.963938216499149
1994,1994-07-01,Canada,2021A000011124,11124,Full-time employment,Some high school,Total - Gender,25 to 44 years,757.7,757700,Persons in thousands,428,thousands,3,v2582690,1.4.3.1.4,NA,NA,NA,1,1,NA,1.2.3.4,NA,1.3,NA,1,NA,4,6228.2,12.165633730451816
1994,1994-07-01,Canada,2021A000011124,11124,Full-time employment,High school graduate,Total - Gender,25 to 44 years,1399.6,1399600,Persons in thousands,428,thousands,3,v2582691,1.4.4.1.4,NA,NA,NA,1,1,NA,1.2.3.4,NA,1.4,NA,1,NA,4,6228.2,22.471982274172312
1994,1994-07-01,Canada,2021A000011124,11124,Full-time employment,University degree,Total - Gender,25 to 44 years,1289.8,1289800,Persons in thousands,428,thousands,3,v2582694,1.4.7.1.4,NA,NA,NA,1,1,NA,1.2.3.4,NA,1.7,NA,1,NA,4,6228.2,20.709033107478888
1994,1994-07-01,Canada,2021A000011124,11124,Part-time employment,0 to 8  years,Total - Gender,25 to 44 years,26.6,26600,Persons in thousands,428,thousands,3,v2582698,1.5.2.1.4,NA,NA,NA,1,1,NA,1.2.3.5,NA,1.2,NA,1,NA,4,932.4,2.8528528528528527
1994,1994-07-01,Canada,2021A000011124,11124,Part-time employment,Some high school,Total - Gender,25 to 44 years,115.1,115100,Persons in thousands,428,thousands,3,v2582699,1.5.3.1.4,NA,NA,NA,1,1,NA,1.2.3.5,NA,1.3,NA,1,NA,4,932.4,12.344487344487344
1994,1994-07-01,Canada,2021A000011124,11124,Part-time employment,High school graduate,Total - Gender,25 to 44 years,212.5,212500,Persons in thousands,428,thousands,3,v2582700,1.5.4.1.4,NA,NA,NA,1,1,NA,1.2.3.5,NA,1.4,NA,1,NA,4,932.4,22.790647790647792
1994,1994-07-01,Canada,2021A000011124,11124,Part-time employment,University degree,Total - Gender,25 to 44 years,174.7,174700,Persons in thousands,428,thousands,3,v2582703,1.5.7.1.4,NA,NA,NA,1,1,NA,1.2.3.5,NA,1.7,NA,1,NA,4,932.4,18.736593736593736
1994,1994-07-01,Canada,2021A000011124,11124,Unemployment,0 to 8  years,Total - Gender,25 to 44 years,50.3,50300,Persons in thousands,428,thousands,3,v2582707,1.6.2.1.4,NA,NA,NA,1,1,NA,1.2.6,NA,1.2,NA,1,NA,4,784.7,6.410093029183127
1994,1994-07-01,Canada,2021A000011124,11124,Unemployment,Some high school,Total - Gender,25 to 44 years,169.6,169600,Persons in thousands,428,thousands,3,v2582708,1.6.3.1.4,NA,NA,NA,1,1,NA,1.2.6,NA,1.3,NA,1,NA,4,784.7,21.61335542245444
1994,1994-07-01,Canada,2021A000011124,11124,Unemployment,High school graduate,Total - Gender,25 to 44 years,170,170000,Persons in thousands,428,thousands,3,v2582709,1.6.4.1.4,NA,NA,NA,1,1,NA,1.2.6,NA,1.4,NA,1,NA,4,784.7,21.66433031731872
1994,1994-07-01,Canada,2021A000011124,11124,Unemployment,University degree,Total - Gender,25 to 44 years,89.2,89200,Persons in thousands,428,thousands,3,v2582712,1.6.7.1.4,NA,NA,NA,1,1,NA,1.2.6,NA,1.7,NA,1,NA,4,784.7,11.367401554734293
1994,1994-07-01,Canada,2021A000011124,11124,Not in labour force,0 to 8  years,Total - Gender,25 to 44 years,177.7,177700,Persons in thousands,428,thousands,3,v2582716,1.7.2.1.4,NA,NA,NA,1,1,NA,1.7,NA,1.2,NA,1,NA,4,1473.2,12.062177572631008
1994,1994-07-01,Canada,2021A000011124,11124,Not in labour force,Some high school,Total - Gender,25 to 44 years,342.3,342300,Persons in thousands,428,thousands,3,v2582717,1.7.3.1.4,NA,NA,NA,1,1,NA,1.7,NA,1.3,NA,1,NA,4,1473.2,23.235134401303284
1994,1994-07-01,Canada,2021A000011124,11124,Not in labour force,High school graduate,Total - Gender,25 to 44 years,335.1,335100,Persons in thousands,428,thousands,3,v2582718,1.7.4.1.4,NA,NA,NA,1,1,NA,1.7,NA,1.4,NA,1,NA,4,1473.2,22.7464023893565
1994,1994-07-01,Canada,2021A000011124,11124,Not in labour force,University degree,Total - Gender,25 to 44 years,157.4,157400,Persons in thousands,428,thousands,3,v2582721,1.7.7.1.4,NA,NA,NA,1,1,NA,1.7,NA,1.7,NA,1,NA,4,1473.2,10.684224816725495
1994,1994-07-01,Canada,2021A000011124,11124,Unemployment rate,0 to 8  years,Total - Gender,25 to 44 years,19.2,0.192,Percent,239,units,0,v2582725,1.8.2.1.4,NA,NA,NA,1,1,NA,8,NA,1.2,NA,1,NA,4,9.9,193.93939393939394
1994,1994-07-01,Canada,2021A000011124,11124,Unemployment rate,Some high school,Total - Gender,25 to 44 years,16.3,0.163,Percent,239,units,0,v2582726,1.8.3.1.4,NA,NA,NA,1,1,NA,8,NA,1.3,NA,1,NA,4,9.9,164.64646464646464
1994,1994-07-01,Canada,2021A000011124,11124,Unemployment rate,High school graduate,Total - Gender,25 to 44 years,9.5,0.095,Percent,239,units,0,v2582727,1.8.4.1.4,NA,NA,NA,1,1,NA,8,NA,1.4,NA,1,NA,4,9.9,95.95959595959596
1994,1994-07-01,Canada,2021A000011124,11124,Unemployment rate,University degree,Total - Gender,25 to 44 years,5.7,0.057,Percent,239,units,0,v2582730,1.8.7.1.4,NA,NA,NA,1,1,NA,8,NA,1.7,NA,1,NA,4,9.9,57.57575757575757
1994,1994-07-01,Canada,2021A000011124,11124,Participation rate,0 to 8  years,Total - Gender,25 to 44 years,59.5,0.595,Percent,239,units,0,v2582734,1.9.2.1.4,NA,NA,NA,1,1,NA,9,NA,1.2,NA,1,NA,4,84.4,70.49763033175356
1994,1994-07-01,Canada,2021A000011124,11124,Participation rate,Some high school,Total - Gender,25 to 44 years,75.3,0.753,Percent,239,units,0,v2582735,1.9.3.1.4,NA,NA,NA,1,1,NA,9,NA,1.3,NA,1,NA,4,84.4,89.21800947867298
1994,1994-07-01,Canada,2021A000011124,11124,Participation rate,High school graduate,Total - Gender,25 to 44 years,84.2,0.8420000000000001,Percent,239,units,0,v2582736,1.9.4.1.4,NA,NA,NA,1,1,NA,9,NA,1.4,NA,1,NA,4,84.4,99.76303317535545
1994,1994-07-01,Canada,2021A000011124,11124,Participation rate,University degree,Total - Gender,25 to 44 years,90.8,0.9079999999999999,Percent,239,units,0,v2582739,1.9.7.1.4,NA,NA,NA,1,1,NA,9,NA,1.7,NA,1,NA,4,84.4,107.58293838862558
1994,1994-07-01,Canada,2021A000011124,11124,Employment rate,0 to 8  years,Total - Gender,25 to 44 years,48.1,0.48100000000000004,Percent,239,units,0,v2582743,1.10.2.1.4,NA,NA,NA,1,1,NA,10,NA,1.2,NA,1,NA,4,76,63.28947368421053
1994,1994-07-01,Canada,2021A000011124,11124,Employment rate,Some high school,Total - Gender,25 to 44 years,63,0.63,Percent,239,units,0,v2582744,1.10.3.1.4,NA,NA,NA,1,1,NA,10,NA,1.3,NA,1,NA,4,76,82.89473684210526
1994,1994-07-01,Canada,2021A000011124,11124,Employment rate,High school graduate,Total - Gender,25 to 44 years,76.1,0.7609999999999999,Percent,239,units,0,v2582745,1.10.4.1.4,NA,NA,NA,1,1,NA,10,NA,1.4,NA,1,NA,4,76,100.13157894736841
1994,1994-07-01,Canada,2021A000011124,11124,Employment rate,University degree,Total - Gender,25 to 44 years,85.6,0.856,Percent,239,units,0,v2582748,1.10.7.1.4,NA,NA,NA,1,1,NA,10,NA,1.7,NA,1,NA,4,76,112.63157894736842
1995,1995-07-01,Canada,2021A000011124,11124,Population,0 to 8  years,Total - Gender,25 to 44 years,392.3,392300,Persons in thousands,428,thousands,3,v2582662,1.1.2.1.4,NA,NA,NA,1,1,NA,1,NA,1.2,NA,1,NA,4,9458.8,4.147460565822303
1995,1995-07-01,Canada,2021A000011124,11124,Population,Some high school,Total - Gender,25 to 44 years,1299.8,1299800,Persons in thousands,428,thousands,3,v2582663,1.1.3.1.4,NA,NA,NA,1,1,NA,1,NA,1.3,NA,1,NA,4,9458.8,13.741700850002115
1995,1995-07-01,Canada,2021A000011124,11124,Population,High school graduate,Total - Gender,25 to 44 years,2128.2,2128200,Persons in thousands,428,thousands,3,v2582664,1.1.4.1.4,NA,NA,NA,1,1,NA,1,NA,1.4,NA,1,NA,4,9458.8,22.499682835031926
1995,1995-07-01,Canada,2021A000011124,11124,Population,University degree,Total - Gender,25 to 44 years,1758.6,1758600,Persons in thousands,428,thousands,3,v2582667,1.1.7.1.4,NA,NA,NA,1,1,NA,1,NA,1.7,NA,1,NA,4,9458.8,18.592210428384153
1995,1995-07-01,Canada,2021A000011124,11124,Labour force,0 to 8  years,Total - Gender,25 to 44 years,230.3,230300,Persons in thousands,428,thousands,3,v2582671,1.2.2.1.4,NA,NA,NA,1,1,NA,1.2,NA,1.2,NA,1,NA,4,7977,2.887050269524884
1995,1995-07-01,Canada,2021A000011124,11124,Labour force,Some high school,Total - Gender,25 to 44 years,977,977000,Persons in thousands,428,thousands,3,v2582672,1.2.3.1.4,NA,NA,NA,1,1,NA,1.2,NA,1.3,NA,1,NA,4,7977,12.247712172495925
1995,1995-07-01,Canada,2021A000011124,11124,Labour force,High school graduate,Total - Gender,25 to 44 years,1780.2,1780200,Persons in thousands,428,thousands,3,v2582673,1.2.4.1.4,NA,NA,NA,1,1,NA,1.2,NA,1.4,NA,1,NA,4,7977,22.316660398646107
1995,1995-07-01,Canada,2021A000011124,11124,Labour force,University degree,Total - Gender,25 to 44 years,1602.1,1602100,Persons in thousands,428,thousands,3,v2582676,1.2.7.1.4,NA,NA,NA,1,1,NA,1.2,NA,1.7,NA,1,NA,4,7977,20.083991475492038
1995,1995-07-01,Canada,2021A000011124,11124,Employment,0 to 8  years,Total - Gender,25 to 44 years,187.6,187600,Persons in thousands,428,thousands,3,v2582680,1.3.2.1.4,NA,NA,NA,1,1,NA,1.2.3,NA,1.2,NA,1,NA,4,7260.1,2.583986446467679
1995,1995-07-01,Canada,2021A000011124,11124,Employment,Some high school,Total - Gender,25 to 44 years,829.3,829300,Persons in thousands,428,thousands,3,v2582681,1.3.3.1.4,NA,NA,NA,1,1,NA,1.2.3,NA,1.3,NA,1,NA,4,7260.1,11.422707676202807
1995,1995-07-01,Canada,2021A000011124,11124,Employment,High school graduate,Total - Gender,25 to 44 years,1610.4,1610400,Persons in thousands,428,thousands,3,v2582682,1.3.4.1.4,NA,NA,NA,1,1,NA,1.2.3,NA,1.4,NA,1,NA,4,7260.1,22.18151265134089
1995,1995-07-01,Canada,2021A000011124,11124,Employment,University degree,Total - Gender,25 to 44 years,1519.6,1519600,Persons in thousands,428,thousands,3,v2582685,1.3.7.1.4,NA,NA,NA,1,1,NA,1.2.3,NA,1.7,NA,1,NA,4,7260.1,20.930841172986597
1995,1995-07-01,Canada,2021A000011124,11124,Full-time employment,0 to 8  years,Total - Gender,25 to 44 years,161.6,161600,Persons in thousands,428,thousands,3,v2582689,1.4.2.1.4,NA,NA,NA,1,1,NA,1.2.3.4,NA,1.2,NA,1,NA,4,6317.8,2.5578524169805945
1995,1995-07-01,Canada,2021A000011124,11124,Full-time employment,Some high school,Total - Gender,25 to 44 years,720.5,720500,Persons in thousands,428,thousands,3,v2582690,1.4.3.1.4,NA,NA,NA,1,1,NA,1.2.3.4,NA,1.3,NA,1,NA,4,6317.8,11.404286302193801
1995,1995-07-01,Canada,2021A000011124,11124,Full-time employment,High school graduate,Total - Gender,25 to 44 years,1394.4,1394400,Persons in thousands,428,thousands,3,v2582691,1.4.4.1.4,NA,NA,NA,1,1,NA,1.2.3.4,NA,1.4,NA,1,NA,4,6317.8,22.070974073253346
1995,1995-07-01,Canada,2021A000011124,11124,Full-time employment,University degree,Total - Gender,25 to 44 years,1342.7,1342700,Persons in thousands,428,thousands,3,v2582694,1.4.7.1.4,NA,NA,NA,1,1,NA,1.2.3.4,NA,1.7,NA,1,NA,4,6317.8,21.252651239355473
1995,1995-07-01,Canada,2021A000011124,11124,Part-time employment,0 to 8  years,Total - Gender,25 to 44 years,26.1,26100,Persons in thousands,428,thousands,3,v2582698,1.5.2.1.4,NA,NA,NA,1,1,NA,1.2.3.5,NA,1.2,NA,1,NA,4,942.3,2.76981852913085
1995,1995-07-01,Canada,2021A000011124,11124,Part-time employment,Some high school,Total - Gender,25 to 44 years,108.8,108800,Persons in thousands,428,thousands,3,v2582699,1.5.3.1.4,NA,NA,NA,1,1,NA,1.2.3.5,NA,1.3,NA,1,NA,4,942.3,11.546216703809828
1995,1995-07-01,Canada,2021A000011124,11124,Part-time employment,High school graduate,Total - Gender,25 to 44 years,216,216000,Persons in thousands,428,thousands,3,v2582700,1.5.4.1.4,NA,NA,NA,1,1,NA,1.2.3.5,NA,1.4,NA,1,NA,4,942.3,22.922636103151863
1995,1995-07-01,Canada,2021A000011124,11124,Part-time employment,University degree,Total - Gender,25 to 44 years,176.9,176900,Persons in thousands,428,thousands,3,v2582703,1.5.7.1.4,NA,NA,NA,1,1,NA,1.2.3.5,NA,1.7,NA,1,NA,4,942.3,18.773214475220207
1995,1995-07-01,Canada,2021A000011124,11124,Unemployment,0 to 8  years,Total - Gender,25 to 44 years,42.7,42700,Persons in thousands,428,thousands,3,v2582707,1.6.2.1.4,NA,NA,NA,1,1,NA,1.2.6,NA,1.2,NA,1,NA,4,716.9,5.9562003068768306
1995,1995-07-01,Canada,2021A000011124,11124,Unemployment,Some high school,Total - Gender,25 to 44 years,147.7,147700,Persons in thousands,428,thousands,3,v2582708,1.6.3.1.4,NA,NA,NA,1,1,NA,1.2.6,NA,1.3,NA,1,NA,4,716.9,20.602594504114936
1995,1995-07-01,Canada,2021A000011124,11124,Unemployment,High school graduate,Total - Gender,25 to 44 years,169.8,169800,Persons in thousands,428,thousands,3,v2582709,1.6.4.1.4,NA,NA,NA,1,1,NA,1.2.6,NA,1.4,NA,1,NA,4,716.9,23.6853117589622
1995,1995-07-01,Canada,2021A000011124,11124,Unemployment,University degree,Total - Gender,25 to 44 years,82.5,82500,Persons in thousands,428,thousands,3,v2582712,1.6.7.1.4,NA,NA,NA,1,1,NA,1.2.6,NA,1.7,NA,1,NA,4,716.9,11.5078811549728
1995,1995-07-01,Canada,2021A000011124,11124,Not in labour force,0 to 8  years,Total - Gender,25 to 44 years,162,162000,Persons in thousands,428,thousands,3,v2582716,1.7.2.1.4,NA,NA,NA,1,1,NA,1.7,NA,1.2,NA,1,NA,4,1481.7,10.933387325369507
1995,1995-07-01,Canada,2021A000011124,11124,Not in labour force,Some high school,Total - Gender,25 to 44 years,322.8,322800,Persons in thousands,428,thousands,3,v2582717,1.7.3.1.4,NA,NA,NA,1,1,NA,1.7,NA,1.3,NA,1,NA,4,1481.7,21.78578659647702
1995,1995-07-01,Canada,2021A000011124,11124,Not in labour force,High school graduate,Total - Gender,25 to 44 years,348,348000,Persons in thousands,428,thousands,3,v2582718,1.7.4.1.4,NA,NA,NA,1,1,NA,1.7,NA,1.4,NA,1,NA,4,1481.7,23.486535735978944
1995,1995-07-01,Canada,2021A000011124,11124,Not in labour force,University degree,Total - Gender,25 to 44 years,156.5,156500,Persons in thousands,428,thousands,3,v2582721,1.7.7.1.4,NA,NA,NA,1,1,NA,1.7,NA,1.7,NA,1,NA,4,1481.7,10.56219207666869
1995,1995-07-01,Canada,2021A000011124,11124,Unemployment rate,0 to 8  years,Total - Gender,25 to 44 years,18.5,0.185,Percent,239,units,0,v2582725,1.8.2.1.4,NA,NA,NA,1,1,NA,8,NA,1.2,NA,1,NA,4,9,205.55555555555554
1995,1995-07-01,Canada,2021A000011124,11124,Unemployment rate,Some high school,Total - Gender,25 to 44 years,15.1,0.151,Percent,239,units,0,v2582726,1.8.3.1.4,NA,NA,NA,1,1,NA,8,NA,1.3,NA,1,NA,4,9,167.77777777777777
1995,1995-07-01,Canada,2021A000011124,11124,Unemployment rate,High school graduate,Total - Gender,25 to 44 years,9.5,0.095,Percent,239,units,0,v2582727,1.8.4.1.4,NA,NA,NA,1,1,NA,8,NA,1.4,NA,1,NA,4,9,105.55555555555556
1995,1995-07-01,Canada,2021A000011124,11124,Unemployment rate,University degree,Total - Gender,25 to 44 years,5.1,0.051,Percent,239,units,0,v2582730,1.8.7.1.4,NA,NA,NA,1,1,NA,8,NA,1.7,NA,1,NA,4,9,56.66666666666666
1995,1995-07-01,Canada,2021A000011124,11124,Participation rate,0 to 8  years,Total - Gender,25 to 44 years,58.7,0.5870000000000001,Percent,239,units,0,v2582734,1.9.2.1.4,NA,NA,NA,1,1,NA,9,NA,1.2,NA,1,NA,4,84.3,69.63226571767497
1995,1995-07-01,Canada,2021A000011124,11124,Participation rate,Some high school,Total - Gender,25 to 44 years,75.2,0.752,Percent,239,units,0,v2582735,1.9.3.1.4,NA,NA,NA,1,1,NA,9,NA,1.3,NA,1,NA,4,84.3,89.20521945432978
1995,1995-07-01,Canada,2021A000011124,11124,Participation rate,High school graduate,Total - Gender,25 to 44 years,83.6,0.836,Percent,239,units,0,v2582736,1.9.4.1.4,NA,NA,NA,1,1,NA,9,NA,1.4,NA,1,NA,4,84.3,99.16963226571768
1995,1995-07-01,Canada,2021A000011124,11124,Participation rate,University degree,Total - Gender,25 to 44 years,91.1,0.9109999999999999,Percent,239,units,0,v2582739,1.9.7.1.4,NA,NA,NA,1,1,NA,9,NA,1.7,NA,1,NA,4,84.3,108.06642941874259
1995,1995-07-01,Canada,2021A000011124,11124,Employment rate,0 to 8  years,Total - Gender,25 to 44 years,47.8,0.478,Percent,239,units,0,v2582743,1.10.2.1.4,NA,NA,NA,1,1,NA,10,NA,1.2,NA,1,NA,4,76.8,62.239583333333336
1995,1995-07-01,Canada,2021A000011124,11124,Employment rate,Some high school,Total - Gender,25 to 44 years,63.8,0.638,Percent,239,units,0,v2582744,1.10.3.1.4,NA,NA,NA,1,1,NA,10,NA,1.3,NA,1,NA,4,76.8,83.07291666666667
1995,1995-07-01,Canada,2021A000011124,11124,Employment rate,High school graduate,Total - Gender,25 to 44 years,75.7,0.757,Percent,239,units,0,v2582745,1.10.4.1.4,NA,NA,NA,1,1,NA,10,NA,1.4,NA,1,NA,4,76.8,98.56770833333334
1995,1995-07-01,Canada,2021A000011124,11124,Employment rate,University degree,Total - Gender,25 to 44 years,86.4,0.8640000000000001,Percent,239,units,0,v2582748,1.10.7.1.4,NA,NA,NA,1,1,NA,10,NA,1.7,NA,1,NA,4,76.8,112.5
1996,1996-07-01,Canada,2021A000011124,11124,Population,0 to 8  years,Total - Gender,25 to 44 years,378.5,378500,Persons in thousands,428,thousands,3,v2582662,1.1.2.1.4,NA,NA,NA,1,1,NA,1,NA,1.2,NA,1,NA,4,9498.5,3.9848397115334
1996,1996-07-01,Canada,2021A000011124,11124,Population,Some high school,Total - Gender,25 to 44 years,1241.9,1241900,Persons in thousands,428,thousands,3,v2582663,1.1.3.1.4,NA,NA,NA,1,1,NA,1,NA,1.3,NA,1,NA,4,9498.5,13.074696004632312
1996,1996-07-01,Canada,2021A000011124,11124,Population,High school graduate,Total - Gender,25 to 44 years,2155.3,2155300,Persons in thousands,428,thousands,3,v2582664,1.1.4.1.4,NA,NA,NA,1,1,NA,1,NA,1.4,NA,1,NA,4,9498.5,22.690951202821502
1996,1996-07-01,Canada,2021A000011124,11124,Population,University degree,Total - Gender,25 to 44 years,1785.3,1785300,Persons in thousands,428,thousands,3,v2582667,1.1.7.1.4,NA,NA,NA,1,1,NA,1,NA,1.7,NA,1,NA,4,9498.5,18.795599305153445
1996,1996-07-01,Canada,2021A000011124,11124,Labour force,0 to 8  years,Total - Gender,25 to 44 years,219.9,219900,Persons in thousands,428,thousands,3,v2582671,1.2.2.1.4,NA,NA,NA,1,1,NA,1.2,NA,1.2,NA,1,NA,4,8042.6,2.7341904359286797
1996,1996-07-01,Canada,2021A000011124,11124,Labour force,Some high school,Total - Gender,25 to 44 years,939.2,939200,Persons in thousands,428,thousands,3,v2582672,1.2.3.1.4,NA,NA,NA,1,1,NA,1.2,NA,1.3,NA,1,NA,4,8042.6,11.677815631760874
1996,1996-07-01,Canada,2021A000011124,11124,Labour force,High school graduate,Total - Gender,25 to 44 years,1812.2,1812200,Persons in thousands,428,thousands,3,v2582673,1.2.4.1.4,NA,NA,NA,1,1,NA,1.2,NA,1.4,NA,1,NA,4,8042.6,22.532514361027527
1996,1996-07-01,Canada,2021A000011124,11124,Labour force,University degree,Total - Gender,25 to 44 years,1620.2,1620200,Persons in thousands,428,thousands,3,v2582676,1.2.7.1.4,NA,NA,NA,1,1,NA,1.2,NA,1.7,NA,1,NA,4,8042.6,20.145226667992937
1996,1996-07-01,Canada,2021A000011124,11124,Employment,0 to 8  years,Total - Gender,25 to 44 years,177.4,177400,Persons in thousands,428,thousands,3,v2582680,1.3.2.1.4,NA,NA,NA,1,1,NA,1.2.3,NA,1.2,NA,1,NA,4,7307.6,2.427609611910887
1996,1996-07-01,Canada,2021A000011124,11124,Employment,Some high school,Total - Gender,25 to 44 years,791.6,791600,Persons in thousands,428,thousands,3,v2582681,1.3.3.1.4,NA,NA,NA,1,1,NA,1.2.3,NA,1.3,NA,1,NA,4,7307.6,10.832557884941703
1996,1996-07-01,Canada,2021A000011124,11124,Employment,High school graduate,Total - Gender,25 to 44 years,1641.6,1641600,Persons in thousands,428,thousands,3,v2582682,1.3.4.1.4,NA,NA,NA,1,1,NA,1.2.3,NA,1.4,NA,1,NA,4,7307.6,22.464283759373803
1996,1996-07-01,Canada,2021A000011124,11124,Employment,University degree,Total - Gender,25 to 44 years,1531.6,1531600,Persons in thousands,428,thousands,3,v2582685,1.3.7.1.4,NA,NA,NA,1,1,NA,1.2.3,NA,1.7,NA,1,NA,4,7307.6,20.95900158738847
1996,1996-07-01,Canada,2021A000011124,11124,Full-time employment,0 to 8  years,Total - Gender,25 to 44 years,153.3,153300,Persons in thousands,428,thousands,3,v2582689,1.4.2.1.4,NA,NA,NA,1,1,NA,1.2.3.4,NA,1.2,NA,1,NA,4,6329,2.422183599304788
1996,1996-07-01,Canada,2021A000011124,11124,Full-time employment,Some high school,Total - Gender,25 to 44 years,687.5,687500,Persons in thousands,428,thousands,3,v2582690,1.4.3.1.4,NA,NA,NA,1,1,NA,1.2.3.4,NA,1.3,NA,1,NA,4,6329,10.862695528519513
1996,1996-07-01,Canada,2021A000011124,11124,Full-time employment,High school graduate,Total - Gender,25 to 44 years,1413.4,1413400,Persons in thousands,428,thousands,3,v2582691,1.4.4.1.4,NA,NA,NA,1,1,NA,1.2.3.4,NA,1.4,NA,1,NA,4,6329,22.33212197819561
1996,1996-07-01,Canada,2021A000011124,11124,Full-time employment,University degree,Total - Gender,25 to 44 years,1338.1,1338100,Persons in thousands,428,thousands,3,v2582694,1.4.7.1.4,NA,NA,NA,1,1,NA,1.2.3.4,NA,1.7,NA,1,NA,4,6329,21.142360562490126
1996,1996-07-01,Canada,2021A000011124,11124,Part-time employment,0 to 8  years,Total - Gender,25 to 44 years,24.1,24100,Persons in thousands,428,thousands,3,v2582698,1.5.2.1.4,NA,NA,NA,1,1,NA,1.2.3.5,NA,1.2,NA,1,NA,4,978.6,2.462701818924995
1996,1996-07-01,Canada,2021A000011124,11124,Part-time employment,Some high school,Total - Gender,25 to 44 years,104,104000,Persons in thousands,428,thousands,3,v2582699,1.5.3.1.4,NA,NA,NA,1,1,NA,1.2.3.5,NA,1.3,NA,1,NA,4,978.6,10.62742693643981
1996,1996-07-01,Canada,2021A000011124,11124,Part-time employment,High school graduate,Total - Gender,25 to 44 years,228.2,228200,Persons in thousands,428,thousands,3,v2582700,1.5.4.1.4,NA,NA,NA,1,1,NA,1.2.3.5,NA,1.4,NA,1,NA,4,978.6,23.319027181688124
1996,1996-07-01,Canada,2021A000011124,11124,Part-time employment,University degree,Total - Gender,25 to 44 years,193.5,193500,Persons in thousands,428,thousands,3,v2582703,1.5.7.1.4,NA,NA,NA,1,1,NA,1.2.3.5,NA,1.7,NA,1,NA,4,978.6,19.773145309625995
1996,1996-07-01,Canada,2021A000011124,11124,Unemployment,0 to 8  years,Total - Gender,25 to 44 years,42.5,42500,Persons in thousands,428,thousands,3,v2582707,1.6.2.1.4,NA,NA,NA,1,1,NA,1.2.6,NA,1.2,NA,1,NA,4,735,5.782312925170068
1996,1996-07-01,Canada,2021A000011124,11124,Unemployment,Some high school,Total - Gender,25 to 44 years,147.7,147700,Persons in thousands,428,thousands,3,v2582708,1.6.3.1.4,NA,NA,NA,1,1,NA,1.2.6,NA,1.3,NA,1,NA,4,735,20.09523809523809
1996,1996-07-01,Canada,2021A000011124,11124,Unemployment,High school graduate,Total - Gender,25 to 44 years,170.6,170600,Persons in thousands,428,thousands,3,v2582709,1.6.4.1.4,NA,NA,NA,1,1,NA,1.2.6,NA,1.4,NA,1,NA,4,735,23.210884353741495
1996,1996-07-01,Canada,2021A000011124,11124,Unemployment,University degree,Total - Gender,25 to 44 years,88.6,88600,Persons in thousands,428,thousands,3,v2582712,1.6.7.1.4,NA,NA,NA,1,1,NA,1.2.6,NA,1.7,NA,1,NA,4,735,12.054421768707483
1996,1996-07-01,Canada,2021A000011124,11124,Not in labour force,0 to 8  years,Total - Gender,25 to 44 years,158.5,158500,Persons in thousands,428,thousands,3,v2582716,1.7.2.1.4,NA,NA,NA,1,1,NA,1.7,NA,1.2,NA,1,NA,4,1455.9,10.886736726423518
1996,1996-07-01,Canada,2021A000011124,11124,Not in labour force,Some high school,Total - Gender,25 to 44 years,302.6,302600,Persons in thousands,428,thousands,3,v2582717,1.7.3.1.4,NA,NA,NA,1,1,NA,1.7,NA,1.3,NA,1,NA,4,1455.9,20.784394532591524
1996,1996-07-01,Canada,2021A000011124,11124,Not in labour force,High school graduate,Total - Gender,25 to 44 years,343,343000,Persons in thousands,428,thousands,3,v2582718,1.7.4.1.4,NA,NA,NA,1,1,NA,1.7,NA,1.4,NA,1,NA,4,1455.9,23.559310392197265
1996,1996-07-01,Canada,2021A000011124,11124,Not in labour force,University degree,Total - Gender,25 to 44 years,165.1,165100,Persons in thousands,428,thousands,3,v2582721,1.7.7.1.4,NA,NA,NA,1,1,NA,1.7,NA,1.7,NA,1,NA,4,1455.9,11.34006456487396
1996,1996-07-01,Canada,2021A000011124,11124,Unemployment rate,0 to 8  years,Total - Gender,25 to 44 years,19.3,0.193,Percent,239,units,0,v2582725,1.8.2.1.4,NA,NA,NA,1,1,NA,8,NA,1.2,NA,1,NA,4,9.1,212.0879120879121
1996,1996-07-01,Canada,2021A000011124,11124,Unemployment rate,Some high school,Total - Gender,25 to 44 years,15.7,0.157,Percent,239,units,0,v2582726,1.8.3.1.4,NA,NA,NA,1,1,NA,8,NA,1.3,NA,1,NA,4,9.1,172.52747252747253
1996,1996-07-01,Canada,2021A000011124,11124,Unemployment rate,High school graduate,Total - Gender,25 to 44 years,9.4,0.094,Percent,239,units,0,v2582727,1.8.4.1.4,NA,NA,NA,1,1,NA,8,NA,1.4,NA,1,NA,4,9.1,103.2967032967033
1996,1996-07-01,Canada,2021A000011124,11124,Unemployment rate,University degree,Total - Gender,25 to 44 years,5.5,0.055,Percent,239,units,0,v2582730,1.8.7.1.4,NA,NA,NA,1,1,NA,8,NA,1.7,NA,1,NA,4,9.1,60.439560439560445
1996,1996-07-01,Canada,2021A000011124,11124,Participation rate,0 to 8  years,Total - Gender,25 to 44 years,58.1,0.581,Percent,239,units,0,v2582734,1.9.2.1.4,NA,NA,NA,1,1,NA,9,NA,1.2,NA,1,NA,4,84.7,68.59504132231405
1996,1996-07-01,Canada,2021A000011124,11124,Participation rate,Some high school,Total - Gender,25 to 44 years,75.6,0.7559999999999999,Percent,239,units,0,v2582735,1.9.3.1.4,NA,NA,NA,1,1,NA,9,NA,1.3,NA,1,NA,4,84.7,89.25619834710743
1996,1996-07-01,Canada,2021A000011124,11124,Participation rate,High school graduate,Total - Gender,25 to 44 years,84.1,0.841,Percent,239,units,0,v2582736,1.9.4.1.4,NA,NA,NA,1,1,NA,9,NA,1.4,NA,1,NA,4,84.7,99.29161747343565
1996,1996-07-01,Canada,2021A000011124,11124,Participation rate,University degree,Total - Gender,25 to 44 years,90.8,0.9079999999999999,Percent,239,units,0,v2582739,1.9.7.1.4,NA,NA,NA,1,1,NA,9,NA,1.7,NA,1,NA,4,84.7,107.20188902007084
1996,1996-07-01,Canada,2021A000011124,11124,Employment rate,0 to 8  years,Total - Gender,25 to 44 years,46.9,0.469,Percent,239,units,0,v2582743,1.10.2.1.4,NA,NA,NA,1,1,NA,10,NA,1.2,NA,1,NA,4,76.9,60.98829648894668
1996,1996-07-01,Canada,2021A000011124,11124,Employment rate,Some high school,Total - Gender,25 to 44 years,63.7,0.637,Percent,239,units,0,v2582744,1.10.3.1.4,NA,NA,NA,1,1,NA,10,NA,1.3,NA,1,NA,4,76.9,82.83485045513653
1996,1996-07-01,Canada,2021A000011124,11124,Employment rate,High school graduate,Total - Gender,25 to 44 years,76.2,0.762,Percent,239,units,0,v2582745,1.10.4.1.4,NA,NA,NA,1,1,NA,10,NA,1.4,NA,1,NA,4,76.9,99.08972691807541
1996,1996-07-01,Canada,2021A000011124,11124,Employment rate,University degree,Total - Gender,25 to 44 years,85.8,0.858,Percent,239,units,0,v2582748,1.10.7.1.4,NA,NA,NA,1,1,NA,10,NA,1.7,NA,1,NA,4,76.9,111.57347204161248
1997,1997-07-01,Canada,2021A000011124,11124,Population,0 to 8  years,Total - Gender,25 to 44 years,345.5,345500,Persons in thousands,428,thousands,3,v2582662,1.1.2.1.4,NA,NA,NA,1,1,NA,1,NA,1.2,NA,1,NA,4,9504.6,3.6350819603139533
1997,1997-07-01,Canada,2021A000011124,11124,Population,Some high school,Total - Gender,25 to 44 years,1190.1,1190100,Persons in thousands,428,thousands,3,v2582663,1.1.3.1.4,NA,NA,NA,1,1,NA,1,NA,1.3,NA,1,NA,4,9504.6,12.52130547313932
1997,1997-07-01,Canada,2021A000011124,11124,Population,High school graduate,Total - Gender,25 to 44 years,1999.8,1999800,Persons in thousands,428,thousands,3,v2582664,1.1.4.1.4,NA,NA,NA,1,1,NA,1,NA,1.4,NA,1,NA,4,9504.6,21.040338362477115
1997,1997-07-01,Canada,2021A000011124,11124,Population,University degree,Total - Gender,25 to 44 years,1842.4,1842400,Persons in thousands,428,thousands,3,v2582667,1.1.7.1.4,NA,NA,NA,1,1,NA,1,NA,1.7,NA,1,NA,4,9504.6,19.38429812932685
1997,1997-07-01,Canada,2021A000011124,11124,Labour force,0 to 8  years,Total - Gender,25 to 44 years,203.3,203300,Persons in thousands,428,thousands,3,v2582671,1.2.2.1.4,NA,NA,NA,1,1,NA,1.2,NA,1.2,NA,1,NA,4,8097.1,2.510775462820022
1997,1997-07-01,Canada,2021A000011124,11124,Labour force,Some high school,Total - Gender,25 to 44 years,899,899000,Persons in thousands,428,thousands,3,v2582672,1.2.3.1.4,NA,NA,NA,1,1,NA,1.2,NA,1.3,NA,1,NA,4,8097.1,11.102740487334971
1997,1997-07-01,Canada,2021A000011124,11124,Labour force,High school graduate,Total - Gender,25 to 44 years,1691.8,1691800,Persons in thousands,428,thousands,3,v2582673,1.2.4.1.4,NA,NA,NA,1,1,NA,1.2,NA,1.4,NA,1,NA,4,8097.1,20.893900285287323
1997,1997-07-01,Canada,2021A000011124,11124,Labour force,University degree,Total - Gender,25 to 44 years,1669.8,1669800,Persons in thousands,428,thousands,3,v2582676,1.2.7.1.4,NA,NA,NA,1,1,NA,1.2,NA,1.7,NA,1,NA,4,8097.1,20.622198070914276
1997,1997-07-01,Canada,2021A000011124,11124,Employment,0 to 8  years,Total - Gender,25 to 44 years,162.9,162900,Persons in thousands,428,thousands,3,v2582680,1.3.2.1.4,NA,NA,NA,1,1,NA,1.2.3,NA,1.2,NA,1,NA,4,7423.8,2.194294027317546
1997,1997-07-01,Canada,2021A000011124,11124,Employment,Some high school,Total - Gender,25 to 44 years,769.2,769200,Persons in thousands,428,thousands,3,v2582681,1.3.3.1.4,NA,NA,NA,1,1,NA,1.2.3,NA,1.3,NA,1,NA,4,7423.8,10.361270508364989
1997,1997-07-01,Canada,2021A000011124,11124,Employment,High school graduate,Total - Gender,25 to 44 years,1551.5,1551500,Persons in thousands,428,thousands,3,v2582682,1.3.4.1.4,NA,NA,NA,1,1,NA,1.2.3,NA,1.4,NA,1,NA,4,7423.8,20.899000511867236
1997,1997-07-01,Canada,2021A000011124,11124,Employment,University degree,Total - Gender,25 to 44 years,1586.1,1586100,Persons in thousands,428,thousands,3,v2582685,1.3.7.1.4,NA,NA,NA,1,1,NA,1.2.3,NA,1.7,NA,1,NA,4,7423.8,21.365069102077104
1997,1997-07-01,Canada,2021A000011124,11124,Full-time employment,0 to 8  years,Total - Gender,25 to 44 years,143.8,143800,Persons in thousands,428,thousands,3,v2582689,1.4.2.1.4,NA,NA,NA,1,1,NA,1.2.3.4,NA,1.2,NA,1,NA,4,6416.1,2.241236888452487
1997,1997-07-01,Canada,2021A000011124,11124,Full-time employment,Some high school,Total - Gender,25 to 44 years,664.9,664900,Persons in thousands,428,thousands,3,v2582690,1.4.3.1.4,NA,NA,NA,1,1,NA,1.2.3.4,NA,1.3,NA,1,NA,4,6416.1,10.362993095494147
1997,1997-07-01,Canada,2021A000011124,11124,Full-time employment,High school graduate,Total - Gender,25 to 44 years,1341.3,1341300,Persons in thousands,428,thousands,3,v2582691,1.4.4.1.4,NA,NA,NA,1,1,NA,1.2.3.4,NA,1.4,NA,1,NA,4,6416.1,20.905222798896524
1997,1997-07-01,Canada,2021A000011124,11124,Full-time employment,University degree,Total - Gender,25 to 44 years,1374,1374000,Persons in thousands,428,thousands,3,v2582694,1.4.7.1.4,NA,NA,NA,1,1,NA,1.2.3.4,NA,1.7,NA,1,NA,4,6416.1,21.41487819703558
1997,1997-07-01,Canada,2021A000011124,11124,Part-time employment,0 to 8  years,Total - Gender,25 to 44 years,19.1,19100,Persons in thousands,428,thousands,3,v2582698,1.5.2.1.4,NA,NA,NA,1,1,NA,1.2.3.5,NA,1.2,NA,1,NA,4,1007.6,1.8955934894799527
1997,1997-07-01,Canada,2021A000011124,11124,Part-time employment,Some high school,Total - Gender,25 to 44 years,104.4,104400,Persons in thousands,428,thousands,3,v2582699,1.5.3.1.4,NA,NA,NA,1,1,NA,1.2.3.5,NA,1.3,NA,1,NA,4,1007.6,10.361254466057959
1997,1997-07-01,Canada,2021A000011124,11124,Part-time employment,High school graduate,Total - Gender,25 to 44 years,210.2,210200,Persons in thousands,428,thousands,3,v2582700,1.5.4.1.4,NA,NA,NA,1,1,NA,1.2.3.5,NA,1.4,NA,1,NA,4,1007.6,20.861452957522825
1997,1997-07-01,Canada,2021A000011124,11124,Part-time employment,University degree,Total - Gender,25 to 44 years,212.1,212100,Persons in thousands,428,thousands,3,v2582703,1.5.7.1.4,NA,NA,NA,1,1,NA,1.2.3.5,NA,1.7,NA,1,NA,4,1007.6,21.050019849146487
1997,1997-07-01,Canada,2021A000011124,11124,Unemployment,0 to 8  years,Total - Gender,25 to 44 years,40.4,40400,Persons in thousands,428,thousands,3,v2582707,1.6.2.1.4,NA,NA,NA,1,1,NA,1.2.6,NA,1.2,NA,1,NA,4,673.4,5.999405999405999
1997,1997-07-01,Canada,2021A000011124,11124,Unemployment,Some high school,Total - Gender,25 to 44 years,129.8,129800.00000000001,Persons in thousands,428,thousands,3,v2582708,1.6.3.1.4,NA,NA,NA,1,1,NA,1.2.6,NA,1.3,NA,1,NA,4,673.4,19.27531927531928
1997,1997-07-01,Canada,2021A000011124,11124,Unemployment,High school graduate,Total - Gender,25 to 44 years,140.3,140300,Persons in thousands,428,thousands,3,v2582709,1.6.4.1.4,NA,NA,NA,1,1,NA,1.2.6,NA,1.4,NA,1,NA,4,673.4,20.834570834570837
1997,1997-07-01,Canada,2021A000011124,11124,Unemployment,University degree,Total - Gender,25 to 44 years,83.6,83600,Persons in thousands,428,thousands,3,v2582712,1.6.7.1.4,NA,NA,NA,1,1,NA,1.2.6,NA,1.7,NA,1,NA,4,673.4,12.414612414612415
1997,1997-07-01,Canada,2021A000011124,11124,Not in labour force,0 to 8  years,Total - Gender,25 to 44 years,142.2,142200,Persons in thousands,428,thousands,3,v2582716,1.7.2.1.4,NA,NA,NA,1,1,NA,1.7,NA,1.2,NA,1,NA,4,1407.5,10.103019538188276
1997,1997-07-01,Canada,2021A000011124,11124,Not in labour force,Some high school,Total - Gender,25 to 44 years,291.1,291100,Persons in thousands,428,thousands,3,v2582717,1.7.3.1.4,NA,NA,NA,1,1,NA,1.7,NA,1.3,NA,1,NA,4,1407.5,20.68206039076377
1997,1997-07-01,Canada,2021A000011124,11124,Not in labour force,High school graduate,Total - Gender,25 to 44 years,308,308000,Persons in thousands,428,thousands,3,v2582718,1.7.4.1.4,NA,NA,NA,1,1,NA,1.7,NA,1.4,NA,1,NA,4,1407.5,21.882770870337477
1997,1997-07-01,Canada,2021A000011124,11124,Not in labour force,University degree,Total - Gender,25 to 44 years,172.6,172600,Persons in thousands,428,thousands,3,v2582721,1.7.7.1.4,NA,NA,NA,1,1,NA,1.7,NA,1.7,NA,1,NA,4,1407.5,12.262877442273535
1997,1997-07-01,Canada,2021A000011124,11124,Unemployment rate,0 to 8  years,Total - Gender,25 to 44 years,19.9,0.19899999999999998,Percent,239,units,0,v2582725,1.8.2.1.4,NA,NA,NA,1,1,NA,8,NA,1.2,NA,1,NA,4,8.3,239.75903614457826
1997,1997-07-01,Canada,2021A000011124,11124,Unemployment rate,Some high school,Total - Gender,25 to 44 years,14.4,0.14400000000000002,Percent,239,units,0,v2582726,1.8.3.1.4,NA,NA,NA,1,1,NA,8,NA,1.3,NA,1,NA,4,8.3,173.49397590361446
1997,1997-07-01,Canada,2021A000011124,11124,Unemployment rate,High school graduate,Total - Gender,25 to 44 years,8.3,0.083,Percent,239,units,0,v2582727,1.8.4.1.4,NA,NA,NA,1,1,NA,8,NA,1.4,NA,1,NA,4,8.3,100
1997,1997-07-01,Canada,2021A000011124,11124,Unemployment rate,University degree,Total - Gender,25 to 44 years,5,0.05,Percent,239,units,0,v2582730,1.8.7.1.4,NA,NA,NA,1,1,NA,8,NA,1.7,NA,1,NA,4,8.3,60.24096385542168
1997,1997-07-01,Canada,2021A000011124,11124,Participation rate,0 to 8  years,Total - Gender,25 to 44 years,58.8,0.588,Percent,239,units,0,v2582734,1.9.2.1.4,NA,NA,NA,1,1,NA,9,NA,1.2,NA,1,NA,4,85.2,69.01408450704226
1997,1997-07-01,Canada,2021A000011124,11124,Participation rate,Some high school,Total - Gender,25 to 44 years,75.5,0.755,Percent,239,units,0,v2582735,1.9.3.1.4,NA,NA,NA,1,1,NA,9,NA,1.3,NA,1,NA,4,85.2,88.6150234741784
1997,1997-07-01,Canada,2021A000011124,11124,Participation rate,High school graduate,Total - Gender,25 to 44 years,84.6,0.846,Percent,239,units,0,v2582736,1.9.4.1.4,NA,NA,NA,1,1,NA,9,NA,1.4,NA,1,NA,4,85.2,99.29577464788733
1997,1997-07-01,Canada,2021A000011124,11124,Participation rate,University degree,Total - Gender,25 to 44 years,90.6,0.9059999999999999,Percent,239,units,0,v2582739,1.9.7.1.4,NA,NA,NA,1,1,NA,9,NA,1.7,NA,1,NA,4,85.2,106.33802816901408
1997,1997-07-01,Canada,2021A000011124,11124,Employment rate,0 to 8  years,Total - Gender,25 to 44 years,47.1,0.47100000000000003,Percent,239,units,0,v2582743,1.10.2.1.4,NA,NA,NA,1,1,NA,10,NA,1.2,NA,1,NA,4,78.1,60.30729833546735
1997,1997-07-01,Canada,2021A000011124,11124,Employment rate,Some high school,Total - Gender,25 to 44 years,64.6,0.6459999999999999,Percent,239,units,0,v2582744,1.10.3.1.4,NA,NA,NA,1,1,NA,10,NA,1.3,NA,1,NA,4,78.1,82.71446862996159
1997,1997-07-01,Canada,2021A000011124,11124,Employment rate,High school graduate,Total - Gender,25 to 44 years,77.6,0.7759999999999999,Percent,239,units,0,v2582745,1.10.4.1.4,NA,NA,NA,1,1,NA,10,NA,1.4,NA,1,NA,4,78.1,99.35979513444302
1997,1997-07-01,Canada,2021A000011124,11124,Employment rate,University degree,Total - Gender,25 to 44 years,86.1,0.861,Percent,239,units,0,v2582748,1.10.7.1.4,NA,NA,NA,1,1,NA,10,NA,1.7,NA,1,NA,4,78.1,110.24327784891166
1998,1998-07-01,Canada,2021A000011124,11124,Population,0 to 8  years,Total - Gender,25 to 44 years,330.6,330600,Persons in thousands,428,thousands,3,v2582662,1.1.2.1.4,NA,NA,NA,1,1,NA,1,NA,1.2,NA,1,NA,4,9479,3.4877096740162465
1998,1998-07-01,Canada,2021A000011124,11124,Population,Some high school,Total - Gender,25 to 44 years,1140.3,1140300,Persons in thousands,428,thousands,3,v2582663,1.1.3.1.4,NA,NA,NA,1,1,NA,1,NA,1.3,NA,1,NA,4,9479,12.02974997362591
1998,1998-07-01,Canada,2021A000011124,11124,Population,High school graduate,Total - Gender,25 to 44 years,1986,1986000,Persons in thousands,428,thousands,3,v2582664,1.1.4.1.4,NA,NA,NA,1,1,NA,1,NA,1.4,NA,1,NA,4,9479,20.951577170587615
1998,1998-07-01,Canada,2021A000011124,11124,Population,University degree,Total - Gender,25 to 44 years,1891.5,1891500,Persons in thousands,428,thousands,3,v2582667,1.1.7.1.4,NA,NA,NA,1,1,NA,1,NA,1.7,NA,1,NA,4,9479,19.954636565038506
1998,1998-07-01,Canada,2021A000011124,11124,Labour force,0 to 8  years,Total - Gender,25 to 44 years,200.4,200400,Persons in thousands,428,thousands,3,v2582671,1.2.2.1.4,NA,NA,NA,1,1,NA,1.2,NA,1.2,NA,1,NA,4,8114.3,2.469713961771194
1998,1998-07-01,Canada,2021A000011124,11124,Labour force,Some high school,Total - Gender,25 to 44 years,867.2,867200,Persons in thousands,428,thousands,3,v2582672,1.2.3.1.4,NA,NA,NA,1,1,NA,1.2,NA,1.3,NA,1,NA,4,8114.3,10.68730512798393
1998,1998-07-01,Canada,2021A000011124,11124,Labour force,High school graduate,Total - Gender,25 to 44 years,1672.9,1672900,Persons in thousands,428,thousands,3,v2582673,1.2.4.1.4,NA,NA,NA,1,1,NA,1.2,NA,1.4,NA,1,NA,4,8114.3,20.6166890551249
1998,1998-07-01,Canada,2021A000011124,11124,Labour force,University degree,Total - Gender,25 to 44 years,1726.2,1726200,Persons in thousands,428,thousands,3,v2582676,1.2.7.1.4,NA,NA,NA,1,1,NA,1.2,NA,1.7,NA,1,NA,4,8114.3,21.273554095855463
1998,1998-07-01,Canada,2021A000011124,11124,Employment,0 to 8  years,Total - Gender,25 to 44 years,164.3,164300,Persons in thousands,428,thousands,3,v2582680,1.3.2.1.4,NA,NA,NA,1,1,NA,1.2.3,NA,1.2,NA,1,NA,4,7512.9,2.1869051897403136
1998,1998-07-01,Canada,2021A000011124,11124,Employment,Some high school,Total - Gender,25 to 44 years,750.2,750200,Persons in thousands,428,thousands,3,v2582681,1.3.3.1.4,NA,NA,NA,1,1,NA,1.2.3,NA,1.3,NA,1,NA,4,7512.9,9.985491621078411
1998,1998-07-01,Canada,2021A000011124,11124,Employment,High school graduate,Total - Gender,25 to 44 years,1547.1,1547100,Persons in thousands,428,thousands,3,v2582682,1.3.4.1.4,NA,NA,NA,1,1,NA,1.2.3,NA,1.4,NA,1,NA,4,7512.9,20.592580761090925
1998,1998-07-01,Canada,2021A000011124,11124,Employment,University degree,Total - Gender,25 to 44 years,1653.6,1653600,Persons in thousands,428,thousands,3,v2582685,1.3.7.1.4,NA,NA,NA,1,1,NA,1.2.3,NA,1.7,NA,1,NA,4,7512.9,22.010142554805736
1998,1998-07-01,Canada,2021A000011124,11124,Full-time employment,0 to 8  years,Total - Gender,25 to 44 years,142.5,142500,Persons in thousands,428,thousands,3,v2582689,1.4.2.1.4,NA,NA,NA,1,1,NA,1.2.3.4,NA,1.2,NA,1,NA,4,6526.5,2.183406113537118
1998,1998-07-01,Canada,2021A000011124,11124,Full-time employment,Some high school,Total - Gender,25 to 44 years,652.8,652800,Persons in thousands,428,thousands,3,v2582690,1.4.3.1.4,NA,NA,NA,1,1,NA,1.2.3.4,NA,1.3,NA,1,NA,4,6526.5,10.002298322224775
1998,1998-07-01,Canada,2021A000011124,11124,Full-time employment,High school graduate,Total - Gender,25 to 44 years,1345,1345000,Persons in thousands,428,thousands,3,v2582691,1.4.4.1.4,NA,NA,NA,1,1,NA,1.2.3.4,NA,1.4,NA,1,NA,4,6526.5,20.608289282157358
1998,1998-07-01,Canada,2021A000011124,11124,Full-time employment,University degree,Total - Gender,25 to 44 years,1453,1453000,Persons in thousands,428,thousands,3,v2582694,1.4.7.1.4,NA,NA,NA,1,1,NA,1.2.3.4,NA,1.7,NA,1,NA,4,6526.5,22.263081283996016
1998,1998-07-01,Canada,2021A000011124,11124,Part-time employment,0 to 8  years,Total - Gender,25 to 44 years,21.8,21800,Persons in thousands,428,thousands,3,v2582698,1.5.2.1.4,NA,NA,NA,1,1,NA,1.2.3.5,NA,1.2,NA,1,NA,4,986.4,2.2100567721005677
1998,1998-07-01,Canada,2021A000011124,11124,Part-time employment,Some high school,Total - Gender,25 to 44 years,97.4,97400,Persons in thousands,428,thousands,3,v2582699,1.5.3.1.4,NA,NA,NA,1,1,NA,1.2.3.5,NA,1.3,NA,1,NA,4,986.4,9.874290348742903
1998,1998-07-01,Canada,2021A000011124,11124,Part-time employment,High school graduate,Total - Gender,25 to 44 years,202.1,202100,Persons in thousands,428,thousands,3,v2582700,1.5.4.1.4,NA,NA,NA,1,1,NA,1.2.3.5,NA,1.4,NA,1,NA,4,986.4,20.488645579886455
1998,1998-07-01,Canada,2021A000011124,11124,Part-time employment,University degree,Total - Gender,25 to 44 years,200.7,200700,Persons in thousands,428,thousands,3,v2582703,1.5.7.1.4,NA,NA,NA,1,1,NA,1.2.3.5,NA,1.7,NA,1,NA,4,986.4,20.346715328467155
1998,1998-07-01,Canada,2021A000011124,11124,Unemployment,0 to 8  years,Total - Gender,25 to 44 years,36,36000,Persons in thousands,428,thousands,3,v2582707,1.6.2.1.4,NA,NA,NA,1,1,NA,1.2.6,NA,1.2,NA,1,NA,4,601.4,5.986032590621883
1998,1998-07-01,Canada,2021A000011124,11124,Unemployment,Some high school,Total - Gender,25 to 44 years,117,117000,Persons in thousands,428,thousands,3,v2582708,1.6.3.1.4,NA,NA,NA,1,1,NA,1.2.6,NA,1.3,NA,1,NA,4,601.4,19.454605919521118
1998,1998-07-01,Canada,2021A000011124,11124,Unemployment,High school graduate,Total - Gender,25 to 44 years,125.8,125800,Persons in thousands,428,thousands,3,v2582709,1.6.4.1.4,NA,NA,NA,1,1,NA,1.2.6,NA,1.4,NA,1,NA,4,601.4,20.917858330562023
1998,1998-07-01,Canada,2021A000011124,11124,Unemployment,University degree,Total - Gender,25 to 44 years,72.5,72500,Persons in thousands,428,thousands,3,v2582712,1.6.7.1.4,NA,NA,NA,1,1,NA,1.2.6,NA,1.7,NA,1,NA,4,601.4,12.05520452278018
1998,1998-07-01,Canada,2021A000011124,11124,Not in labour force,0 to 8  years,Total - Gender,25 to 44 years,130.3,130300.00000000001,Persons in thousands,428,thousands,3,v2582716,1.7.2.1.4,NA,NA,NA,1,1,NA,1.7,NA,1.2,NA,1,NA,4,1364.8,9.547186400937868
1998,1998-07-01,Canada,2021A000011124,11124,Not in labour force,Some high school,Total - Gender,25 to 44 years,273.1,273100,Persons in thousands,428,thousands,3,v2582717,1.7.3.1.4,NA,NA,NA,1,1,NA,1.7,NA,1.3,NA,1,NA,4,1364.8,20.010257913247365
1998,1998-07-01,Canada,2021A000011124,11124,Not in labour force,High school graduate,Total - Gender,25 to 44 years,313.1,313100,Persons in thousands,428,thousands,3,v2582718,1.7.4.1.4,NA,NA,NA,1,1,NA,1.7,NA,1.4,NA,1,NA,4,1364.8,22.94109026963658
1998,1998-07-01,Canada,2021A000011124,11124,Not in labour force,University degree,Total - Gender,25 to 44 years,165.3,165300,Persons in thousands,428,thousands,3,v2582721,1.7.7.1.4,NA,NA,NA,1,1,NA,1.7,NA,1.7,NA,1,NA,4,1364.8,12.11166471277843
1998,1998-07-01,Canada,2021A000011124,11124,Unemployment rate,0 to 8  years,Total - Gender,25 to 44 years,18,0.18,Percent,239,units,0,v2582725,1.8.2.1.4,NA,NA,NA,1,1,NA,8,NA,1.2,NA,1,NA,4,7.4,243.24324324324323
1998,1998-07-01,Canada,2021A000011124,11124,Unemployment rate,Some high school,Total - Gender,25 to 44 years,13.5,0.135,Percent,239,units,0,v2582726,1.8.3.1.4,NA,NA,NA,1,1,NA,8,NA,1.3,NA,1,NA,4,7.4,182.43243243243242
1998,1998-07-01,Canada,2021A000011124,11124,Unemployment rate,High school graduate,Total - Gender,25 to 44 years,7.5,0.075,Percent,239,units,0,v2582727,1.8.4.1.4,NA,NA,NA,1,1,NA,8,NA,1.4,NA,1,NA,4,7.4,101.35135135135134
1998,1998-07-01,Canada,2021A000011124,11124,Unemployment rate,University degree,Total - Gender,25 to 44 years,4.2,0.042,Percent,239,units,0,v2582730,1.8.7.1.4,NA,NA,NA,1,1,NA,8,NA,1.7,NA,1,NA,4,7.4,56.75675675675675
1998,1998-07-01,Canada,2021A000011124,11124,Participation rate,0 to 8  years,Total - Gender,25 to 44 years,60.6,0.606,Percent,239,units,0,v2582734,1.9.2.1.4,NA,NA,NA,1,1,NA,9,NA,1.2,NA,1,NA,4,85.6,70.7943925233645
1998,1998-07-01,Canada,2021A000011124,11124,Participation rate,Some high school,Total - Gender,25 to 44 years,76.1,0.7609999999999999,Percent,239,units,0,v2582735,1.9.3.1.4,NA,NA,NA,1,1,NA,9,NA,1.3,NA,1,NA,4,85.6,88.9018691588785
1998,1998-07-01,Canada,2021A000011124,11124,Participation rate,High school graduate,Total - Gender,25 to 44 years,84.2,0.8420000000000001,Percent,239,units,0,v2582736,1.9.4.1.4,NA,NA,NA,1,1,NA,9,NA,1.4,NA,1,NA,4,85.6,98.36448598130842
1998,1998-07-01,Canada,2021A000011124,11124,Participation rate,University degree,Total - Gender,25 to 44 years,91.3,0.9129999999999999,Percent,239,units,0,v2582739,1.9.7.1.4,NA,NA,NA,1,1,NA,9,NA,1.7,NA,1,NA,4,85.6,106.6588785046729
1998,1998-07-01,Canada,2021A000011124,11124,Employment rate,0 to 8  years,Total - Gender,25 to 44 years,49.7,0.49700000000000005,Percent,239,units,0,v2582743,1.10.2.1.4,NA,NA,NA,1,1,NA,10,NA,1.2,NA,1,NA,4,79.3,62.6733921815889
1998,1998-07-01,Canada,2021A000011124,11124,Employment rate,Some high school,Total - Gender,25 to 44 years,65.8,0.6579999999999999,Percent,239,units,0,v2582744,1.10.3.1.4,NA,NA,NA,1,1,NA,10,NA,1.3,NA,1,NA,4,79.3,82.97604035308953
1998,1998-07-01,Canada,2021A000011124,11124,Employment rate,High school graduate,Total - Gender,25 to 44 years,77.9,0.779,Percent,239,units,0,v2582745,1.10.4.1.4,NA,NA,NA,1,1,NA,10,NA,1.4,NA,1,NA,4,79.3,98.234552332913
1998,1998-07-01,Canada,2021A000011124,11124,Employment rate,University degree,Total - Gender,25 to 44 years,87.4,0.8740000000000001,Percent,239,units,0,v2582748,1.10.7.1.4,NA,NA,NA,1,1,NA,10,NA,1.7,NA,1,NA,4,79.3,110.21437578814628
1999,1999-07-01,Canada,2021A000011124,11124,Population,0 to 8  years,Total - Gender,25 to 44 years,314.3,314300,Persons in thousands,428,thousands,3,v2582662,1.1.2.1.4,NA,NA,NA,1,1,NA,1,NA,1.2,NA,1,NA,4,9427.4,3.333899060186266
1999,1999-07-01,Canada,2021A000011124,11124,Population,Some high school,Total - Gender,25 to 44 years,1103.6,1103600,Persons in thousands,428,thousands,3,v2582663,1.1.3.1.4,NA,NA,NA,1,1,NA,1,NA,1.3,NA,1,NA,4,9427.4,11.70630290430023
1999,1999-07-01,Canada,2021A000011124,11124,Population,High school graduate,Total - Gender,25 to 44 years,1971.1,1971100,Persons in thousands,428,thousands,3,v2582664,1.1.4.1.4,NA,NA,NA,1,1,NA,1,NA,1.4,NA,1,NA,4,9427.4,20.908203746526084
1999,1999-07-01,Canada,2021A000011124,11124,Population,University degree,Total - Gender,25 to 44 years,1930.7,1930700,Persons in thousands,428,thousands,3,v2582667,1.1.7.1.4,NA,NA,NA,1,1,NA,1,NA,1.7,NA,1,NA,4,9427.4,20.47966565542992
1999,1999-07-01,Canada,2021A000011124,11124,Labour force,0 to 8  years,Total - Gender,25 to 44 years,187.3,187300,Persons in thousands,428,thousands,3,v2582671,1.2.2.1.4,NA,NA,NA,1,1,NA,1.2,NA,1.2,NA,1,NA,4,8096.1,2.3134595669519893
1999,1999-07-01,Canada,2021A000011124,11124,Labour force,Some high school,Total - Gender,25 to 44 years,845.4,845400,Persons in thousands,428,thousands,3,v2582672,1.2.3.1.4,NA,NA,NA,1,1,NA,1.2,NA,1.3,NA,1,NA,4,8096.1,10.442064697817468
1999,1999-07-01,Canada,2021A000011124,11124,Labour force,High school graduate,Total - Gender,25 to 44 years,1672.7,1672700,Persons in thousands,428,thousands,3,v2582673,1.2.4.1.4,NA,NA,NA,1,1,NA,1.2,NA,1.4,NA,1,NA,4,8096.1,20.66056496337743
1999,1999-07-01,Canada,2021A000011124,11124,Labour force,University degree,Total - Gender,25 to 44 years,1756,1756000,Persons in thousands,428,thousands,3,v2582676,1.2.7.1.4,NA,NA,NA,1,1,NA,1.2,NA,1.7,NA,1,NA,4,8096.1,21.68945541680562
1999,1999-07-01,Canada,2021A000011124,11124,Employment,0 to 8  years,Total - Gender,25 to 44 years,157.2,157200,Persons in thousands,428,thousands,3,v2582680,1.3.2.1.4,NA,NA,NA,1,1,NA,1.2.3,NA,1.2,NA,1,NA,4,7548.3,2.0825881324271687
1999,1999-07-01,Canada,2021A000011124,11124,Employment,Some high school,Total - Gender,25 to 44 years,742.3,742300,Persons in thousands,428,thousands,3,v2582681,1.3.3.1.4,NA,NA,NA,1,1,NA,1.2.3,NA,1.3,NA,1,NA,4,7548.3,9.834002358146867
1999,1999-07-01,Canada,2021A000011124,11124,Employment,High school graduate,Total - Gender,25 to 44 years,1557.3,1557300,Persons in thousands,428,thousands,3,v2582682,1.3.4.1.4,NA,NA,NA,1,1,NA,1.2.3,NA,1.4,NA,1,NA,4,7548.3,20.631135487460753
1999,1999-07-01,Canada,2021A000011124,11124,Employment,University degree,Total - Gender,25 to 44 years,1681,1681000,Persons in thousands,428,thousands,3,v2582685,1.3.7.1.4,NA,NA,NA,1,1,NA,1.2.3,NA,1.7,NA,1,NA,4,7548.3,22.269915080216737
1999,1999-07-01,Canada,2021A000011124,11124,Full-time employment,0 to 8  years,Total - Gender,25 to 44 years,139.4,139400,Persons in thousands,428,thousands,3,v2582689,1.4.2.1.4,NA,NA,NA,1,1,NA,1.2.3.4,NA,1.2,NA,1,NA,4,6587.9,2.1160005464563825
1999,1999-07-01,Canada,2021A000011124,11124,Full-time employment,Some high school,Total - Gender,25 to 44 years,652.8,652800,Persons in thousands,428,thousands,3,v2582690,1.4.3.1.4,NA,NA,NA,1,1,NA,1.2.3.4,NA,1.3,NA,1,NA,4,6587.9,9.90907572974696
1999,1999-07-01,Canada,2021A000011124,11124,Full-time employment,High school graduate,Total - Gender,25 to 44 years,1354.1,1354100,Persons in thousands,428,thousands,3,v2582691,1.4.4.1.4,NA,NA,NA,1,1,NA,1.2.3.4,NA,1.4,NA,1,NA,4,6587.9,20.554349641008518
1999,1999-07-01,Canada,2021A000011124,11124,Full-time employment,University degree,Total - Gender,25 to 44 years,1475.7,1475700,Persons in thousands,428,thousands,3,v2582694,1.4.7.1.4,NA,NA,NA,1,1,NA,1.2.3.4,NA,1.7,NA,1,NA,4,6587.9,22.400157865177068
1999,1999-07-01,Canada,2021A000011124,11124,Part-time employment,0 to 8  years,Total - Gender,25 to 44 years,17.9,17900,Persons in thousands,428,thousands,3,v2582698,1.5.2.1.4,NA,NA,NA,1,1,NA,1.2.3.5,NA,1.2,NA,1,NA,4,960.5,1.863612701717855
1999,1999-07-01,Canada,2021A000011124,11124,Part-time employment,Some high school,Total - Gender,25 to 44 years,89.5,89500,Persons in thousands,428,thousands,3,v2582699,1.5.3.1.4,NA,NA,NA,1,1,NA,1.2.3.5,NA,1.3,NA,1,NA,4,960.5,9.318063508589276
1999,1999-07-01,Canada,2021A000011124,11124,Part-time employment,High school graduate,Total - Gender,25 to 44 years,203.2,203200,Persons in thousands,428,thousands,3,v2582700,1.5.4.1.4,NA,NA,NA,1,1,NA,1.2.3.5,NA,1.4,NA,1,NA,4,960.5,21.155648099947943
1999,1999-07-01,Canada,2021A000011124,11124,Part-time employment,University degree,Total - Gender,25 to 44 years,205.4,205400,Persons in thousands,428,thousands,3,v2582703,1.5.7.1.4,NA,NA,NA,1,1,NA,1.2.3.5,NA,1.7,NA,1,NA,4,960.5,21.3846954711088
1999,1999-07-01,Canada,2021A000011124,11124,Unemployment,0 to 8  years,Total - Gender,25 to 44 years,30.1,30100,Persons in thousands,428,thousands,3,v2582707,1.6.2.1.4,NA,NA,NA,1,1,NA,1.2.6,NA,1.2,NA,1,NA,4,547.8,5.494706097115736
1999,1999-07-01,Canada,2021A000011124,11124,Unemployment,Some high school,Total - Gender,25 to 44 years,103,103000,Persons in thousands,428,thousands,3,v2582708,1.6.3.1.4,NA,NA,NA,1,1,NA,1.2.6,NA,1.3,NA,1,NA,4,547.8,18.802482657904346
1999,1999-07-01,Canada,2021A000011124,11124,Unemployment,High school graduate,Total - Gender,25 to 44 years,115.5,115500,Persons in thousands,428,thousands,3,v2582709,1.6.4.1.4,NA,NA,NA,1,1,NA,1.2.6,NA,1.4,NA,1,NA,4,547.8,21.084337349397593
1999,1999-07-01,Canada,2021A000011124,11124,Unemployment,University degree,Total - Gender,25 to 44 years,75,75000,Persons in thousands,428,thousands,3,v2582712,1.6.7.1.4,NA,NA,NA,1,1,NA,1.2.6,NA,1.7,NA,1,NA,4,547.8,13.691128148959475
1999,1999-07-01,Canada,2021A000011124,11124,Not in labour force,0 to 8  years,Total - Gender,25 to 44 years,126.9,126900,Persons in thousands,428,thousands,3,v2582716,1.7.2.1.4,NA,NA,NA,1,1,NA,1.7,NA,1.2,NA,1,NA,4,1331.3,9.532036355442049
1999,1999-07-01,Canada,2021A000011124,11124,Not in labour force,Some high school,Total - Gender,25 to 44 years,258.3,258300,Persons in thousands,428,thousands,3,v2582717,1.7.3.1.4,NA,NA,NA,1,1,NA,1.7,NA,1.3,NA,1,NA,4,1331.3,19.402088184481336
1999,1999-07-01,Canada,2021A000011124,11124,Not in labour force,High school graduate,Total - Gender,25 to 44 years,298.4,298400,Persons in thousands,428,thousands,3,v2582718,1.7.4.1.4,NA,NA,NA,1,1,NA,1.7,NA,1.4,NA,1,NA,4,1331.3,22.414181626981144
1999,1999-07-01,Canada,2021A000011124,11124,Not in labour force,University degree,Total - Gender,25 to 44 years,174.7,174700,Persons in thousands,428,thousands,3,v2582721,1.7.7.1.4,NA,NA,NA,1,1,NA,1.7,NA,1.7,NA,1,NA,4,1331.3,13.122511830541576
1999,1999-07-01,Canada,2021A000011124,11124,Unemployment rate,0 to 8  years,Total - Gender,25 to 44 years,16.1,0.161,Percent,239,units,0,v2582725,1.8.2.1.4,NA,NA,NA,1,1,NA,8,NA,1.2,NA,1,NA,4,6.8,236.76470588235298
1999,1999-07-01,Canada,2021A000011124,11124,Unemployment rate,Some high school,Total - Gender,25 to 44 years,12.2,0.122,Percent,239,units,0,v2582726,1.8.3.1.4,NA,NA,NA,1,1,NA,8,NA,1.3,NA,1,NA,4,6.8,179.41176470588235
1999,1999-07-01,Canada,2021A000011124,11124,Unemployment rate,High school graduate,Total - Gender,25 to 44 years,6.9,0.069,Percent,239,units,0,v2582727,1.8.4.1.4,NA,NA,NA,1,1,NA,8,NA,1.4,NA,1,NA,4,6.8,101.47058823529412
1999,1999-07-01,Canada,2021A000011124,11124,Unemployment rate,University degree,Total - Gender,25 to 44 years,4.3,0.043,Percent,239,units,0,v2582730,1.8.7.1.4,NA,NA,NA,1,1,NA,8,NA,1.7,NA,1,NA,4,6.8,63.23529411764706
1999,1999-07-01,Canada,2021A000011124,11124,Participation rate,0 to 8  years,Total - Gender,25 to 44 years,59.6,0.596,Percent,239,units,0,v2582734,1.9.2.1.4,NA,NA,NA,1,1,NA,9,NA,1.2,NA,1,NA,4,85.9,69.38300349243306
1999,1999-07-01,Canada,2021A000011124,11124,Participation rate,Some high school,Total - Gender,25 to 44 years,76.6,0.7659999999999999,Percent,239,units,0,v2582735,1.9.3.1.4,NA,NA,NA,1,1,NA,9,NA,1.3,NA,1,NA,4,85.9,89.17345750873106
1999,1999-07-01,Canada,2021A000011124,11124,Participation rate,High school graduate,Total - Gender,25 to 44 years,84.9,0.8490000000000001,Percent,239,units,0,v2582736,1.9.4.1.4,NA,NA,NA,1,1,NA,9,NA,1.4,NA,1,NA,4,85.9,98.83585564610011
1999,1999-07-01,Canada,2021A000011124,11124,Participation rate,University degree,Total - Gender,25 to 44 years,91,0.91,Percent,239,units,0,v2582739,1.9.7.1.4,NA,NA,NA,1,1,NA,9,NA,1.7,NA,1,NA,4,85.9,105.9371362048894
1999,1999-07-01,Canada,2021A000011124,11124,Employment rate,0 to 8  years,Total - Gender,25 to 44 years,50,0.5,Percent,239,units,0,v2582743,1.10.2.1.4,NA,NA,NA,1,1,NA,10,NA,1.2,NA,1,NA,4,80.1,62.42197253433209
1999,1999-07-01,Canada,2021A000011124,11124,Employment rate,Some high school,Total - Gender,25 to 44 years,67.3,0.6729999999999999,Percent,239,units,0,v2582744,1.10.3.1.4,NA,NA,NA,1,1,NA,10,NA,1.3,NA,1,NA,4,80.1,84.01997503121099
1999,1999-07-01,Canada,2021A000011124,11124,Employment rate,High school graduate,Total - Gender,25 to 44 years,79,0.79,Percent,239,units,0,v2582745,1.10.4.1.4,NA,NA,NA,1,1,NA,10,NA,1.4,NA,1,NA,4,80.1,98.6267166042447
1999,1999-07-01,Canada,2021A000011124,11124,Employment rate,University degree,Total - Gender,25 to 44 years,87.1,0.871,Percent,239,units,0,v2582748,1.10.7.1.4,NA,NA,NA,1,1,NA,10,NA,1.7,NA,1,NA,4,80.1,108.7390761548065
2000,2000-07-01,Canada,2021A000011124,11124,Population,0 to 8  years,Total - Gender,25 to 44 years,291.6,291600,Persons in thousands,428,thousands,3,v2582662,1.1.2.1.4,NA,NA,NA,1,1,NA,1,NA,1.2,NA,1,NA,4,9397.2,3.1030519729281063
2000,2000-07-01,Canada,2021A000011124,11124,Population,Some high school,Total - Gender,25 to 44 years,1030.4,1030400.0000000001,Persons in thousands,428,thousands,3,v2582663,1.1.3.1.4,NA,NA,NA,1,1,NA,1,NA,1.3,NA,1,NA,4,9397.2,10.964968288426341
2000,2000-07-01,Canada,2021A000011124,11124,Population,High school graduate,Total - Gender,25 to 44 years,1966.7,1966700,Persons in thousands,428,thousands,3,v2582664,1.1.4.1.4,NA,NA,NA,1,1,NA,1,NA,1.4,NA,1,NA,4,9397.2,20.92857446899076
2000,2000-07-01,Canada,2021A000011124,11124,Population,University degree,Total - Gender,25 to 44 years,2019.8,2019800,Persons in thousands,428,thousands,3,v2582667,1.1.7.1.4,NA,NA,NA,1,1,NA,1,NA,1.7,NA,1,NA,4,9397.2,21.49363640233261
2000,2000-07-01,Canada,2021A000011124,11124,Labour force,0 to 8  years,Total - Gender,25 to 44 years,177.1,177100,Persons in thousands,428,thousands,3,v2582671,1.2.2.1.4,NA,NA,NA,1,1,NA,1.2,NA,1.2,NA,1,NA,4,8081.2,2.1915062119487208
2000,2000-07-01,Canada,2021A000011124,11124,Labour force,Some high school,Total - Gender,25 to 44 years,787.5,787500,Persons in thousands,428,thousands,3,v2582672,1.2.3.1.4,NA,NA,NA,1,1,NA,1.2,NA,1.3,NA,1,NA,4,8081.2,9.74483987526605
2000,2000-07-01,Canada,2021A000011124,11124,Labour force,High school graduate,Total - Gender,25 to 44 years,1678.2,1678200,Persons in thousands,428,thousands,3,v2582673,1.2.4.1.4,NA,NA,NA,1,1,NA,1.2,NA,1.4,NA,1,NA,4,8081.2,20.766717814186013
2000,2000-07-01,Canada,2021A000011124,11124,Labour force,University degree,Total - Gender,25 to 44 years,1823.9,1823900,Persons in thousands,428,thousands,3,v2582676,1.2.7.1.4,NA,NA,NA,1,1,NA,1.2,NA,1.7,NA,1,NA,4,8081.2,22.56966787110825
2000,2000-07-01,Canada,2021A000011124,11124,Employment,0 to 8  years,Total - Gender,25 to 44 years,151.5,151500,Persons in thousands,428,thousands,3,v2582680,1.3.2.1.4,NA,NA,NA,1,1,NA,1.2.3,NA,1.2,NA,1,NA,4,7596.1,1.9944445175813903
2000,2000-07-01,Canada,2021A000011124,11124,Employment,Some high school,Total - Gender,25 to 44 years,698.1,698100,Persons in thousands,428,thousands,3,v2582681,1.3.3.1.4,NA,NA,NA,1,1,NA,1.2.3,NA,1.3,NA,1,NA,4,7596.1,9.190242361211673
2000,2000-07-01,Canada,2021A000011124,11124,Employment,High school graduate,Total - Gender,25 to 44 years,1577.6,1577600,Persons in thousands,428,thousands,3,v2582682,1.3.4.1.4,NA,NA,NA,1,1,NA,1.2.3,NA,1.4,NA,1,NA,4,7596.1,20.76855228340859
2000,2000-07-01,Canada,2021A000011124,11124,Employment,University degree,Total - Gender,25 to 44 years,1752.3,1752300,Persons in thousands,428,thousands,3,v2582685,1.3.7.1.4,NA,NA,NA,1,1,NA,1.2.3,NA,1.7,NA,1,NA,4,7596.1,23.068416687510695
2000,2000-07-01,Canada,2021A000011124,11124,Full-time employment,0 to 8  years,Total - Gender,25 to 44 years,134.3,134300,Persons in thousands,428,thousands,3,v2582689,1.4.2.1.4,NA,NA,NA,1,1,NA,1.2.3.4,NA,1.2,NA,1,NA,4,6667.9,2.0141273864335103
2000,2000-07-01,Canada,2021A000011124,11124,Full-time employment,Some high school,Total - Gender,25 to 44 years,609.5,609500,Persons in thousands,428,thousands,3,v2582690,1.4.3.1.4,NA,NA,NA,1,1,NA,1.2.3.4,NA,1.3,NA,1,NA,4,6667.9,9.140808950344187
2000,2000-07-01,Canada,2021A000011124,11124,Full-time employment,High school graduate,Total - Gender,25 to 44 years,1384.1,1384100,Persons in thousands,428,thousands,3,v2582691,1.4.4.1.4,NA,NA,NA,1,1,NA,1.2.3.4,NA,1.4,NA,1,NA,4,6667.9,20.75765983293091
2000,2000-07-01,Canada,2021A000011124,11124,Full-time employment,University degree,Total - Gender,25 to 44 years,1554.6,1554600,Persons in thousands,428,thousands,3,v2582694,1.4.7.1.4,NA,NA,NA,1,1,NA,1.2.3.4,NA,1.7,NA,1,NA,4,6667.9,23.314686782945156
2000,2000-07-01,Canada,2021A000011124,11124,Part-time employment,0 to 8  years,Total - Gender,25 to 44 years,17.2,17200,Persons in thousands,428,thousands,3,v2582698,1.5.2.1.4,NA,NA,NA,1,1,NA,1.2.3.5,NA,1.2,NA,1,NA,4,928.2,1.8530489118724411
2000,2000-07-01,Canada,2021A000011124,11124,Part-time employment,Some high school,Total - Gender,25 to 44 years,88.6,88600,Persons in thousands,428,thousands,3,v2582699,1.5.3.1.4,NA,NA,NA,1,1,NA,1.2.3.5,NA,1.3,NA,1,NA,4,928.2,9.545356604180133
2000,2000-07-01,Canada,2021A000011124,11124,Part-time employment,High school graduate,Total - Gender,25 to 44 years,193.5,193500,Persons in thousands,428,thousands,3,v2582700,1.5.4.1.4,NA,NA,NA,1,1,NA,1.2.3.5,NA,1.4,NA,1,NA,4,928.2,20.846800258564965
2000,2000-07-01,Canada,2021A000011124,11124,Part-time employment,University degree,Total - Gender,25 to 44 years,197.7,197700,Persons in thousands,428,thousands,3,v2582703,1.5.7.1.4,NA,NA,NA,1,1,NA,1.2.3.5,NA,1.7,NA,1,NA,4,928.2,21.29928894634777
2000,2000-07-01,Canada,2021A000011124,11124,Unemployment,0 to 8  years,Total - Gender,25 to 44 years,25.6,25600,Persons in thousands,428,thousands,3,v2582707,1.6.2.1.4,NA,NA,NA,1,1,NA,1.2.6,NA,1.2,NA,1,NA,4,485.1,5.277262420119563
2000,2000-07-01,Canada,2021A000011124,11124,Unemployment,Some high school,Total - Gender,25 to 44 years,89.4,89400,Persons in thousands,428,thousands,3,v2582708,1.6.3.1.4,NA,NA,NA,1,1,NA,1.2.6,NA,1.3,NA,1,NA,4,485.1,18.429189857761287
2000,2000-07-01,Canada,2021A000011124,11124,Unemployment,High school graduate,Total - Gender,25 to 44 years,100.6,100600,Persons in thousands,428,thousands,3,v2582709,1.6.4.1.4,NA,NA,NA,1,1,NA,1.2.6,NA,1.4,NA,1,NA,4,485.1,20.737992166563593
2000,2000-07-01,Canada,2021A000011124,11124,Unemployment,University degree,Total - Gender,25 to 44 years,71.6,71600,Persons in thousands,428,thousands,3,v2582712,1.6.7.1.4,NA,NA,NA,1,1,NA,1.2.6,NA,1.7,NA,1,NA,4,485.1,14.7598433312719
2000,2000-07-01,Canada,2021A000011124,11124,Not in labour force,0 to 8  years,Total - Gender,25 to 44 years,114.5,114500,Persons in thousands,428,thousands,3,v2582716,1.7.2.1.4,NA,NA,NA,1,1,NA,1.7,NA,1.2,NA,1,NA,4,1316,8.700607902735563
2000,2000-07-01,Canada,2021A000011124,11124,Not in labour force,Some high school,Total - Gender,25 to 44 years,242.9,242900,Persons in thousands,428,thousands,3,v2582717,1.7.3.1.4,NA,NA,NA,1,1,NA,1.7,NA,1.3,NA,1,NA,4,1316,18.45744680851064
2000,2000-07-01,Canada,2021A000011124,11124,Not in labour force,High school graduate,Total - Gender,25 to 44 years,288.5,288500,Persons in thousands,428,thousands,3,v2582718,1.7.4.1.4,NA,NA,NA,1,1,NA,1.7,NA,1.4,NA,1,NA,4,1316,21.922492401215806
2000,2000-07-01,Canada,2021A000011124,11124,Not in labour force,University degree,Total - Gender,25 to 44 years,195.9,195900,Persons in thousands,428,thousands,3,v2582721,1.7.7.1.4,NA,NA,NA,1,1,NA,1.7,NA,1.7,NA,1,NA,4,1316,14.886018237082068
2000,2000-07-01,Canada,2021A000011124,11124,Unemployment rate,0 to 8  years,Total - Gender,25 to 44 years,14.5,0.145,Percent,239,units,0,v2582725,1.8.2.1.4,NA,NA,NA,1,1,NA,8,NA,1.2,NA,1,NA,4,6,241.66666666666666
2000,2000-07-01,Canada,2021A000011124,11124,Unemployment rate,Some high school,Total - Gender,25 to 44 years,11.4,0.114,Percent,239,units,0,v2582726,1.8.3.1.4,NA,NA,NA,1,1,NA,8,NA,1.3,NA,1,NA,4,6,190
2000,2000-07-01,Canada,2021A000011124,11124,Unemployment rate,High school graduate,Total - Gender,25 to 44 years,6,0.06,Percent,239,units,0,v2582727,1.8.4.1.4,NA,NA,NA,1,1,NA,8,NA,1.4,NA,1,NA,4,6,100
2000,2000-07-01,Canada,2021A000011124,11124,Unemployment rate,University degree,Total - Gender,25 to 44 years,3.9,0.039,Percent,239,units,0,v2582730,1.8.7.1.4,NA,NA,NA,1,1,NA,8,NA,1.7,NA,1,NA,4,6,65
2000,2000-07-01,Canada,2021A000011124,11124,Participation rate,0 to 8  years,Total - Gender,25 to 44 years,60.7,0.607,Percent,239,units,0,v2582734,1.9.2.1.4,NA,NA,NA,1,1,NA,9,NA,1.2,NA,1,NA,4,86,70.5813953488372
2000,2000-07-01,Canada,2021A000011124,11124,Participation rate,Some high school,Total - Gender,25 to 44 years,76.4,0.764,Percent,239,units,0,v2582735,1.9.3.1.4,NA,NA,NA,1,1,NA,9,NA,1.3,NA,1,NA,4,86,88.83720930232559
2000,2000-07-01,Canada,2021A000011124,11124,Participation rate,High school graduate,Total - Gender,25 to 44 years,85.3,0.853,Percent,239,units,0,v2582736,1.9.4.1.4,NA,NA,NA,1,1,NA,9,NA,1.4,NA,1,NA,4,86,99.18604651162791
2000,2000-07-01,Canada,2021A000011124,11124,Participation rate,University degree,Total - Gender,25 to 44 years,90.3,0.903,Percent,239,units,0,v2582739,1.9.7.1.4,NA,NA,NA,1,1,NA,9,NA,1.7,NA,1,NA,4,86,105
2000,2000-07-01,Canada,2021A000011124,11124,Employment rate,0 to 8  years,Total - Gender,25 to 44 years,52,0.52,Percent,239,units,0,v2582743,1.10.2.1.4,NA,NA,NA,1,1,NA,10,NA,1.2,NA,1,NA,4,80.8,64.35643564356435
2000,2000-07-01,Canada,2021A000011124,11124,Employment rate,Some high school,Total - Gender,25 to 44 years,67.8,0.6779999999999999,Percent,239,units,0,v2582744,1.10.3.1.4,NA,NA,NA,1,1,NA,10,NA,1.3,NA,1,NA,4,80.8,83.91089108910892
2000,2000-07-01,Canada,2021A000011124,11124,Employment rate,High school graduate,Total - Gender,25 to 44 years,80.2,0.802,Percent,239,units,0,v2582745,1.10.4.1.4,NA,NA,NA,1,1,NA,10,NA,1.4,NA,1,NA,4,80.8,99.25742574257426
2000,2000-07-01,Canada,2021A000011124,11124,Employment rate,University degree,Total - Gender,25 to 44 years,86.8,0.868,Percent,239,units,0,v2582748,1.10.7.1.4,NA,NA,NA,1,1,NA,10,NA,1.7,NA,1,NA,4,80.8,107.42574257425743
2001,2001-07-01,Canada,2021A000011124,11124,Population,0 to 8  years,Total - Gender,25 to 44 years,255.3,255300,Persons in thousands,428,thousands,3,v2582662,1.1.2.1.4,NA,NA,NA,1,1,NA,1,NA,1.2,NA,1,NA,4,9378.6,2.722154692598042
2001,2001-07-01,Canada,2021A000011124,11124,Population,Some high school,Total - Gender,25 to 44 years,965.1,965100,Persons in thousands,428,thousands,3,v2582663,1.1.3.1.4,NA,NA,NA,1,1,NA,1,NA,1.3,NA,1,NA,4,9378.6,10.29044846778837
2001,2001-07-01,Canada,2021A000011124,11124,Population,High school graduate,Total - Gender,25 to 44 years,1900.1,1900100,Persons in thousands,428,thousands,3,v2582664,1.1.4.1.4,NA,NA,NA,1,1,NA,1,NA,1.4,NA,1,NA,4,9378.6,20.25995351118504
2001,2001-07-01,Canada,2021A000011124,11124,Population,University degree,Total - Gender,25 to 44 years,2103,2103000,Persons in thousands,428,thousands,3,v2582667,1.1.7.1.4,NA,NA,NA,1,1,NA,1,NA,1.7,NA,1,NA,4,9378.6,22.42338941846331
2001,2001-07-01,Canada,2021A000011124,11124,Labour force,0 to 8  years,Total - Gender,25 to 44 years,152.8,152800,Persons in thousands,428,thousands,3,v2582671,1.2.2.1.4,NA,NA,NA,1,1,NA,1.2,NA,1.2,NA,1,NA,4,8088,1.8892185954500498
2001,2001-07-01,Canada,2021A000011124,11124,Labour force,Some high school,Total - Gender,25 to 44 years,738.1,738100,Persons in thousands,428,thousands,3,v2582672,1.2.3.1.4,NA,NA,NA,1,1,NA,1.2,NA,1.3,NA,1,NA,4,8088,9.125865479723046
2001,2001-07-01,Canada,2021A000011124,11124,Labour force,High school graduate,Total - Gender,25 to 44 years,1626.7,1626700,Persons in thousands,428,thousands,3,v2582673,1.2.4.1.4,NA,NA,NA,1,1,NA,1.2,NA,1.4,NA,1,NA,4,8088,20.112512363996043
2001,2001-07-01,Canada,2021A000011124,11124,Labour force,University degree,Total - Gender,25 to 44 years,1894.7,1894700,Persons in thousands,428,thousands,3,v2582676,1.2.7.1.4,NA,NA,NA,1,1,NA,1.2,NA,1.7,NA,1,NA,4,8088,23.426063303659742
2001,2001-07-01,Canada,2021A000011124,11124,Employment,0 to 8  years,Total - Gender,25 to 44 years,129.5,129500,Persons in thousands,428,thousands,3,v2582680,1.3.2.1.4,NA,NA,NA,1,1,NA,1.2.3,NA,1.2,NA,1,NA,4,7559.7,1.713030940381232
2001,2001-07-01,Canada,2021A000011124,11124,Employment,Some high school,Total - Gender,25 to 44 years,652.9,652900,Persons in thousands,428,thousands,3,v2582681,1.3.3.1.4,NA,NA,NA,1,1,NA,1.2.3,NA,1.3,NA,1,NA,4,7559.7,8.636586107914335
2001,2001-07-01,Canada,2021A000011124,11124,Employment,High school graduate,Total - Gender,25 to 44 years,1522.4,1522400,Persons in thousands,428,thousands,3,v2582682,1.3.4.1.4,NA,NA,NA,1,1,NA,1.2.3,NA,1.4,NA,1,NA,4,7559.7,20.138365279045466
2001,2001-07-01,Canada,2021A000011124,11124,Employment,University degree,Total - Gender,25 to 44 years,1801.9,1801900,Persons in thousands,428,thousands,3,v2582685,1.3.7.1.4,NA,NA,NA,1,1,NA,1.2.3,NA,1.7,NA,1,NA,4,7559.7,23.835601941876
2001,2001-07-01,Canada,2021A000011124,11124,Full-time employment,0 to 8  years,Total - Gender,25 to 44 years,113.5,113500,Persons in thousands,428,thousands,3,v2582689,1.4.2.1.4,NA,NA,NA,1,1,NA,1.2.3.4,NA,1.2,NA,1,NA,4,6627.5,1.7125612976235383
2001,2001-07-01,Canada,2021A000011124,11124,Full-time employment,Some high school,Total - Gender,25 to 44 years,573.6,573600,Persons in thousands,428,thousands,3,v2582690,1.4.3.1.4,NA,NA,NA,1,1,NA,1.2.3.4,NA,1.3,NA,1,NA,4,6627.5,8.654847227461335
2001,2001-07-01,Canada,2021A000011124,11124,Full-time employment,High school graduate,Total - Gender,25 to 44 years,1338.1,1338100,Persons in thousands,428,thousands,3,v2582691,1.4.4.1.4,NA,NA,NA,1,1,NA,1.2.3.4,NA,1.4,NA,1,NA,4,6627.5,20.190116937004905
2001,2001-07-01,Canada,2021A000011124,11124,Full-time employment,University degree,Total - Gender,25 to 44 years,1582.8,1582800,Persons in thousands,428,thousands,3,v2582694,1.4.7.1.4,NA,NA,NA,1,1,NA,1.2.3.4,NA,1.7,NA,1,NA,4,6627.5,23.88230856280649
2001,2001-07-01,Canada,2021A000011124,11124,Part-time employment,0 to 8  years,Total - Gender,25 to 44 years,15.9,15900,Persons in thousands,428,thousands,3,v2582698,1.5.2.1.4,NA,NA,NA,1,1,NA,1.2.3.5,NA,1.2,NA,1,NA,4,932.2,1.705642565972967
2001,2001-07-01,Canada,2021A000011124,11124,Part-time employment,Some high school,Total - Gender,25 to 44 years,79.3,79300,Persons in thousands,428,thousands,3,v2582699,1.5.3.1.4,NA,NA,NA,1,1,NA,1.2.3.5,NA,1.3,NA,1,NA,4,932.2,8.506758206393478
2001,2001-07-01,Canada,2021A000011124,11124,Part-time employment,High school graduate,Total - Gender,25 to 44 years,184.3,184300,Persons in thousands,428,thousands,3,v2582700,1.5.4.1.4,NA,NA,NA,1,1,NA,1.2.3.5,NA,1.4,NA,1,NA,4,932.2,19.770435528856467
2001,2001-07-01,Canada,2021A000011124,11124,Part-time employment,University degree,Total - Gender,25 to 44 years,219.1,219100,Persons in thousands,428,thousands,3,v2582703,1.5.7.1.4,NA,NA,NA,1,1,NA,1.2.3.5,NA,1.7,NA,1,NA,4,932.2,23.503540012872772
2001,2001-07-01,Canada,2021A000011124,11124,Unemployment,0 to 8  years,Total - Gender,25 to 44 years,23.3,23300,Persons in thousands,428,thousands,3,v2582707,1.6.2.1.4,NA,NA,NA,1,1,NA,1.2.6,NA,1.2,NA,1,NA,4,528.3,4.410372894188908
2001,2001-07-01,Canada,2021A000011124,11124,Unemployment,Some high school,Total - Gender,25 to 44 years,85.3,85300,Persons in thousands,428,thousands,3,v2582708,1.6.3.1.4,NA,NA,NA,1,1,NA,1.2.6,NA,1.3,NA,1,NA,4,528.3,16.14612909331819
2001,2001-07-01,Canada,2021A000011124,11124,Unemployment,High school graduate,Total - Gender,25 to 44 years,104.3,104300,Persons in thousands,428,thousands,3,v2582709,1.6.4.1.4,NA,NA,NA,1,1,NA,1.2.6,NA,1.4,NA,1,NA,4,528.3,19.742570509180393
2001,2001-07-01,Canada,2021A000011124,11124,Unemployment,University degree,Total - Gender,25 to 44 years,92.8,92800,Persons in thousands,428,thousands,3,v2582712,1.6.7.1.4,NA,NA,NA,1,1,NA,1.2.6,NA,1.7,NA,1,NA,4,528.3,17.56577702063222
2001,2001-07-01,Canada,2021A000011124,11124,Not in labour force,0 to 8  years,Total - Gender,25 to 44 years,102.6,102600,Persons in thousands,428,thousands,3,v2582716,1.7.2.1.4,NA,NA,NA,1,1,NA,1.7,NA,1.2,NA,1,NA,4,1290.6,7.94979079497908
2001,2001-07-01,Canada,2021A000011124,11124,Not in labour force,Some high school,Total - Gender,25 to 44 years,227,227000,Persons in thousands,428,thousands,3,v2582717,1.7.3.1.4,NA,NA,NA,1,1,NA,1.7,NA,1.3,NA,1,NA,4,1290.6,17.58871842553851
2001,2001-07-01,Canada,2021A000011124,11124,Not in labour force,High school graduate,Total - Gender,25 to 44 years,273.4,273400,Persons in thousands,428,thousands,3,v2582718,1.7.4.1.4,NA,NA,NA,1,1,NA,1.7,NA,1.4,NA,1,NA,4,1290.6,21.183945451727876
2001,2001-07-01,Canada,2021A000011124,11124,Not in labour force,University degree,Total - Gender,25 to 44 years,208.3,208300,Persons in thousands,428,thousands,3,v2582721,1.7.7.1.4,NA,NA,NA,1,1,NA,1.7,NA,1.7,NA,1,NA,4,1290.6,16.13977994731133
2001,2001-07-01,Canada,2021A000011124,11124,Unemployment rate,0 to 8  years,Total - Gender,25 to 44 years,15.2,0.152,Percent,239,units,0,v2582725,1.8.2.1.4,NA,NA,NA,1,1,NA,8,NA,1.2,NA,1,NA,4,6.5,233.84615384615384
2001,2001-07-01,Canada,2021A000011124,11124,Unemployment rate,Some high school,Total - Gender,25 to 44 years,11.6,0.11599999999999999,Percent,239,units,0,v2582726,1.8.3.1.4,NA,NA,NA,1,1,NA,8,NA,1.3,NA,1,NA,4,6.5,178.46153846153845
2001,2001-07-01,Canada,2021A000011124,11124,Unemployment rate,High school graduate,Total - Gender,25 to 44 years,6.4,0.064,Percent,239,units,0,v2582727,1.8.4.1.4,NA,NA,NA,1,1,NA,8,NA,1.4,NA,1,NA,4,6.5,98.46153846153847
2001,2001-07-01,Canada,2021A000011124,11124,Unemployment rate,University degree,Total - Gender,25 to 44 years,4.9,0.049,Percent,239,units,0,v2582730,1.8.7.1.4,NA,NA,NA,1,1,NA,8,NA,1.7,NA,1,NA,4,6.5,75.38461538461539
2001,2001-07-01,Canada,2021A000011124,11124,Participation rate,0 to 8  years,Total - Gender,25 to 44 years,59.9,0.599,Percent,239,units,0,v2582734,1.9.2.1.4,NA,NA,NA,1,1,NA,9,NA,1.2,NA,1,NA,4,86.2,69.48955916473318
2001,2001-07-01,Canada,2021A000011124,11124,Participation rate,Some high school,Total - Gender,25 to 44 years,76.5,0.765,Percent,239,units,0,v2582735,1.9.3.1.4,NA,NA,NA,1,1,NA,9,NA,1.3,NA,1,NA,4,86.2,88.74709976798144
2001,2001-07-01,Canada,2021A000011124,11124,Participation rate,High school graduate,Total - Gender,25 to 44 years,85.6,0.856,Percent,239,units,0,v2582736,1.9.4.1.4,NA,NA,NA,1,1,NA,9,NA,1.4,NA,1,NA,4,86.2,99.30394431554524
2001,2001-07-01,Canada,2021A000011124,11124,Participation rate,University degree,Total - Gender,25 to 44 years,90.1,0.9009999999999999,Percent,239,units,0,v2582739,1.9.7.1.4,NA,NA,NA,1,1,NA,9,NA,1.7,NA,1,NA,4,86.2,104.52436194895591
2001,2001-07-01,Canada,2021A000011124,11124,Employment rate,0 to 8  years,Total - Gender,25 to 44 years,50.7,0.507,Percent,239,units,0,v2582743,1.10.2.1.4,NA,NA,NA,1,1,NA,10,NA,1.2,NA,1,NA,4,80.6,62.903225806451616
2001,2001-07-01,Canada,2021A000011124,11124,Employment rate,Some high school,Total - Gender,25 to 44 years,67.7,0.677,Percent,239,units,0,v2582744,1.10.3.1.4,NA,NA,NA,1,1,NA,10,NA,1.3,NA,1,NA,4,80.6,83.99503722084368
2001,2001-07-01,Canada,2021A000011124,11124,Employment rate,High school graduate,Total - Gender,25 to 44 years,80.1,0.8009999999999999,Percent,239,units,0,v2582745,1.10.4.1.4,NA,NA,NA,1,1,NA,10,NA,1.4,NA,1,NA,4,80.6,99.37965260545906
2001,2001-07-01,Canada,2021A000011124,11124,Employment rate,University degree,Total - Gender,25 to 44 years,85.7,0.857,Percent,239,units,0,v2582748,1.10.7.1.4,NA,NA,NA,1,1,NA,10,NA,1.7,NA,1,NA,4,80.6,106.32754342431762
2002,2002-07-01,Canada,2021A000011124,11124,Population,0 to 8  years,Total - Gender,25 to 44 years,251.5,251500,Persons in thousands,428,thousands,3,v2582662,1.1.2.1.4,NA,NA,NA,1,1,NA,1,NA,1.2,NA,1,NA,4,9354.6,2.6885168793962326
2002,2002-07-01,Canada,2021A000011124,11124,Population,Some high school,Total - Gender,25 to 44 years,930.9,930900,Persons in thousands,428,thousands,3,v2582663,1.1.3.1.4,NA,NA,NA,1,1,NA,1,NA,1.3,NA,1,NA,4,9354.6,9.951253928548521
2002,2002-07-01,Canada,2021A000011124,11124,Population,High school graduate,Total - Gender,25 to 44 years,1896.2,1896200,Persons in thousands,428,thousands,3,v2582664,1.1.4.1.4,NA,NA,NA,1,1,NA,1,NA,1.4,NA,1,NA,4,9354.6,20.270241378573107
2002,2002-07-01,Canada,2021A000011124,11124,Population,University degree,Total - Gender,25 to 44 years,2170,2170000,Persons in thousands,428,thousands,3,v2582667,1.1.7.1.4,NA,NA,NA,1,1,NA,1,NA,1.7,NA,1,NA,4,9354.6,23.19714365125179
2002,2002-07-01,Canada,2021A000011124,11124,Labour force,0 to 8  years,Total - Gender,25 to 44 years,146.5,146500,Persons in thousands,428,thousands,3,v2582671,1.2.2.1.4,NA,NA,NA,1,1,NA,1.2,NA,1.2,NA,1,NA,4,8124.4,1.8032100832061446
2002,2002-07-01,Canada,2021A000011124,11124,Labour force,Some high school,Total - Gender,25 to 44 years,720.3,720300,Persons in thousands,428,thousands,3,v2582672,1.2.3.1.4,NA,NA,NA,1,1,NA,1.2,NA,1.3,NA,1,NA,4,8124.4,8.865885480773965
2002,2002-07-01,Canada,2021A000011124,11124,Labour force,High school graduate,Total - Gender,25 to 44 years,1625.3,1625300,Persons in thousands,428,thousands,3,v2582673,1.2.4.1.4,NA,NA,NA,1,1,NA,1.2,NA,1.4,NA,1,NA,4,8124.4,20.005169612525233
2002,2002-07-01,Canada,2021A000011124,11124,Labour force,University degree,Total - Gender,25 to 44 years,1958.3,1958300,Persons in thousands,428,thousands,3,v2582676,1.2.7.1.4,NA,NA,NA,1,1,NA,1.2,NA,1.7,NA,1,NA,4,8124.4,24.10393382895968
2002,2002-07-01,Canada,2021A000011124,11124,Employment,0 to 8  years,Total - Gender,25 to 44 years,123.2,123200,Persons in thousands,428,thousands,3,v2582680,1.3.2.1.4,NA,NA,NA,1,1,NA,1.2.3,NA,1.2,NA,1,NA,4,7556.9,1.6302981381254218
2002,2002-07-01,Canada,2021A000011124,11124,Employment,Some high school,Total - Gender,25 to 44 years,633.6,633600,Persons in thousands,428,thousands,3,v2582681,1.3.3.1.4,NA,NA,NA,1,1,NA,1.2.3,NA,1.3,NA,1,NA,4,7556.9,8.384390424645026
2002,2002-07-01,Canada,2021A000011124,11124,Employment,High school graduate,Total - Gender,25 to 44 years,1506.7,1506700,Persons in thousands,428,thousands,3,v2582682,1.3.4.1.4,NA,NA,NA,1,1,NA,1.2.3,NA,1.4,NA,1,NA,4,7556.9,19.93806984345433
2002,2002-07-01,Canada,2021A000011124,11124,Employment,University degree,Total - Gender,25 to 44 years,1851.6,1851600,Persons in thousands,428,thousands,3,v2582685,1.3.7.1.4,NA,NA,NA,1,1,NA,1.2.3,NA,1.7,NA,1,NA,4,7556.9,24.502110653839537
2002,2002-07-01,Canada,2021A000011124,11124,Full-time employment,0 to 8  years,Total - Gender,25 to 44 years,108.3,108300,Persons in thousands,428,thousands,3,v2582689,1.4.2.1.4,NA,NA,NA,1,1,NA,1.2.3.4,NA,1.2,NA,1,NA,4,6610.5,1.638302700249603
2002,2002-07-01,Canada,2021A000011124,11124,Full-time employment,Some high school,Total - Gender,25 to 44 years,555.1,555100,Persons in thousands,428,thousands,3,v2582690,1.4.3.1.4,NA,NA,NA,1,1,NA,1.2.3.4,NA,1.3,NA,1,NA,4,6610.5,8.39724680432645
2002,2002-07-01,Canada,2021A000011124,11124,Full-time employment,High school graduate,Total - Gender,25 to 44 years,1319.4,1319400,Persons in thousands,428,thousands,3,v2582691,1.4.4.1.4,NA,NA,NA,1,1,NA,1.2.3.4,NA,1.4,NA,1,NA,4,6610.5,19.95915588835943
2002,2002-07-01,Canada,2021A000011124,11124,Full-time employment,University degree,Total - Gender,25 to 44 years,1629.9,1629900,Persons in thousands,428,thousands,3,v2582694,1.4.7.1.4,NA,NA,NA,1,1,NA,1.2.3.4,NA,1.7,NA,1,NA,4,6610.5,24.656228727025187
2002,2002-07-01,Canada,2021A000011124,11124,Part-time employment,0 to 8  years,Total - Gender,25 to 44 years,14.9,14900,Persons in thousands,428,thousands,3,v2582698,1.5.2.1.4,NA,NA,NA,1,1,NA,1.2.3.5,NA,1.2,NA,1,NA,4,946.4,1.5743871513102283
2002,2002-07-01,Canada,2021A000011124,11124,Part-time employment,Some high school,Total - Gender,25 to 44 years,78.5,78500,Persons in thousands,428,thousands,3,v2582699,1.5.3.1.4,NA,NA,NA,1,1,NA,1.2.3.5,NA,1.3,NA,1,NA,4,946.4,8.294590025359255
2002,2002-07-01,Canada,2021A000011124,11124,Part-time employment,High school graduate,Total - Gender,25 to 44 years,187.3,187300,Persons in thousands,428,thousands,3,v2582700,1.5.4.1.4,NA,NA,NA,1,1,NA,1.2.3.5,NA,1.4,NA,1,NA,4,946.4,19.790786136939985
2002,2002-07-01,Canada,2021A000011124,11124,Part-time employment,University degree,Total - Gender,25 to 44 years,221.8,221800,Persons in thousands,428,thousands,3,v2582703,1.5.7.1.4,NA,NA,NA,1,1,NA,1.2.3.5,NA,1.7,NA,1,NA,4,946.4,23.436179205409974
2002,2002-07-01,Canada,2021A000011124,11124,Unemployment,0 to 8  years,Total - Gender,25 to 44 years,23.3,23300,Persons in thousands,428,thousands,3,v2582707,1.6.2.1.4,NA,NA,NA,1,1,NA,1.2.6,NA,1.2,NA,1,NA,4,567.5,4.105726872246696
2002,2002-07-01,Canada,2021A000011124,11124,Unemployment,Some high school,Total - Gender,25 to 44 years,86.7,86700,Persons in thousands,428,thousands,3,v2582708,1.6.3.1.4,NA,NA,NA,1,1,NA,1.2.6,NA,1.3,NA,1,NA,4,567.5,15.277533039647578
2002,2002-07-01,Canada,2021A000011124,11124,Unemployment,High school graduate,Total - Gender,25 to 44 years,118.6,118600,Persons in thousands,428,thousands,3,v2582709,1.6.4.1.4,NA,NA,NA,1,1,NA,1.2.6,NA,1.4,NA,1,NA,4,567.5,20.898678414096917
2002,2002-07-01,Canada,2021A000011124,11124,Unemployment,University degree,Total - Gender,25 to 44 years,106.7,106700,Persons in thousands,428,thousands,3,v2582712,1.6.7.1.4,NA,NA,NA,1,1,NA,1.2.6,NA,1.7,NA,1,NA,4,567.5,18.801762114537446
2002,2002-07-01,Canada,2021A000011124,11124,Not in labour force,0 to 8  years,Total - Gender,25 to 44 years,104.9,104900,Persons in thousands,428,thousands,3,v2582716,1.7.2.1.4,NA,NA,NA,1,1,NA,1.7,NA,1.2,NA,1,NA,4,1230.2,8.527068769305803
2002,2002-07-01,Canada,2021A000011124,11124,Not in labour force,Some high school,Total - Gender,25 to 44 years,210.6,210600,Persons in thousands,428,thousands,3,v2582717,1.7.3.1.4,NA,NA,NA,1,1,NA,1.7,NA,1.3,NA,1,NA,4,1230.2,17.119167615021947
2002,2002-07-01,Canada,2021A000011124,11124,Not in labour force,High school graduate,Total - Gender,25 to 44 years,270.8,270800,Persons in thousands,428,thousands,3,v2582718,1.7.4.1.4,NA,NA,NA,1,1,NA,1.7,NA,1.4,NA,1,NA,4,1230.2,22.012680864900016
2002,2002-07-01,Canada,2021A000011124,11124,Not in labour force,University degree,Total - Gender,25 to 44 years,211.7,211700,Persons in thousands,428,thousands,3,v2582721,1.7.7.1.4,NA,NA,NA,1,1,NA,1.7,NA,1.7,NA,1,NA,4,1230.2,17.208583970086163
2002,2002-07-01,Canada,2021A000011124,11124,Unemployment rate,0 to 8  years,Total - Gender,25 to 44 years,15.9,0.159,Percent,239,units,0,v2582725,1.8.2.1.4,NA,NA,NA,1,1,NA,8,NA,1.2,NA,1,NA,4,7,227.14285714285714
2002,2002-07-01,Canada,2021A000011124,11124,Unemployment rate,Some high school,Total - Gender,25 to 44 years,12,0.12,Percent,239,units,0,v2582726,1.8.3.1.4,NA,NA,NA,1,1,NA,8,NA,1.3,NA,1,NA,4,7,171.42857142857142
2002,2002-07-01,Canada,2021A000011124,11124,Unemployment rate,High school graduate,Total - Gender,25 to 44 years,7.3,0.073,Percent,239,units,0,v2582727,1.8.4.1.4,NA,NA,NA,1,1,NA,8,NA,1.4,NA,1,NA,4,7,104.28571428571429
2002,2002-07-01,Canada,2021A000011124,11124,Unemployment rate,University degree,Total - Gender,25 to 44 years,5.4,0.054000000000000006,Percent,239,units,0,v2582730,1.8.7.1.4,NA,NA,NA,1,1,NA,8,NA,1.7,NA,1,NA,4,7,77.14285714285714
2002,2002-07-01,Canada,2021A000011124,11124,Participation rate,0 to 8  years,Total - Gender,25 to 44 years,58.3,0.583,Percent,239,units,0,v2582734,1.9.2.1.4,NA,NA,NA,1,1,NA,9,NA,1.2,NA,1,NA,4,86.8,67.16589861751152
2002,2002-07-01,Canada,2021A000011124,11124,Participation rate,Some high school,Total - Gender,25 to 44 years,77.4,0.774,Percent,239,units,0,v2582735,1.9.3.1.4,NA,NA,NA,1,1,NA,9,NA,1.3,NA,1,NA,4,86.8,89.1705069124424
2002,2002-07-01,Canada,2021A000011124,11124,Participation rate,High school graduate,Total - Gender,25 to 44 years,85.7,0.857,Percent,239,units,0,v2582736,1.9.4.1.4,NA,NA,NA,1,1,NA,9,NA,1.4,NA,1,NA,4,86.8,98.73271889400922
2002,2002-07-01,Canada,2021A000011124,11124,Participation rate,University degree,Total - Gender,25 to 44 years,90.2,0.902,Percent,239,units,0,v2582739,1.9.7.1.4,NA,NA,NA,1,1,NA,9,NA,1.7,NA,1,NA,4,86.8,103.91705069124424
2002,2002-07-01,Canada,2021A000011124,11124,Employment rate,0 to 8  years,Total - Gender,25 to 44 years,49,0.49,Percent,239,units,0,v2582743,1.10.2.1.4,NA,NA,NA,1,1,NA,10,NA,1.2,NA,1,NA,4,80.8,60.64356435643565
2002,2002-07-01,Canada,2021A000011124,11124,Employment rate,Some high school,Total - Gender,25 to 44 years,68.1,0.6809999999999999,Percent,239,units,0,v2582744,1.10.3.1.4,NA,NA,NA,1,1,NA,10,NA,1.3,NA,1,NA,4,80.8,84.28217821782178
2002,2002-07-01,Canada,2021A000011124,11124,Employment rate,High school graduate,Total - Gender,25 to 44 years,79.5,0.795,Percent,239,units,0,v2582745,1.10.4.1.4,NA,NA,NA,1,1,NA,10,NA,1.4,NA,1,NA,4,80.8,98.39108910891089
2002,2002-07-01,Canada,2021A000011124,11124,Employment rate,University degree,Total - Gender,25 to 44 years,85.3,0.853,Percent,239,units,0,v2582748,1.10.7.1.4,NA,NA,NA,1,1,NA,10,NA,1.7,NA,1,NA,4,80.8,105.56930693069307
2003,2003-07-01,Canada,2021A000011124,11124,Population,0 to 8  years,Total - Gender,25 to 44 years,249.5,249500,Persons in thousands,428,thousands,3,v2582662,1.1.2.1.4,NA,NA,NA,1,1,NA,1,NA,1.2,NA,1,NA,4,9296.4,2.683834602641883
2003,2003-07-01,Canada,2021A000011124,11124,Population,Some high school,Total - Gender,25 to 44 years,842.3,842300,Persons in thousands,428,thousands,3,v2582663,1.1.3.1.4,NA,NA,NA,1,1,NA,1,NA,1.3,NA,1,NA,4,9296.4,9.06049653629362
2003,2003-07-01,Canada,2021A000011124,11124,Population,High school graduate,Total - Gender,25 to 44 years,1785.2,1785200,Persons in thousands,428,thousands,3,v2582664,1.1.4.1.4,NA,NA,NA,1,1,NA,1,NA,1.4,NA,1,NA,4,9296.4,19.203132395335828
2003,2003-07-01,Canada,2021A000011124,11124,Population,University degree,Total - Gender,25 to 44 years,2272.6,2272600,Persons in thousands,428,thousands,3,v2582667,1.1.7.1.4,NA,NA,NA,1,1,NA,1,NA,1.7,NA,1,NA,4,9296.4,24.44602211608795
2003,2003-07-01,Canada,2021A000011124,11124,Labour force,0 to 8  years,Total - Gender,25 to 44 years,153.4,153400,Persons in thousands,428,thousands,3,v2582671,1.2.2.1.4,NA,NA,NA,1,1,NA,1.2,NA,1.2,NA,1,NA,4,8102.6,1.893219460420112
2003,2003-07-01,Canada,2021A000011124,11124,Labour force,Some high school,Total - Gender,25 to 44 years,656.2,656200,Persons in thousands,428,thousands,3,v2582672,1.2.3.1.4,NA,NA,NA,1,1,NA,1.2,NA,1.3,NA,1,NA,4,8102.6,8.098635006047441
2003,2003-07-01,Canada,2021A000011124,11124,Labour force,High school graduate,Total - Gender,25 to 44 years,1536.7,1536700,Persons in thousands,428,thousands,3,v2582673,1.2.4.1.4,NA,NA,NA,1,1,NA,1.2,NA,1.4,NA,1,NA,4,8102.6,18.96551724137931
2003,2003-07-01,Canada,2021A000011124,11124,Labour force,University degree,Total - Gender,25 to 44 years,2035.8,2035800,Persons in thousands,428,thousands,3,v2582676,1.2.7.1.4,NA,NA,NA,1,1,NA,1.2,NA,1.7,NA,1,NA,4,8102.6,25.125268432355046
2003,2003-07-01,Canada,2021A000011124,11124,Employment,0 to 8  years,Total - Gender,25 to 44 years,129.7,129699.99999999999,Persons in thousands,428,thousands,3,v2582680,1.3.2.1.4,NA,NA,NA,1,1,NA,1.2.3,NA,1.2,NA,1,NA,4,7549.9,1.7179035483913692
2003,2003-07-01,Canada,2021A000011124,11124,Employment,Some high school,Total - Gender,25 to 44 years,576.3,576300,Persons in thousands,428,thousands,3,v2582681,1.3.3.1.4,NA,NA,NA,1,1,NA,1.2.3,NA,1.3,NA,1,NA,4,7549.9,7.633213684949469
2003,2003-07-01,Canada,2021A000011124,11124,Employment,High school graduate,Total - Gender,25 to 44 years,1427.7,1427700,Persons in thousands,428,thousands,3,v2582682,1.3.4.1.4,NA,NA,NA,1,1,NA,1.2.3,NA,1.4,NA,1,NA,4,7549.9,18.910184240850874
2003,2003-07-01,Canada,2021A000011124,11124,Employment,University degree,Total - Gender,25 to 44 years,1915.1,1915100,Persons in thousands,428,thousands,3,v2582685,1.3.7.1.4,NA,NA,NA,1,1,NA,1.2.3,NA,1.7,NA,1,NA,4,7549.9,25.36589888607796
2003,2003-07-01,Canada,2021A000011124,11124,Full-time employment,0 to 8  years,Total - Gender,25 to 44 years,113.8,113800,Persons in thousands,428,thousands,3,v2582689,1.4.2.1.4,NA,NA,NA,1,1,NA,1.2.3.4,NA,1.2,NA,1,NA,4,6605.1,1.722911083859442
2003,2003-07-01,Canada,2021A000011124,11124,Full-time employment,Some high school,Total - Gender,25 to 44 years,508.8,508800,Persons in thousands,428,thousands,3,v2582690,1.4.3.1.4,NA,NA,NA,1,1,NA,1.2.3.4,NA,1.3,NA,1,NA,4,6605.1,7.703138483898805
2003,2003-07-01,Canada,2021A000011124,11124,Full-time employment,High school graduate,Total - Gender,25 to 44 years,1245.9,1245900,Persons in thousands,428,thousands,3,v2582691,1.4.4.1.4,NA,NA,NA,1,1,NA,1.2.3.4,NA,1.4,NA,1,NA,4,6605.1,18.862697006858337
2003,2003-07-01,Canada,2021A000011124,11124,Full-time employment,University degree,Total - Gender,25 to 44 years,1684.9,1684900,Persons in thousands,428,thousands,3,v2582694,1.4.7.1.4,NA,NA,NA,1,1,NA,1.2.3.4,NA,1.7,NA,1,NA,4,6605.1,25.509076319813477
2003,2003-07-01,Canada,2021A000011124,11124,Part-time employment,0 to 8  years,Total - Gender,25 to 44 years,15.9,15900,Persons in thousands,428,thousands,3,v2582698,1.5.2.1.4,NA,NA,NA,1,1,NA,1.2.3.5,NA,1.2,NA,1,NA,4,944.8,1.682895850973751
2003,2003-07-01,Canada,2021A000011124,11124,Part-time employment,Some high school,Total - Gender,25 to 44 years,67.5,67500,Persons in thousands,428,thousands,3,v2582699,1.5.3.1.4,NA,NA,NA,1,1,NA,1.2.3.5,NA,1.3,NA,1,NA,4,944.8,7.144369178662151
2003,2003-07-01,Canada,2021A000011124,11124,Part-time employment,High school graduate,Total - Gender,25 to 44 years,181.8,181800,Persons in thousands,428,thousands,3,v2582700,1.5.4.1.4,NA,NA,NA,1,1,NA,1.2.3.5,NA,1.4,NA,1,NA,4,944.8,19.24216765453006
2003,2003-07-01,Canada,2021A000011124,11124,Part-time employment,University degree,Total - Gender,25 to 44 years,230.1,230100,Persons in thousands,428,thousands,3,v2582703,1.5.7.1.4,NA,NA,NA,1,1,NA,1.2.3.5,NA,1.7,NA,1,NA,4,944.8,24.354360711261645
2003,2003-07-01,Canada,2021A000011124,11124,Unemployment,0 to 8  years,Total - Gender,25 to 44 years,23.6,23600,Persons in thousands,428,thousands,3,v2582707,1.6.2.1.4,NA,NA,NA,1,1,NA,1.2.6,NA,1.2,NA,1,NA,4,552.7,4.269947530305771
2003,2003-07-01,Canada,2021A000011124,11124,Unemployment,Some high school,Total - Gender,25 to 44 years,79.9,79900,Persons in thousands,428,thousands,3,v2582708,1.6.3.1.4,NA,NA,NA,1,1,NA,1.2.6,NA,1.3,NA,1,NA,4,552.7,14.456305409806406
2003,2003-07-01,Canada,2021A000011124,11124,Unemployment,High school graduate,Total - Gender,25 to 44 years,109.1,109100,Persons in thousands,428,thousands,3,v2582709,1.6.4.1.4,NA,NA,NA,1,1,NA,1.2.6,NA,1.4,NA,1,NA,4,552.7,19.739460828659308
2003,2003-07-01,Canada,2021A000011124,11124,Unemployment,University degree,Total - Gender,25 to 44 years,120.7,120700,Persons in thousands,428,thousands,3,v2582712,1.6.7.1.4,NA,NA,NA,1,1,NA,1.2.6,NA,1.7,NA,1,NA,4,552.7,21.838248597792653
2003,2003-07-01,Canada,2021A000011124,11124,Not in labour force,0 to 8  years,Total - Gender,25 to 44 years,96.2,96200,Persons in thousands,428,thousands,3,v2582716,1.7.2.1.4,NA,NA,NA,1,1,NA,1.7,NA,1.2,NA,1,NA,4,1193.8,8.058301222985426
2003,2003-07-01,Canada,2021A000011124,11124,Not in labour force,Some high school,Total - Gender,25 to 44 years,186.2,186200,Persons in thousands,428,thousands,3,v2582717,1.7.3.1.4,NA,NA,NA,1,1,NA,1.7,NA,1.3,NA,1,NA,4,1193.8,15.597252471100688
2003,2003-07-01,Canada,2021A000011124,11124,Not in labour force,High school graduate,Total - Gender,25 to 44 years,248.4,248400,Persons in thousands,428,thousands,3,v2582718,1.7.4.1.4,NA,NA,NA,1,1,NA,1.7,NA,1.4,NA,1,NA,4,1193.8,20.807505444798124
2003,2003-07-01,Canada,2021A000011124,11124,Not in labour force,University degree,Total - Gender,25 to 44 years,236.8,236800,Persons in thousands,428,thousands,3,v2582721,1.7.7.1.4,NA,NA,NA,1,1,NA,1.7,NA,1.7,NA,1,NA,4,1193.8,19.835818395041045
2003,2003-07-01,Canada,2021A000011124,11124,Unemployment rate,0 to 8  years,Total - Gender,25 to 44 years,15.4,0.154,Percent,239,units,0,v2582725,1.8.2.1.4,NA,NA,NA,1,1,NA,8,NA,1.2,NA,1,NA,4,6.8,226.47058823529412
2003,2003-07-01,Canada,2021A000011124,11124,Unemployment rate,Some high school,Total - Gender,25 to 44 years,12.2,0.122,Percent,239,units,0,v2582726,1.8.3.1.4,NA,NA,NA,1,1,NA,8,NA,1.3,NA,1,NA,4,6.8,179.41176470588235
2003,2003-07-01,Canada,2021A000011124,11124,Unemployment rate,High school graduate,Total - Gender,25 to 44 years,7.1,0.071,Percent,239,units,0,v2582727,1.8.4.1.4,NA,NA,NA,1,1,NA,8,NA,1.4,NA,1,NA,4,6.8,104.41176470588236
2003,2003-07-01,Canada,2021A000011124,11124,Unemployment rate,University degree,Total - Gender,25 to 44 years,5.9,0.059000000000000004,Percent,239,units,0,v2582730,1.8.7.1.4,NA,NA,NA,1,1,NA,8,NA,1.7,NA,1,NA,4,6.8,86.76470588235294
2003,2003-07-01,Canada,2021A000011124,11124,Participation rate,0 to 8  years,Total - Gender,25 to 44 years,61.5,0.615,Percent,239,units,0,v2582734,1.9.2.1.4,NA,NA,NA,1,1,NA,9,NA,1.2,NA,1,NA,4,87.2,70.52752293577981
2003,2003-07-01,Canada,2021A000011124,11124,Participation rate,Some high school,Total - Gender,25 to 44 years,77.9,0.779,Percent,239,units,0,v2582735,1.9.3.1.4,NA,NA,NA,1,1,NA,9,NA,1.3,NA,1,NA,4,87.2,89.3348623853211
2003,2003-07-01,Canada,2021A000011124,11124,Participation rate,High school graduate,Total - Gender,25 to 44 years,86.1,0.861,Percent,239,units,0,v2582736,1.9.4.1.4,NA,NA,NA,1,1,NA,9,NA,1.4,NA,1,NA,4,87.2,98.73853211009174
2003,2003-07-01,Canada,2021A000011124,11124,Participation rate,University degree,Total - Gender,25 to 44 years,89.6,0.8959999999999999,Percent,239,units,0,v2582739,1.9.7.1.4,NA,NA,NA,1,1,NA,9,NA,1.7,NA,1,NA,4,87.2,102.75229357798165
2003,2003-07-01,Canada,2021A000011124,11124,Employment rate,0 to 8  years,Total - Gender,25 to 44 years,52,0.52,Percent,239,units,0,v2582743,1.10.2.1.4,NA,NA,NA,1,1,NA,10,NA,1.2,NA,1,NA,4,81.2,64.03940886699507
2003,2003-07-01,Canada,2021A000011124,11124,Employment rate,Some high school,Total - Gender,25 to 44 years,68.4,0.684,Percent,239,units,0,v2582744,1.10.3.1.4,NA,NA,NA,1,1,NA,10,NA,1.3,NA,1,NA,4,81.2,84.23645320197045
2003,2003-07-01,Canada,2021A000011124,11124,Employment rate,High school graduate,Total - Gender,25 to 44 years,80,0.8,Percent,239,units,0,v2582745,1.10.4.1.4,NA,NA,NA,1,1,NA,10,NA,1.4,NA,1,NA,4,81.2,98.52216748768473
2003,2003-07-01,Canada,2021A000011124,11124,Employment rate,University degree,Total - Gender,25 to 44 years,84.3,0.843,Percent,239,units,0,v2582748,1.10.7.1.4,NA,NA,NA,1,1,NA,10,NA,1.7,NA,1,NA,4,81.2,103.81773399014779
2004,2004-07-01,Canada,2021A000011124,11124,Population,0 to 8  years,Total - Gender,25 to 44 years,226.2,226200,Persons in thousands,428,thousands,3,v2582662,1.1.2.1.4,NA,NA,NA,1,1,NA,1,NA,1.2,NA,1,NA,4,9247.3,2.4461194078271498
2004,2004-07-01,Canada,2021A000011124,11124,Population,Some high school,Total - Gender,25 to 44 years,797,797000,Persons in thousands,428,thousands,3,v2582663,1.1.3.1.4,NA,NA,NA,1,1,NA,1,NA,1.3,NA,1,NA,4,9247.3,8.618731954192036
2004,2004-07-01,Canada,2021A000011124,11124,Population,High school graduate,Total - Gender,25 to 44 years,1769.5,1769500,Persons in thousands,428,thousands,3,v2582664,1.1.4.1.4,NA,NA,NA,1,1,NA,1,NA,1.4,NA,1,NA,4,9247.3,19.135315173077547
2004,2004-07-01,Canada,2021A000011124,11124,Population,University degree,Total - Gender,25 to 44 years,2295,2295000,Persons in thousands,428,thousands,3,v2582667,1.1.7.1.4,NA,NA,NA,1,1,NA,1,NA,1.7,NA,1,NA,4,9247.3,24.81805499983779
2004,2004-07-01,Canada,2021A000011124,11124,Labour force,0 to 8  years,Total - Gender,25 to 44 years,137.4,137400,Persons in thousands,428,thousands,3,v2582671,1.2.2.1.4,NA,NA,NA,1,1,NA,1.2,NA,1.2,NA,1,NA,4,8076.5,1.7012319692936297
2004,2004-07-01,Canada,2021A000011124,11124,Labour force,Some high school,Total - Gender,25 to 44 years,614.8,614800,Persons in thousands,428,thousands,3,v2582672,1.2.3.1.4,NA,NA,NA,1,1,NA,1.2,NA,1.3,NA,1,NA,4,8076.5,7.612208258527827
2004,2004-07-01,Canada,2021A000011124,11124,Labour force,High school graduate,Total - Gender,25 to 44 years,1525.3,1525300,Persons in thousands,428,thousands,3,v2582673,1.2.4.1.4,NA,NA,NA,1,1,NA,1.2,NA,1.4,NA,1,NA,4,8076.5,18.88565591530985
2004,2004-07-01,Canada,2021A000011124,11124,Labour force,University degree,Total - Gender,25 to 44 years,2069.2,2069199.9999999998,Persons in thousands,428,thousands,3,v2582676,1.2.7.1.4,NA,NA,NA,1,1,NA,1.2,NA,1.7,NA,1,NA,4,8076.5,25.620008667120654
2004,2004-07-01,Canada,2021A000011124,11124,Employment,0 to 8  years,Total - Gender,25 to 44 years,117.4,117400,Persons in thousands,428,thousands,3,v2582680,1.3.2.1.4,NA,NA,NA,1,1,NA,1.2.3,NA,1.2,NA,1,NA,4,7553.5,1.554246375852254
2004,2004-07-01,Canada,2021A000011124,11124,Employment,Some high school,Total - Gender,25 to 44 years,543.4,543400,Persons in thousands,428,thousands,3,v2582681,1.3.3.1.4,NA,NA,NA,1,1,NA,1.2.3,NA,1.3,NA,1,NA,4,7553.5,7.19401601906401
2004,2004-07-01,Canada,2021A000011124,11124,Employment,High school graduate,Total - Gender,25 to 44 years,1421.5,1421500,Persons in thousands,428,thousands,3,v2582682,1.3.4.1.4,NA,NA,NA,1,1,NA,1.2.3,NA,1.4,NA,1,NA,4,7553.5,18.819090487853313
2004,2004-07-01,Canada,2021A000011124,11124,Employment,University degree,Total - Gender,25 to 44 years,1958.8,1958800,Persons in thousands,428,thousands,3,v2582685,1.3.7.1.4,NA,NA,NA,1,1,NA,1.2.3,NA,1.7,NA,1,NA,4,7553.5,25.93234924207321
2004,2004-07-01,Canada,2021A000011124,11124,Full-time employment,0 to 8  years,Total - Gender,25 to 44 years,100.3,100300,Persons in thousands,428,thousands,3,v2582689,1.4.2.1.4,NA,NA,NA,1,1,NA,1.2.3.4,NA,1.2,NA,1,NA,4,6634.7,1.5117488356670234
2004,2004-07-01,Canada,2021A000011124,11124,Full-time employment,Some high school,Total - Gender,25 to 44 years,477.3,477300,Persons in thousands,428,thousands,3,v2582690,1.4.3.1.4,NA,NA,NA,1,1,NA,1.2.3.4,NA,1.3,NA,1,NA,4,6634.7,7.193995207017649
2004,2004-07-01,Canada,2021A000011124,11124,Full-time employment,High school graduate,Total - Gender,25 to 44 years,1258.7,1258700,Persons in thousands,428,thousands,3,v2582691,1.4.4.1.4,NA,NA,NA,1,1,NA,1.2.3.4,NA,1.4,NA,1,NA,4,6634.7,18.97146818997091
2004,2004-07-01,Canada,2021A000011124,11124,Full-time employment,University degree,Total - Gender,25 to 44 years,1716.6,1716600,Persons in thousands,428,thousands,3,v2582694,1.4.7.1.4,NA,NA,NA,1,1,NA,1.2.3.4,NA,1.7,NA,1,NA,4,6634.7,25.873061329072904
2004,2004-07-01,Canada,2021A000011124,11124,Part-time employment,0 to 8  years,Total - Gender,25 to 44 years,17.1,17100,Persons in thousands,428,thousands,3,v2582698,1.5.2.1.4,NA,NA,NA,1,1,NA,1.2.3.5,NA,1.2,NA,1,NA,4,918.8,1.8611232041793648
2004,2004-07-01,Canada,2021A000011124,11124,Part-time employment,Some high school,Total - Gender,25 to 44 years,66.1,66100,Persons in thousands,428,thousands,3,v2582699,1.5.3.1.4,NA,NA,NA,1,1,NA,1.2.3.5,NA,1.3,NA,1,NA,4,918.8,7.194166303874619
2004,2004-07-01,Canada,2021A000011124,11124,Part-time employment,High school graduate,Total - Gender,25 to 44 years,162.7,162700,Persons in thousands,428,thousands,3,v2582700,1.5.4.1.4,NA,NA,NA,1,1,NA,1.2.3.5,NA,1.4,NA,1,NA,4,918.8,17.707879843273833
2004,2004-07-01,Canada,2021A000011124,11124,Part-time employment,University degree,Total - Gender,25 to 44 years,242.3,242300,Persons in thousands,428,thousands,3,v2582703,1.5.7.1.4,NA,NA,NA,1,1,NA,1.2.3.5,NA,1.7,NA,1,NA,4,918.8,26.371353939921637
2004,2004-07-01,Canada,2021A000011124,11124,Unemployment,0 to 8  years,Total - Gender,25 to 44 years,20.1,20100,Persons in thousands,428,thousands,3,v2582707,1.6.2.1.4,NA,NA,NA,1,1,NA,1.2.6,NA,1.2,NA,1,NA,4,523.1,3.8424775377556877
2004,2004-07-01,Canada,2021A000011124,11124,Unemployment,Some high school,Total - Gender,25 to 44 years,71.4,71400,Persons in thousands,428,thousands,3,v2582708,1.6.3.1.4,NA,NA,NA,1,1,NA,1.2.6,NA,1.3,NA,1,NA,4,523.1,13.649397820684383
2004,2004-07-01,Canada,2021A000011124,11124,Unemployment,High school graduate,Total - Gender,25 to 44 years,103.8,103800,Persons in thousands,428,thousands,3,v2582709,1.6.4.1.4,NA,NA,NA,1,1,NA,1.2.6,NA,1.4,NA,1,NA,4,523.1,19.843242209902503
2004,2004-07-01,Canada,2021A000011124,11124,Unemployment,University degree,Total - Gender,25 to 44 years,110.4,110400,Persons in thousands,428,thousands,3,v2582712,1.6.7.1.4,NA,NA,NA,1,1,NA,1.2.6,NA,1.7,NA,1,NA,4,523.1,21.104951252150638
2004,2004-07-01,Canada,2021A000011124,11124,Not in labour force,0 to 8  years,Total - Gender,25 to 44 years,88.7,88700,Persons in thousands,428,thousands,3,v2582716,1.7.2.1.4,NA,NA,NA,1,1,NA,1.7,NA,1.2,NA,1,NA,4,1170.8,7.5760163990433895
2004,2004-07-01,Canada,2021A000011124,11124,Not in labour force,Some high school,Total - Gender,25 to 44 years,182.2,182200,Persons in thousands,428,thousands,3,v2582717,1.7.3.1.4,NA,NA,NA,1,1,NA,1.7,NA,1.3,NA,1,NA,4,1170.8,15.562008882815169
2004,2004-07-01,Canada,2021A000011124,11124,Not in labour force,High school graduate,Total - Gender,25 to 44 years,244.2,244200,Persons in thousands,428,thousands,3,v2582718,1.7.4.1.4,NA,NA,NA,1,1,NA,1.7,NA,1.4,NA,1,NA,4,1170.8,20.857533310556885
2004,2004-07-01,Canada,2021A000011124,11124,Not in labour force,University degree,Total - Gender,25 to 44 years,225.8,225800,Persons in thousands,428,thousands,3,v2582721,1.7.7.1.4,NA,NA,NA,1,1,NA,1.7,NA,1.7,NA,1,NA,4,1170.8,19.285958319098054
2004,2004-07-01,Canada,2021A000011124,11124,Unemployment rate,0 to 8  years,Total - Gender,25 to 44 years,14.6,0.146,Percent,239,units,0,v2582725,1.8.2.1.4,NA,NA,NA,1,1,NA,8,NA,1.2,NA,1,NA,4,6.5,224.6153846153846
2004,2004-07-01,Canada,2021A000011124,11124,Unemployment rate,Some high school,Total - Gender,25 to 44 years,11.6,0.11599999999999999,Percent,239,units,0,v2582726,1.8.3.1.4,NA,NA,NA,1,1,NA,8,NA,1.3,NA,1,NA,4,6.5,178.46153846153845
2004,2004-07-01,Canada,2021A000011124,11124,Unemployment rate,High school graduate,Total - Gender,25 to 44 years,6.8,0.068,Percent,239,units,0,v2582727,1.8.4.1.4,NA,NA,NA,1,1,NA,8,NA,1.4,NA,1,NA,4,6.5,104.61538461538461
2004,2004-07-01,Canada,2021A000011124,11124,Unemployment rate,University degree,Total - Gender,25 to 44 years,5.3,0.053,Percent,239,units,0,v2582730,1.8.7.1.4,NA,NA,NA,1,1,NA,8,NA,1.7,NA,1,NA,4,6.5,81.53846153846153
2004,2004-07-01,Canada,2021A000011124,11124,Participation rate,0 to 8  years,Total - Gender,25 to 44 years,60.7,0.607,Percent,239,units,0,v2582734,1.9.2.1.4,NA,NA,NA,1,1,NA,9,NA,1.2,NA,1,NA,4,87.3,69.53035509736542
2004,2004-07-01,Canada,2021A000011124,11124,Participation rate,Some high school,Total - Gender,25 to 44 years,77.1,0.7709999999999999,Percent,239,units,0,v2582735,1.9.3.1.4,NA,NA,NA,1,1,NA,9,NA,1.3,NA,1,NA,4,87.3,88.31615120274914
2004,2004-07-01,Canada,2021A000011124,11124,Participation rate,High school graduate,Total - Gender,25 to 44 years,86.2,0.862,Percent,239,units,0,v2582736,1.9.4.1.4,NA,NA,NA,1,1,NA,9,NA,1.4,NA,1,NA,4,87.3,98.73997709049256
2004,2004-07-01,Canada,2021A000011124,11124,Participation rate,University degree,Total - Gender,25 to 44 years,90.2,0.902,Percent,239,units,0,v2582739,1.9.7.1.4,NA,NA,NA,1,1,NA,9,NA,1.7,NA,1,NA,4,87.3,103.32187857961054
2004,2004-07-01,Canada,2021A000011124,11124,Employment rate,0 to 8  years,Total - Gender,25 to 44 years,51.9,0.519,Percent,239,units,0,v2582743,1.10.2.1.4,NA,NA,NA,1,1,NA,10,NA,1.2,NA,1,NA,4,81.7,63.5250917992656
2004,2004-07-01,Canada,2021A000011124,11124,Employment rate,Some high school,Total - Gender,25 to 44 years,68.2,0.682,Percent,239,units,0,v2582744,1.10.3.1.4,NA,NA,NA,1,1,NA,10,NA,1.3,NA,1,NA,4,81.7,83.47613219094247
2004,2004-07-01,Canada,2021A000011124,11124,Employment rate,High school graduate,Total - Gender,25 to 44 years,80.3,0.8029999999999999,Percent,239,units,0,v2582745,1.10.4.1.4,NA,NA,NA,1,1,NA,10,NA,1.4,NA,1,NA,4,81.7,98.28641370869033
2004,2004-07-01,Canada,2021A000011124,11124,Employment rate,University degree,Total - Gender,25 to 44 years,85.4,0.8540000000000001,Percent,239,units,0,v2582748,1.10.7.1.4,NA,NA,NA,1,1,NA,10,NA,1.7,NA,1,NA,4,81.7,104.52876376988984
2005,2005-07-01,Canada,2021A000011124,11124,Population,0 to 8  years,Total - Gender,25 to 44 years,220.2,220200,Persons in thousands,428,thousands,3,v2582662,1.1.2.1.4,NA,NA,NA,1,1,NA,1,NA,1.2,NA,1,NA,4,9200.1,2.3934522450842923
2005,2005-07-01,Canada,2021A000011124,11124,Population,Some high school,Total - Gender,25 to 44 years,747.1,747100,Persons in thousands,428,thousands,3,v2582663,1.1.3.1.4,NA,NA,NA,1,1,NA,1,NA,1.3,NA,1,NA,4,9200.1,8.120563906914056
2005,2005-07-01,Canada,2021A000011124,11124,Population,High school graduate,Total - Gender,25 to 44 years,1751.8,1751800,Persons in thousands,428,thousands,3,v2582664,1.1.4.1.4,NA,NA,NA,1,1,NA,1,NA,1.4,NA,1,NA,4,9200.1,19.04109737937631
2005,2005-07-01,Canada,2021A000011124,11124,Population,University degree,Total - Gender,25 to 44 years,2409.3,2409300,Persons in thousands,428,thousands,3,v2582667,1.1.7.1.4,NA,NA,NA,1,1,NA,1,NA,1.7,NA,1,NA,4,9200.1,26.187758828708386
2005,2005-07-01,Canada,2021A000011124,11124,Labour force,0 to 8  years,Total - Gender,25 to 44 years,132.6,132600,Persons in thousands,428,thousands,3,v2582671,1.2.2.1.4,NA,NA,NA,1,1,NA,1.2,NA,1.2,NA,1,NA,4,8011.4,1.6551414234715531
2005,2005-07-01,Canada,2021A000011124,11124,Labour force,Some high school,Total - Gender,25 to 44 years,578.5,578500,Persons in thousands,428,thousands,3,v2582672,1.2.3.1.4,NA,NA,NA,1,1,NA,1.2,NA,1.3,NA,1,NA,4,8011.4,7.220960131812168
2005,2005-07-01,Canada,2021A000011124,11124,Labour force,High school graduate,Total - Gender,25 to 44 years,1500.5,1500500,Persons in thousands,428,thousands,3,v2582673,1.2.4.1.4,NA,NA,NA,1,1,NA,1.2,NA,1.4,NA,1,NA,4,8011.4,18.72956037646354
2005,2005-07-01,Canada,2021A000011124,11124,Labour force,University degree,Total - Gender,25 to 44 years,2163.8,2163800,Persons in thousands,428,thousands,3,v2582676,1.2.7.1.4,NA,NA,NA,1,1,NA,1.2,NA,1.7,NA,1,NA,4,8011.4,27.00901215767532
2005,2005-07-01,Canada,2021A000011124,11124,Employment,0 to 8  years,Total - Gender,25 to 44 years,113.7,113700,Persons in thousands,428,thousands,3,v2582680,1.3.2.1.4,NA,NA,NA,1,1,NA,1.2.3,NA,1.2,NA,1,NA,4,7528.9,1.5101807700992178
2005,2005-07-01,Canada,2021A000011124,11124,Employment,Some high school,Total - Gender,25 to 44 years,516.4,516400,Persons in thousands,428,thousands,3,v2582681,1.3.3.1.4,NA,NA,NA,1,1,NA,1.2.3,NA,1.3,NA,1,NA,4,7528.9,6.858903691110256
2005,2005-07-01,Canada,2021A000011124,11124,Employment,High school graduate,Total - Gender,25 to 44 years,1405.5,1405500,Persons in thousands,428,thousands,3,v2582682,1.3.4.1.4,NA,NA,NA,1,1,NA,1.2.3,NA,1.4,NA,1,NA,4,7528.9,18.668065720091914
2005,2005-07-01,Canada,2021A000011124,11124,Employment,University degree,Total - Gender,25 to 44 years,2059.8,2059800.0000000002,Persons in thousands,428,thousands,3,v2582685,1.3.7.1.4,NA,NA,NA,1,1,NA,1.2.3,NA,1.7,NA,1,NA,4,7528.9,27.358578278367364
2005,2005-07-01,Canada,2021A000011124,11124,Full-time employment,0 to 8  years,Total - Gender,25 to 44 years,97.6,97600,Persons in thousands,428,thousands,3,v2582689,1.4.2.1.4,NA,NA,NA,1,1,NA,1.2.3.4,NA,1.2,NA,1,NA,4,6622.3,1.4738081935279284
2005,2005-07-01,Canada,2021A000011124,11124,Full-time employment,Some high school,Total - Gender,25 to 44 years,459.9,459900,Persons in thousands,428,thousands,3,v2582690,1.4.3.1.4,NA,NA,NA,1,1,NA,1.2.3.4,NA,1.3,NA,1,NA,4,6622.3,6.944717092248917
2005,2005-07-01,Canada,2021A000011124,11124,Full-time employment,High school graduate,Total - Gender,25 to 44 years,1243.9,1243900,Persons in thousands,428,thousands,3,v2582691,1.4.4.1.4,NA,NA,NA,1,1,NA,1.2.3.4,NA,1.4,NA,1,NA,4,6622.3,18.783504220588014
2005,2005-07-01,Canada,2021A000011124,11124,Full-time employment,University degree,Total - Gender,25 to 44 years,1815.2,1815200,Persons in thousands,428,thousands,3,v2582694,1.4.7.1.4,NA,NA,NA,1,1,NA,1.2.3.4,NA,1.7,NA,1,NA,4,6622.3,27.410416320613685
2005,2005-07-01,Canada,2021A000011124,11124,Part-time employment,0 to 8  years,Total - Gender,25 to 44 years,16.1,16100.000000000002,Persons in thousands,428,thousands,3,v2582698,1.5.2.1.4,NA,NA,NA,1,1,NA,1.2.3.5,NA,1.2,NA,1,NA,4,906.5,1.7760617760617763
2005,2005-07-01,Canada,2021A000011124,11124,Part-time employment,Some high school,Total - Gender,25 to 44 years,56.5,56500,Persons in thousands,428,thousands,3,v2582699,1.5.3.1.4,NA,NA,NA,1,1,NA,1.2.3.5,NA,1.3,NA,1,NA,4,906.5,6.232763375620518
2005,2005-07-01,Canada,2021A000011124,11124,Part-time employment,High school graduate,Total - Gender,25 to 44 years,161.6,161600,Persons in thousands,428,thousands,3,v2582700,1.5.4.1.4,NA,NA,NA,1,1,NA,1.2.3.5,NA,1.4,NA,1,NA,4,906.5,17.826806398234968
2005,2005-07-01,Canada,2021A000011124,11124,Part-time employment,University degree,Total - Gender,25 to 44 years,244.6,244600,Persons in thousands,428,thousands,3,v2582703,1.5.7.1.4,NA,NA,NA,1,1,NA,1.2.3.5,NA,1.7,NA,1,NA,4,906.5,26.982901268615553
2005,2005-07-01,Canada,2021A000011124,11124,Unemployment,0 to 8  years,Total - Gender,25 to 44 years,18.9,18900,Persons in thousands,428,thousands,3,v2582707,1.6.2.1.4,NA,NA,NA,1,1,NA,1.2.6,NA,1.2,NA,1,NA,4,482.6,3.9162867799419803
2005,2005-07-01,Canada,2021A000011124,11124,Unemployment,Some high school,Total - Gender,25 to 44 years,62.1,62100,Persons in thousands,428,thousands,3,v2582708,1.6.3.1.4,NA,NA,NA,1,1,NA,1.2.6,NA,1.3,NA,1,NA,4,482.6,12.867799419809366
2005,2005-07-01,Canada,2021A000011124,11124,Unemployment,High school graduate,Total - Gender,25 to 44 years,95,95000,Persons in thousands,428,thousands,3,v2582709,1.6.4.1.4,NA,NA,NA,1,1,NA,1.2.6,NA,1.4,NA,1,NA,4,482.6,19.68503937007874
2005,2005-07-01,Canada,2021A000011124,11124,Unemployment,University degree,Total - Gender,25 to 44 years,104,104000,Persons in thousands,428,thousands,3,v2582712,1.6.7.1.4,NA,NA,NA,1,1,NA,1.2.6,NA,1.7,NA,1,NA,4,482.6,21.549937836717778
2005,2005-07-01,Canada,2021A000011124,11124,Not in labour force,0 to 8  years,Total - Gender,25 to 44 years,87.6,87600,Persons in thousands,428,thousands,3,v2582716,1.7.2.1.4,NA,NA,NA,1,1,NA,1.7,NA,1.2,NA,1,NA,4,1188.6,7.370015143866735
2005,2005-07-01,Canada,2021A000011124,11124,Not in labour force,Some high school,Total - Gender,25 to 44 years,168.6,168600,Persons in thousands,428,thousands,3,v2582717,1.7.3.1.4,NA,NA,NA,1,1,NA,1.7,NA,1.3,NA,1,NA,4,1188.6,14.184755174154468
2005,2005-07-01,Canada,2021A000011124,11124,Not in labour force,High school graduate,Total - Gender,25 to 44 years,251.3,251300,Persons in thousands,428,thousands,3,v2582718,1.7.4.1.4,NA,NA,NA,1,1,NA,1.7,NA,1.4,NA,1,NA,4,1188.6,21.142520612485278
2005,2005-07-01,Canada,2021A000011124,11124,Not in labour force,University degree,Total - Gender,25 to 44 years,245.5,245500,Persons in thousands,428,thousands,3,v2582721,1.7.7.1.4,NA,NA,NA,1,1,NA,1.7,NA,1.7,NA,1,NA,4,1188.6,20.65455157327949
2005,2005-07-01,Canada,2021A000011124,11124,Unemployment rate,0 to 8  years,Total - Gender,25 to 44 years,14.3,0.14300000000000002,Percent,239,units,0,v2582725,1.8.2.1.4,NA,NA,NA,1,1,NA,8,NA,1.2,NA,1,NA,4,6,238.33333333333334
2005,2005-07-01,Canada,2021A000011124,11124,Unemployment rate,Some high school,Total - Gender,25 to 44 years,10.7,0.107,Percent,239,units,0,v2582726,1.8.3.1.4,NA,NA,NA,1,1,NA,8,NA,1.3,NA,1,NA,4,6,178.33333333333334
2005,2005-07-01,Canada,2021A000011124,11124,Unemployment rate,High school graduate,Total - Gender,25 to 44 years,6.3,0.063,Percent,239,units,0,v2582727,1.8.4.1.4,NA,NA,NA,1,1,NA,8,NA,1.4,NA,1,NA,4,6,105
2005,2005-07-01,Canada,2021A000011124,11124,Unemployment rate,University degree,Total - Gender,25 to 44 years,4.8,0.048,Percent,239,units,0,v2582730,1.8.7.1.4,NA,NA,NA,1,1,NA,8,NA,1.7,NA,1,NA,4,6,80
2005,2005-07-01,Canada,2021A000011124,11124,Participation rate,0 to 8  years,Total - Gender,25 to 44 years,60.2,0.602,Percent,239,units,0,v2582734,1.9.2.1.4,NA,NA,NA,1,1,NA,9,NA,1.2,NA,1,NA,4,87.1,69.11595866819748
2005,2005-07-01,Canada,2021A000011124,11124,Participation rate,Some high school,Total - Gender,25 to 44 years,77.4,0.774,Percent,239,units,0,v2582735,1.9.3.1.4,NA,NA,NA,1,1,NA,9,NA,1.3,NA,1,NA,4,87.1,88.86337543053962
2005,2005-07-01,Canada,2021A000011124,11124,Participation rate,High school graduate,Total - Gender,25 to 44 years,85.7,0.857,Percent,239,units,0,v2582736,1.9.4.1.4,NA,NA,NA,1,1,NA,9,NA,1.4,NA,1,NA,4,87.1,98.39265212399542
2005,2005-07-01,Canada,2021A000011124,11124,Participation rate,University degree,Total - Gender,25 to 44 years,89.8,0.898,Percent,239,units,0,v2582739,1.9.7.1.4,NA,NA,NA,1,1,NA,9,NA,1.7,NA,1,NA,4,87.1,103.09988518943743
2005,2005-07-01,Canada,2021A000011124,11124,Employment rate,0 to 8  years,Total - Gender,25 to 44 years,51.6,0.516,Percent,239,units,0,v2582743,1.10.2.1.4,NA,NA,NA,1,1,NA,10,NA,1.2,NA,1,NA,4,81.8,63.08068459657702
2005,2005-07-01,Canada,2021A000011124,11124,Employment rate,Some high school,Total - Gender,25 to 44 years,69.1,0.691,Percent,239,units,0,v2582744,1.10.3.1.4,NA,NA,NA,1,1,NA,10,NA,1.3,NA,1,NA,4,81.8,84.47432762836185
2005,2005-07-01,Canada,2021A000011124,11124,Employment rate,High school graduate,Total - Gender,25 to 44 years,80.2,0.802,Percent,239,units,0,v2582745,1.10.4.1.4,NA,NA,NA,1,1,NA,10,NA,1.4,NA,1,NA,4,81.8,98.0440097799511
2005,2005-07-01,Canada,2021A000011124,11124,Employment rate,University degree,Total - Gender,25 to 44 years,85.5,0.855,Percent,239,units,0,v2582748,1.10.7.1.4,NA,NA,NA,1,1,NA,10,NA,1.7,NA,1,NA,4,81.8,104.52322738386309
2006,2006-07-01,Canada,2021A000011124,11124,Population,0 to 8  years,Total - Gender,25 to 44 years,203.1,203100,Persons in thousands,428,thousands,3,v2582662,1.1.2.1.4,NA,NA,NA,1,1,NA,1,NA,1.2,NA,1,NA,4,9154.1,2.218677969434461
2006,2006-07-01,Canada,2021A000011124,11124,Population,Some high school,Total - Gender,25 to 44 years,732.7,732700,Persons in thousands,428,thousands,3,v2582663,1.1.3.1.4,NA,NA,NA,1,1,NA,1,NA,1.3,NA,1,NA,4,9154.1,8.004063752853913
2006,2006-07-01,Canada,2021A000011124,11124,Population,High school graduate,Total - Gender,25 to 44 years,1734.2,1734200,Persons in thousands,428,thousands,3,v2582664,1.1.4.1.4,NA,NA,NA,1,1,NA,1,NA,1.4,NA,1,NA,4,9154.1,18.94451666466392
2006,2006-07-01,Canada,2021A000011124,11124,Population,University degree,Total - Gender,25 to 44 years,2514.4,2514400,Persons in thousands,428,thousands,3,v2582667,1.1.7.1.4,NA,NA,NA,1,1,NA,1,NA,1.7,NA,1,NA,4,9154.1,27.467473591068483
2006,2006-07-01,Canada,2021A000011124,11124,Labour force,0 to 8  years,Total - Gender,25 to 44 years,121.2,121200,Persons in thousands,428,thousands,3,v2582671,1.2.2.1.4,NA,NA,NA,1,1,NA,1.2,NA,1.2,NA,1,NA,4,7964.5,1.5217527779521627
2006,2006-07-01,Canada,2021A000011124,11124,Labour force,Some high school,Total - Gender,25 to 44 years,551.2,551200,Persons in thousands,428,thousands,3,v2582672,1.2.3.1.4,NA,NA,NA,1,1,NA,1.2,NA,1.3,NA,1,NA,4,7964.5,6.920710653525018
2006,2006-07-01,Canada,2021A000011124,11124,Labour force,High school graduate,Total - Gender,25 to 44 years,1472.7,1472700,Persons in thousands,428,thousands,3,v2582673,1.2.4.1.4,NA,NA,NA,1,1,NA,1.2,NA,1.4,NA,1,NA,4,7964.5,18.490802938037543
2006,2006-07-01,Canada,2021A000011124,11124,Labour force,University degree,Total - Gender,25 to 44 years,2260.9,2260900,Persons in thousands,428,thousands,3,v2582676,1.2.7.1.4,NA,NA,NA,1,1,NA,1.2,NA,1.7,NA,1,NA,4,7964.5,28.387218281122482
2006,2006-07-01,Canada,2021A000011124,11124,Employment,0 to 8  years,Total - Gender,25 to 44 years,105,105000,Persons in thousands,428,thousands,3,v2582680,1.3.2.1.4,NA,NA,NA,1,1,NA,1.2.3,NA,1.2,NA,1,NA,4,7499.8,1.4000373343289154
2006,2006-07-01,Canada,2021A000011124,11124,Employment,Some high school,Total - Gender,25 to 44 years,489.4,489400,Persons in thousands,428,thousands,3,v2582681,1.3.3.1.4,NA,NA,NA,1,1,NA,1.2.3,NA,1.3,NA,1,NA,4,7499.8,6.525507346862583
2006,2006-07-01,Canada,2021A000011124,11124,Employment,High school graduate,Total - Gender,25 to 44 years,1378.3,1378300,Persons in thousands,428,thousands,3,v2582682,1.3.4.1.4,NA,NA,NA,1,1,NA,1.2.3,NA,1.4,NA,1,NA,4,7499.8,18.37782340862423
2006,2006-07-01,Canada,2021A000011124,11124,Employment,University degree,Total - Gender,25 to 44 years,2162.8,2162800,Persons in thousands,428,thousands,3,v2582685,1.3.7.1.4,NA,NA,NA,1,1,NA,1.2.3,NA,1.7,NA,1,NA,4,7499.8,28.83810234939599
2006,2006-07-01,Canada,2021A000011124,11124,Full-time employment,0 to 8  years,Total - Gender,25 to 44 years,92.6,92600,Persons in thousands,428,thousands,3,v2582689,1.4.2.1.4,NA,NA,NA,1,1,NA,1.2.3.4,NA,1.2,NA,1,NA,4,6630.3,1.3966185542132332
2006,2006-07-01,Canada,2021A000011124,11124,Full-time employment,Some high school,Total - Gender,25 to 44 years,430,430000,Persons in thousands,428,thousands,3,v2582690,1.4.3.1.4,NA,NA,NA,1,1,NA,1.2.3.4,NA,1.3,NA,1,NA,4,6630.3,6.485377735547411
2006,2006-07-01,Canada,2021A000011124,11124,Full-time employment,High school graduate,Total - Gender,25 to 44 years,1220.7,1220700,Persons in thousands,428,thousands,3,v2582691,1.4.4.1.4,NA,NA,NA,1,1,NA,1.2.3.4,NA,1.4,NA,1,NA,4,6630.3,18.410931632052847
2006,2006-07-01,Canada,2021A000011124,11124,Full-time employment,University degree,Total - Gender,25 to 44 years,1910.6,1910600,Persons in thousands,428,thousands,3,v2582694,1.4.7.1.4,NA,NA,NA,1,1,NA,1.2.3.4,NA,1.7,NA,1,NA,4,6630.3,28.81619232915554
2006,2006-07-01,Canada,2021A000011124,11124,Part-time employment,0 to 8  years,Total - Gender,25 to 44 years,12.4,12400,Persons in thousands,428,thousands,3,v2582698,1.5.2.1.4,NA,NA,NA,1,1,NA,1.2.3.5,NA,1.2,NA,1,NA,4,869.6,1.4259429622815087
2006,2006-07-01,Canada,2021A000011124,11124,Part-time employment,Some high school,Total - Gender,25 to 44 years,59.5,59500,Persons in thousands,428,thousands,3,v2582699,1.5.3.1.4,NA,NA,NA,1,1,NA,1.2.3.5,NA,1.3,NA,1,NA,4,869.6,6.842226310947562
2006,2006-07-01,Canada,2021A000011124,11124,Part-time employment,High school graduate,Total - Gender,25 to 44 years,157.5,157500,Persons in thousands,428,thousands,3,v2582700,1.5.4.1.4,NA,NA,NA,1,1,NA,1.2.3.5,NA,1.4,NA,1,NA,4,869.6,18.11177552897884
2006,2006-07-01,Canada,2021A000011124,11124,Part-time employment,University degree,Total - Gender,25 to 44 years,252.3,252300,Persons in thousands,428,thousands,3,v2582703,1.5.7.1.4,NA,NA,NA,1,1,NA,1.2.3.5,NA,1.7,NA,1,NA,4,869.6,29.013339466421343
2006,2006-07-01,Canada,2021A000011124,11124,Unemployment,0 to 8  years,Total - Gender,25 to 44 years,16.2,16200,Persons in thousands,428,thousands,3,v2582707,1.6.2.1.4,NA,NA,NA,1,1,NA,1.2.6,NA,1.2,NA,1,NA,4,464.7,3.486120077469335
2006,2006-07-01,Canada,2021A000011124,11124,Unemployment,Some high school,Total - Gender,25 to 44 years,61.8,61800,Persons in thousands,428,thousands,3,v2582708,1.6.3.1.4,NA,NA,NA,1,1,NA,1.2.6,NA,1.3,NA,1,NA,4,464.7,13.29890251775339
2006,2006-07-01,Canada,2021A000011124,11124,Unemployment,High school graduate,Total - Gender,25 to 44 years,94.5,94500,Persons in thousands,428,thousands,3,v2582709,1.6.4.1.4,NA,NA,NA,1,1,NA,1.2.6,NA,1.4,NA,1,NA,4,464.7,20.335700451904454
2006,2006-07-01,Canada,2021A000011124,11124,Unemployment,University degree,Total - Gender,25 to 44 years,98,98000,Persons in thousands,428,thousands,3,v2582712,1.6.7.1.4,NA,NA,NA,1,1,NA,1.2.6,NA,1.7,NA,1,NA,4,464.7,21.088874542715732
2006,2006-07-01,Canada,2021A000011124,11124,Not in labour force,0 to 8  years,Total - Gender,25 to 44 years,81.9,81900,Persons in thousands,428,thousands,3,v2582716,1.7.2.1.4,NA,NA,NA,1,1,NA,1.7,NA,1.2,NA,1,NA,4,1189.5,6.885245901639345
2006,2006-07-01,Canada,2021A000011124,11124,Not in labour force,Some high school,Total - Gender,25 to 44 years,181.5,181500,Persons in thousands,428,thousands,3,v2582717,1.7.3.1.4,NA,NA,NA,1,1,NA,1.7,NA,1.3,NA,1,NA,4,1189.5,15.258511979823455
2006,2006-07-01,Canada,2021A000011124,11124,Not in labour force,High school graduate,Total - Gender,25 to 44 years,261.4,261399.99999999997,Persons in thousands,428,thousands,3,v2582718,1.7.4.1.4,NA,NA,NA,1,1,NA,1.7,NA,1.4,NA,1,NA,4,1189.5,21.975620008406892
2006,2006-07-01,Canada,2021A000011124,11124,Not in labour force,University degree,Total - Gender,25 to 44 years,253.5,253500,Persons in thousands,428,thousands,3,v2582721,1.7.7.1.4,NA,NA,NA,1,1,NA,1.7,NA,1.7,NA,1,NA,4,1189.5,21.311475409836067
2006,2006-07-01,Canada,2021A000011124,11124,Unemployment rate,0 to 8  years,Total - Gender,25 to 44 years,13.4,0.134,Percent,239,units,0,v2582725,1.8.2.1.4,NA,NA,NA,1,1,NA,8,NA,1.2,NA,1,NA,4,5.8,231.0344827586207
2006,2006-07-01,Canada,2021A000011124,11124,Unemployment rate,Some high school,Total - Gender,25 to 44 years,11.2,0.11199999999999999,Percent,239,units,0,v2582726,1.8.3.1.4,NA,NA,NA,1,1,NA,8,NA,1.3,NA,1,NA,4,5.8,193.10344827586206
2006,2006-07-01,Canada,2021A000011124,11124,Unemployment rate,High school graduate,Total - Gender,25 to 44 years,6.4,0.064,Percent,239,units,0,v2582727,1.8.4.1.4,NA,NA,NA,1,1,NA,8,NA,1.4,NA,1,NA,4,5.8,110.3448275862069
2006,2006-07-01,Canada,2021A000011124,11124,Unemployment rate,University degree,Total - Gender,25 to 44 years,4.3,0.043,Percent,239,units,0,v2582730,1.8.7.1.4,NA,NA,NA,1,1,NA,8,NA,1.7,NA,1,NA,4,5.8,74.13793103448276
2006,2006-07-01,Canada,2021A000011124,11124,Participation rate,0 to 8  years,Total - Gender,25 to 44 years,59.7,0.597,Percent,239,units,0,v2582734,1.9.2.1.4,NA,NA,NA,1,1,NA,9,NA,1.2,NA,1,NA,4,87,68.62068965517241
2006,2006-07-01,Canada,2021A000011124,11124,Participation rate,Some high school,Total - Gender,25 to 44 years,75.2,0.752,Percent,239,units,0,v2582735,1.9.3.1.4,NA,NA,NA,1,1,NA,9,NA,1.3,NA,1,NA,4,87,86.4367816091954
2006,2006-07-01,Canada,2021A000011124,11124,Participation rate,High school graduate,Total - Gender,25 to 44 years,84.9,0.8490000000000001,Percent,239,units,0,v2582736,1.9.4.1.4,NA,NA,NA,1,1,NA,9,NA,1.4,NA,1,NA,4,87,97.58620689655173
2006,2006-07-01,Canada,2021A000011124,11124,Participation rate,University degree,Total - Gender,25 to 44 years,89.9,0.899,Percent,239,units,0,v2582739,1.9.7.1.4,NA,NA,NA,1,1,NA,9,NA,1.7,NA,1,NA,4,87,103.33333333333333
2006,2006-07-01,Canada,2021A000011124,11124,Employment rate,0 to 8  years,Total - Gender,25 to 44 years,51.7,0.517,Percent,239,units,0,v2582743,1.10.2.1.4,NA,NA,NA,1,1,NA,10,NA,1.2,NA,1,NA,4,81.9,63.12576312576312
2006,2006-07-01,Canada,2021A000011124,11124,Employment rate,Some high school,Total - Gender,25 to 44 years,66.8,0.6679999999999999,Percent,239,units,0,v2582744,1.10.3.1.4,NA,NA,NA,1,1,NA,10,NA,1.3,NA,1,NA,4,81.9,81.56288156288156
2006,2006-07-01,Canada,2021A000011124,11124,Employment rate,High school graduate,Total - Gender,25 to 44 years,79.5,0.795,Percent,239,units,0,v2582745,1.10.4.1.4,NA,NA,NA,1,1,NA,10,NA,1.4,NA,1,NA,4,81.9,97.06959706959707
2006,2006-07-01,Canada,2021A000011124,11124,Employment rate,University degree,Total - Gender,25 to 44 years,86,0.86,Percent,239,units,0,v2582748,1.10.7.1.4,NA,NA,NA,1,1,NA,10,NA,1.7,NA,1,NA,4,81.9,105.006105006105
2007,2007-07-01,Canada,2021A000011124,11124,Population,0 to 8  years,Total - Gender,25 to 44 years,189.7,189700,Persons in thousands,428,thousands,3,v2582662,1.1.2.1.4,NA,NA,NA,1,1,NA,1,NA,1.2,NA,1,NA,4,9115.6,2.0810478739742857
2007,2007-07-01,Canada,2021A000011124,11124,Population,Some high school,Total - Gender,25 to 44 years,686.4,686400,Persons in thousands,428,thousands,3,v2582663,1.1.3.1.4,NA,NA,NA,1,1,NA,1,NA,1.3,NA,1,NA,4,9115.6,7.529948659440958
2007,2007-07-01,Canada,2021A000011124,11124,Population,High school graduate,Total - Gender,25 to 44 years,1673.2,1673200,Persons in thousands,428,thousands,3,v2582664,1.1.4.1.4,NA,NA,NA,1,1,NA,1,NA,1.4,NA,1,NA,4,9115.6,18.35534687787968
2007,2007-07-01,Canada,2021A000011124,11124,Population,University degree,Total - Gender,25 to 44 years,2540.9,2540900,Persons in thousands,428,thousands,3,v2582667,1.1.7.1.4,NA,NA,NA,1,1,NA,1,NA,1.7,NA,1,NA,4,9115.6,27.874193689938128
2007,2007-07-01,Canada,2021A000011124,11124,Labour force,0 to 8  years,Total - Gender,25 to 44 years,114.1,114100,Persons in thousands,428,thousands,3,v2582671,1.2.2.1.4,NA,NA,NA,1,1,NA,1.2,NA,1.2,NA,1,NA,4,7955.1,1.4343000087993865
2007,2007-07-01,Canada,2021A000011124,11124,Labour force,Some high school,Total - Gender,25 to 44 years,528.4,528400,Persons in thousands,428,thousands,3,v2582672,1.2.3.1.4,NA,NA,NA,1,1,NA,1.2,NA,1.3,NA,1,NA,4,7955.1,6.64227979535141
2007,2007-07-01,Canada,2021A000011124,11124,Labour force,High school graduate,Total - Gender,25 to 44 years,1430.8,1430800,Persons in thousands,428,thousands,3,v2582673,1.2.4.1.4,NA,NA,NA,1,1,NA,1.2,NA,1.4,NA,1,NA,4,7955.1,17.985946122613164
2007,2007-07-01,Canada,2021A000011124,11124,Labour force,University degree,Total - Gender,25 to 44 years,2268.5,2268500,Persons in thousands,428,thousands,3,v2582676,1.2.7.1.4,NA,NA,NA,1,1,NA,1.2,NA,1.7,NA,1,NA,4,7955.1,28.51629772095888
2007,2007-07-01,Canada,2021A000011124,11124,Employment,0 to 8  years,Total - Gender,25 to 44 years,98,98000,Persons in thousands,428,thousands,3,v2582680,1.3.2.1.4,NA,NA,NA,1,1,NA,1.2.3,NA,1.2,NA,1,NA,4,7515.9,1.3039023935922511
2007,2007-07-01,Canada,2021A000011124,11124,Employment,Some high school,Total - Gender,25 to 44 years,466.9,466900,Persons in thousands,428,thousands,3,v2582681,1.3.3.1.4,NA,NA,NA,1,1,NA,1.2.3,NA,1.3,NA,1,NA,4,7515.9,6.212163546614511
2007,2007-07-01,Canada,2021A000011124,11124,Employment,High school graduate,Total - Gender,25 to 44 years,1342.7,1342700,Persons in thousands,428,thousands,3,v2582682,1.3.4.1.4,NA,NA,NA,1,1,NA,1.2.3,NA,1.4,NA,1,NA,4,7515.9,17.864793304860363
2007,2007-07-01,Canada,2021A000011124,11124,Employment,University degree,Total - Gender,25 to 44 years,2183.6,2183600,Persons in thousands,428,thousands,3,v2582685,1.3.7.1.4,NA,NA,NA,1,1,NA,1.2.3,NA,1.7,NA,1,NA,4,7515.9,29.053074149469793
2007,2007-07-01,Canada,2021A000011124,11124,Full-time employment,0 to 8  years,Total - Gender,25 to 44 years,87,87000,Persons in thousands,428,thousands,3,v2582689,1.4.2.1.4,NA,NA,NA,1,1,NA,1.2.3.4,NA,1.2,NA,1,NA,4,6646,1.3090580800481493
2007,2007-07-01,Canada,2021A000011124,11124,Full-time employment,Some high school,Total - Gender,25 to 44 years,412.2,412200,Persons in thousands,428,thousands,3,v2582690,1.4.3.1.4,NA,NA,NA,1,1,NA,1.2.3.4,NA,1.3,NA,1,NA,4,6646,6.2022269034005415
2007,2007-07-01,Canada,2021A000011124,11124,Full-time employment,High school graduate,Total - Gender,25 to 44 years,1187,1187000,Persons in thousands,428,thousands,3,v2582691,1.4.4.1.4,NA,NA,NA,1,1,NA,1.2.3.4,NA,1.4,NA,1,NA,4,6646,17.860367138128197
2007,2007-07-01,Canada,2021A000011124,11124,Full-time employment,University degree,Total - Gender,25 to 44 years,1942.8,1942800,Persons in thousands,428,thousands,3,v2582694,1.4.7.1.4,NA,NA,NA,1,1,NA,1.2.3.4,NA,1.7,NA,1,NA,4,6646,29.232621125489015
2007,2007-07-01,Canada,2021A000011124,11124,Part-time employment,0 to 8  years,Total - Gender,25 to 44 years,11,11000,Persons in thousands,428,thousands,3,v2582698,1.5.2.1.4,NA,NA,NA,1,1,NA,1.2.3.5,NA,1.2,NA,1,NA,4,869.9,1.2645131624324635
2007,2007-07-01,Canada,2021A000011124,11124,Part-time employment,Some high school,Total - Gender,25 to 44 years,54.7,54700,Persons in thousands,428,thousands,3,v2582699,1.5.3.1.4,NA,NA,NA,1,1,NA,1.2.3.5,NA,1.3,NA,1,NA,4,869.9,6.288079089550523
2007,2007-07-01,Canada,2021A000011124,11124,Part-time employment,High school graduate,Total - Gender,25 to 44 years,155.7,155700,Persons in thousands,428,thousands,3,v2582700,1.5.4.1.4,NA,NA,NA,1,1,NA,1.2.3.5,NA,1.4,NA,1,NA,4,869.9,17.89860903552132
2007,2007-07-01,Canada,2021A000011124,11124,Part-time employment,University degree,Total - Gender,25 to 44 years,240.8,240800,Persons in thousands,428,thousands,3,v2582703,1.5.7.1.4,NA,NA,NA,1,1,NA,1.2.3.5,NA,1.7,NA,1,NA,4,869.9,27.68134268306702
2007,2007-07-01,Canada,2021A000011124,11124,Unemployment,0 to 8  years,Total - Gender,25 to 44 years,16.1,16100.000000000002,Persons in thousands,428,thousands,3,v2582707,1.6.2.1.4,NA,NA,NA,1,1,NA,1.2.6,NA,1.2,NA,1,NA,4,439.2,3.665755919854281
2007,2007-07-01,Canada,2021A000011124,11124,Unemployment,Some high school,Total - Gender,25 to 44 years,61.5,61500,Persons in thousands,428,thousands,3,v2582708,1.6.3.1.4,NA,NA,NA,1,1,NA,1.2.6,NA,1.3,NA,1,NA,4,439.2,14.002732240437158
2007,2007-07-01,Canada,2021A000011124,11124,Unemployment,High school graduate,Total - Gender,25 to 44 years,88.1,88100,Persons in thousands,428,thousands,3,v2582709,1.6.4.1.4,NA,NA,NA,1,1,NA,1.2.6,NA,1.4,NA,1,NA,4,439.2,20.0591985428051
2007,2007-07-01,Canada,2021A000011124,11124,Unemployment,University degree,Total - Gender,25 to 44 years,84.8,84800,Persons in thousands,428,thousands,3,v2582712,1.6.7.1.4,NA,NA,NA,1,1,NA,1.2.6,NA,1.7,NA,1,NA,4,439.2,19.30783242258652
2007,2007-07-01,Canada,2021A000011124,11124,Not in labour force,0 to 8  years,Total - Gender,25 to 44 years,75.6,75600,Persons in thousands,428,thousands,3,v2582716,1.7.2.1.4,NA,NA,NA,1,1,NA,1.7,NA,1.2,NA,1,NA,4,1160.4,6.514994829369182
2007,2007-07-01,Canada,2021A000011124,11124,Not in labour force,Some high school,Total - Gender,25 to 44 years,158,158000,Persons in thousands,428,thousands,3,v2582717,1.7.3.1.4,NA,NA,NA,1,1,NA,1.7,NA,1.3,NA,1,NA,4,1160.4,13.615994484660462
2007,2007-07-01,Canada,2021A000011124,11124,Not in labour force,High school graduate,Total - Gender,25 to 44 years,242.4,242400,Persons in thousands,428,thousands,3,v2582718,1.7.4.1.4,NA,NA,NA,1,1,NA,1.7,NA,1.4,NA,1,NA,4,1160.4,20.889348500517062
2007,2007-07-01,Canada,2021A000011124,11124,Not in labour force,University degree,Total - Gender,25 to 44 years,272.4,272400,Persons in thousands,428,thousands,3,v2582721,1.7.7.1.4,NA,NA,NA,1,1,NA,1.7,NA,1.7,NA,1,NA,4,1160.4,23.47466390899689
2007,2007-07-01,Canada,2021A000011124,11124,Unemployment rate,0 to 8  years,Total - Gender,25 to 44 years,14.1,0.141,Percent,239,units,0,v2582725,1.8.2.1.4,NA,NA,NA,1,1,NA,8,NA,1.2,NA,1,NA,4,5.5,256.3636363636364
2007,2007-07-01,Canada,2021A000011124,11124,Unemployment rate,Some high school,Total - Gender,25 to 44 years,11.6,0.11599999999999999,Percent,239,units,0,v2582726,1.8.3.1.4,NA,NA,NA,1,1,NA,8,NA,1.3,NA,1,NA,4,5.5,210.9090909090909
2007,2007-07-01,Canada,2021A000011124,11124,Unemployment rate,High school graduate,Total - Gender,25 to 44 years,6.2,0.062,Percent,239,units,0,v2582727,1.8.4.1.4,NA,NA,NA,1,1,NA,8,NA,1.4,NA,1,NA,4,5.5,112.72727272727273
2007,2007-07-01,Canada,2021A000011124,11124,Unemployment rate,University degree,Total - Gender,25 to 44 years,3.7,0.037000000000000005,Percent,239,units,0,v2582730,1.8.7.1.4,NA,NA,NA,1,1,NA,8,NA,1.7,NA,1,NA,4,5.5,67.27272727272727
2007,2007-07-01,Canada,2021A000011124,11124,Participation rate,0 to 8  years,Total - Gender,25 to 44 years,60.1,0.601,Percent,239,units,0,v2582734,1.9.2.1.4,NA,NA,NA,1,1,NA,9,NA,1.2,NA,1,NA,4,87.3,68.8430698739977
2007,2007-07-01,Canada,2021A000011124,11124,Participation rate,Some high school,Total - Gender,25 to 44 years,77,0.77,Percent,239,units,0,v2582735,1.9.3.1.4,NA,NA,NA,1,1,NA,9,NA,1.3,NA,1,NA,4,87.3,88.20160366552119
2007,2007-07-01,Canada,2021A000011124,11124,Participation rate,High school graduate,Total - Gender,25 to 44 years,85.5,0.855,Percent,239,units,0,v2582736,1.9.4.1.4,NA,NA,NA,1,1,NA,9,NA,1.4,NA,1,NA,4,87.3,97.93814432989691
2007,2007-07-01,Canada,2021A000011124,11124,Participation rate,University degree,Total - Gender,25 to 44 years,89.3,0.893,Percent,239,units,0,v2582739,1.9.7.1.4,NA,NA,NA,1,1,NA,9,NA,1.7,NA,1,NA,4,87.3,102.290950744559
2007,2007-07-01,Canada,2021A000011124,11124,Employment rate,0 to 8  years,Total - Gender,25 to 44 years,51.7,0.517,Percent,239,units,0,v2582743,1.10.2.1.4,NA,NA,NA,1,1,NA,10,NA,1.2,NA,1,NA,4,82.5,62.666666666666664
2007,2007-07-01,Canada,2021A000011124,11124,Employment rate,Some high school,Total - Gender,25 to 44 years,68,0.68,Percent,239,units,0,v2582744,1.10.3.1.4,NA,NA,NA,1,1,NA,10,NA,1.3,NA,1,NA,4,82.5,82.42424242424242
2007,2007-07-01,Canada,2021A000011124,11124,Employment rate,High school graduate,Total - Gender,25 to 44 years,80.2,0.802,Percent,239,units,0,v2582745,1.10.4.1.4,NA,NA,NA,1,1,NA,10,NA,1.4,NA,1,NA,4,82.5,97.21212121212122
2007,2007-07-01,Canada,2021A000011124,11124,Employment rate,University degree,Total - Gender,25 to 44 years,85.9,0.8590000000000001,Percent,239,units,0,v2582748,1.10.7.1.4,NA,NA,NA,1,1,NA,10,NA,1.7,NA,1,NA,4,82.5,104.12121212121212
2008,2008-07-01,Canada,2021A000011124,11124,Population,0 to 8  years,Total - Gender,25 to 44 years,177.2,177200,Persons in thousands,428,thousands,3,v2582662,1.1.2.1.4,NA,NA,NA,1,1,NA,1,NA,1.2,NA,1,NA,4,9088.9,1.9496308684219212
2008,2008-07-01,Canada,2021A000011124,11124,Population,Some high school,Total - Gender,25 to 44 years,649.9,649900,Persons in thousands,428,thousands,3,v2582663,1.1.3.1.4,NA,NA,NA,1,1,NA,1,NA,1.3,NA,1,NA,4,9088.9,7.150480256136606
2008,2008-07-01,Canada,2021A000011124,11124,Population,High school graduate,Total - Gender,25 to 44 years,1617.6,1617600,Persons in thousands,428,thousands,3,v2582664,1.1.4.1.4,NA,NA,NA,1,1,NA,1,NA,1.4,NA,1,NA,4,9088.9,17.797533254849323
2008,2008-07-01,Canada,2021A000011124,11124,Population,University degree,Total - Gender,25 to 44 years,2634.4,2634400,Persons in thousands,428,thousands,3,v2582667,1.1.7.1.4,NA,NA,NA,1,1,NA,1,NA,1.7,NA,1,NA,4,9088.9,28.984805642046894
2008,2008-07-01,Canada,2021A000011124,11124,Labour force,0 to 8  years,Total - Gender,25 to 44 years,99.9,99900,Persons in thousands,428,thousands,3,v2582671,1.2.2.1.4,NA,NA,NA,1,1,NA,1.2,NA,1.2,NA,1,NA,4,7927.6,1.2601543972955245
2008,2008-07-01,Canada,2021A000011124,11124,Labour force,Some high school,Total - Gender,25 to 44 years,492.9,492900,Persons in thousands,428,thousands,3,v2582672,1.2.3.1.4,NA,NA,NA,1,1,NA,1.2,NA,1.3,NA,1,NA,4,7927.6,6.217518542812452
2008,2008-07-01,Canada,2021A000011124,11124,Labour force,High school graduate,Total - Gender,25 to 44 years,1372.4,1372400,Persons in thousands,428,thousands,3,v2582673,1.2.4.1.4,NA,NA,NA,1,1,NA,1.2,NA,1.4,NA,1,NA,4,7927.6,17.31167061910288
2008,2008-07-01,Canada,2021A000011124,11124,Labour force,University degree,Total - Gender,25 to 44 years,2355.8,2355800,Persons in thousands,428,thousands,3,v2582676,1.2.7.1.4,NA,NA,NA,1,1,NA,1.2,NA,1.7,NA,1,NA,4,7927.6,29.716433725213182
2008,2008-07-01,Canada,2021A000011124,11124,Employment,0 to 8  years,Total - Gender,25 to 44 years,84.4,84400,Persons in thousands,428,thousands,3,v2582680,1.3.2.1.4,NA,NA,NA,1,1,NA,1.2.3,NA,1.2,NA,1,NA,4,7490.5,1.1267605633802817
2008,2008-07-01,Canada,2021A000011124,11124,Employment,Some high school,Total - Gender,25 to 44 years,439.2,439200,Persons in thousands,428,thousands,3,v2582681,1.3.3.1.4,NA,NA,NA,1,1,NA,1.2.3,NA,1.3,NA,1,NA,4,7490.5,5.863427007542888
2008,2008-07-01,Canada,2021A000011124,11124,Employment,High school graduate,Total - Gender,25 to 44 years,1285,1285000,Persons in thousands,428,thousands,3,v2582682,1.3.4.1.4,NA,NA,NA,1,1,NA,1.2.3,NA,1.4,NA,1,NA,4,7490.5,17.155063079901208
2008,2008-07-01,Canada,2021A000011124,11124,Employment,University degree,Total - Gender,25 to 44 years,2257.3,2257300,Persons in thousands,428,thousands,3,v2582685,1.3.7.1.4,NA,NA,NA,1,1,NA,1.2.3,NA,1.7,NA,1,NA,4,7490.5,30.135504972965762
2008,2008-07-01,Canada,2021A000011124,11124,Full-time employment,0 to 8  years,Total - Gender,25 to 44 years,72.6,72600,Persons in thousands,428,thousands,3,v2582689,1.4.2.1.4,NA,NA,NA,1,1,NA,1.2.3.4,NA,1.2,NA,1,NA,4,6618.3,1.0969584334345677
2008,2008-07-01,Canada,2021A000011124,11124,Full-time employment,Some high school,Total - Gender,25 to 44 years,390.1,390100,Persons in thousands,428,thousands,3,v2582690,1.4.3.1.4,NA,NA,NA,1,1,NA,1.2.3.4,NA,1.3,NA,1,NA,4,6618.3,5.8942628771738965
2008,2008-07-01,Canada,2021A000011124,11124,Full-time employment,High school graduate,Total - Gender,25 to 44 years,1139.1,1139100,Persons in thousands,428,thousands,3,v2582691,1.4.4.1.4,NA,NA,NA,1,1,NA,1.2.3.4,NA,1.4,NA,1,NA,4,6618.3,17.21136847831014
2008,2008-07-01,Canada,2021A000011124,11124,Full-time employment,University degree,Total - Gender,25 to 44 years,2010.3,2010300,Persons in thousands,428,thousands,3,v2582694,1.4.7.1.4,NA,NA,NA,1,1,NA,1.2.3.4,NA,1.7,NA,1,NA,4,6618.3,30.374869679524952
2008,2008-07-01,Canada,2021A000011124,11124,Part-time employment,0 to 8  years,Total - Gender,25 to 44 years,11.7,11700,Persons in thousands,428,thousands,3,v2582698,1.5.2.1.4,NA,NA,NA,1,1,NA,1.2.3.5,NA,1.2,NA,1,NA,4,872.2,1.3414354505847281
2008,2008-07-01,Canada,2021A000011124,11124,Part-time employment,Some high school,Total - Gender,25 to 44 years,49.1,49100,Persons in thousands,428,thousands,3,v2582699,1.5.3.1.4,NA,NA,NA,1,1,NA,1.2.3.5,NA,1.3,NA,1,NA,4,872.2,5.629442788351295
2008,2008-07-01,Canada,2021A000011124,11124,Part-time employment,High school graduate,Total - Gender,25 to 44 years,145.9,145900,Persons in thousands,428,thousands,3,v2582700,1.5.4.1.4,NA,NA,NA,1,1,NA,1.2.3.5,NA,1.4,NA,1,NA,4,872.2,16.727814721394175
2008,2008-07-01,Canada,2021A000011124,11124,Part-time employment,University degree,Total - Gender,25 to 44 years,247,247000,Persons in thousands,428,thousands,3,v2582703,1.5.7.1.4,NA,NA,NA,1,1,NA,1.2.3.5,NA,1.7,NA,1,NA,4,872.2,28.319192845677595
2008,2008-07-01,Canada,2021A000011124,11124,Unemployment,0 to 8  years,Total - Gender,25 to 44 years,15.5,15500,Persons in thousands,428,thousands,3,v2582707,1.6.2.1.4,NA,NA,NA,1,1,NA,1.2.6,NA,1.2,NA,1,NA,4,437.1,3.5460992907801416
2008,2008-07-01,Canada,2021A000011124,11124,Unemployment,Some high school,Total - Gender,25 to 44 years,53.7,53700,Persons in thousands,428,thousands,3,v2582708,1.6.3.1.4,NA,NA,NA,1,1,NA,1.2.6,NA,1.3,NA,1,NA,4,437.1,12.285518188057653
2008,2008-07-01,Canada,2021A000011124,11124,Unemployment,High school graduate,Total - Gender,25 to 44 years,87.4,87400,Persons in thousands,428,thousands,3,v2582709,1.6.4.1.4,NA,NA,NA,1,1,NA,1.2.6,NA,1.4,NA,1,NA,4,437.1,19.995424388011894
2008,2008-07-01,Canada,2021A000011124,11124,Unemployment,University degree,Total - Gender,25 to 44 years,98.5,98500,Persons in thousands,428,thousands,3,v2582712,1.6.7.1.4,NA,NA,NA,1,1,NA,1.2.6,NA,1.7,NA,1,NA,4,437.1,22.534889041409286
2008,2008-07-01,Canada,2021A000011124,11124,Not in labour force,0 to 8  years,Total - Gender,25 to 44 years,77.3,77300,Persons in thousands,428,thousands,3,v2582716,1.7.2.1.4,NA,NA,NA,1,1,NA,1.7,NA,1.2,NA,1,NA,4,1161.3,6.656333419443727
2008,2008-07-01,Canada,2021A000011124,11124,Not in labour force,Some high school,Total - Gender,25 to 44 years,157,157000,Persons in thousands,428,thousands,3,v2582717,1.7.3.1.4,NA,NA,NA,1,1,NA,1.7,NA,1.3,NA,1,NA,4,1161.3,13.519331783346251
2008,2008-07-01,Canada,2021A000011124,11124,Not in labour force,High school graduate,Total - Gender,25 to 44 years,245.2,245200,Persons in thousands,428,thousands,3,v2582718,1.7.4.1.4,NA,NA,NA,1,1,NA,1.7,NA,1.4,NA,1,NA,4,1161.3,21.11426849220701
2008,2008-07-01,Canada,2021A000011124,11124,Not in labour force,University degree,Total - Gender,25 to 44 years,278.6,278600,Persons in thousands,428,thousands,3,v2582721,1.7.7.1.4,NA,NA,NA,1,1,NA,1.7,NA,1.7,NA,1,NA,4,1161.3,23.990355635925262
2008,2008-07-01,Canada,2021A000011124,11124,Unemployment rate,0 to 8  years,Total - Gender,25 to 44 years,15.5,0.155,Percent,239,units,0,v2582725,1.8.2.1.4,NA,NA,NA,1,1,NA,8,NA,1.2,NA,1,NA,4,5.5,281.8181818181818
2008,2008-07-01,Canada,2021A000011124,11124,Unemployment rate,Some high school,Total - Gender,25 to 44 years,10.9,0.109,Percent,239,units,0,v2582726,1.8.3.1.4,NA,NA,NA,1,1,NA,8,NA,1.3,NA,1,NA,4,5.5,198.1818181818182
2008,2008-07-01,Canada,2021A000011124,11124,Unemployment rate,High school graduate,Total - Gender,25 to 44 years,6.4,0.064,Percent,239,units,0,v2582727,1.8.4.1.4,NA,NA,NA,1,1,NA,8,NA,1.4,NA,1,NA,4,5.5,116.36363636363636
2008,2008-07-01,Canada,2021A000011124,11124,Unemployment rate,University degree,Total - Gender,25 to 44 years,4.2,0.042,Percent,239,units,0,v2582730,1.8.7.1.4,NA,NA,NA,1,1,NA,8,NA,1.7,NA,1,NA,4,5.5,76.36363636363636
2008,2008-07-01,Canada,2021A000011124,11124,Participation rate,0 to 8  years,Total - Gender,25 to 44 years,56.4,0.564,Percent,239,units,0,v2582734,1.9.2.1.4,NA,NA,NA,1,1,NA,9,NA,1.2,NA,1,NA,4,87.2,64.6788990825688
2008,2008-07-01,Canada,2021A000011124,11124,Participation rate,Some high school,Total - Gender,25 to 44 years,75.8,0.758,Percent,239,units,0,v2582735,1.9.3.1.4,NA,NA,NA,1,1,NA,9,NA,1.3,NA,1,NA,4,87.2,86.92660550458716
2008,2008-07-01,Canada,2021A000011124,11124,Participation rate,High school graduate,Total - Gender,25 to 44 years,84.8,0.848,Percent,239,units,0,v2582736,1.9.4.1.4,NA,NA,NA,1,1,NA,9,NA,1.4,NA,1,NA,4,87.2,97.24770642201834
2008,2008-07-01,Canada,2021A000011124,11124,Participation rate,University degree,Total - Gender,25 to 44 years,89.4,0.894,Percent,239,units,0,v2582739,1.9.7.1.4,NA,NA,NA,1,1,NA,9,NA,1.7,NA,1,NA,4,87.2,102.5229357798165
2008,2008-07-01,Canada,2021A000011124,11124,Employment rate,0 to 8  years,Total - Gender,25 to 44 years,47.6,0.47600000000000003,Percent,239,units,0,v2582743,1.10.2.1.4,NA,NA,NA,1,1,NA,10,NA,1.2,NA,1,NA,4,82.4,57.76699029126213
2008,2008-07-01,Canada,2021A000011124,11124,Employment rate,Some high school,Total - Gender,25 to 44 years,67.6,0.6759999999999999,Percent,239,units,0,v2582744,1.10.3.1.4,NA,NA,NA,1,1,NA,10,NA,1.3,NA,1,NA,4,82.4,82.0388349514563
2008,2008-07-01,Canada,2021A000011124,11124,Employment rate,High school graduate,Total - Gender,25 to 44 years,79.4,0.794,Percent,239,units,0,v2582745,1.10.4.1.4,NA,NA,NA,1,1,NA,10,NA,1.4,NA,1,NA,4,82.4,96.35922330097088
2008,2008-07-01,Canada,2021A000011124,11124,Employment rate,University degree,Total - Gender,25 to 44 years,85.7,0.857,Percent,239,units,0,v2582748,1.10.7.1.4,NA,NA,NA,1,1,NA,10,NA,1.7,NA,1,NA,4,82.4,104.00485436893203
2009,2009-07-01,Canada,2021A000011124,11124,Population,0 to 8  years,Total - Gender,25 to 44 years,171.5,171500,Persons in thousands,428,thousands,3,v2582662,1.1.2.1.4,NA,NA,NA,1,1,NA,1,NA,1.2,NA,1,NA,4,9087.4,1.8872284701894932
2009,2009-07-01,Canada,2021A000011124,11124,Population,Some high school,Total - Gender,25 to 44 years,618.6,618600,Persons in thousands,428,thousands,3,v2582663,1.1.3.1.4,NA,NA,NA,1,1,NA,1,NA,1.3,NA,1,NA,4,9087.4,6.807227589849682
2009,2009-07-01,Canada,2021A000011124,11124,Population,High school graduate,Total - Gender,25 to 44 years,1606.1,1606100,Persons in thousands,428,thousands,3,v2582664,1.1.4.1.4,NA,NA,NA,1,1,NA,1,NA,1.4,NA,1,NA,4,9087.4,17.6739221339437
2009,2009-07-01,Canada,2021A000011124,11124,Population,University degree,Total - Gender,25 to 44 years,2685.3,2685300,Persons in thousands,428,thousands,3,v2582667,1.1.7.1.4,NA,NA,NA,1,1,NA,1,NA,1.7,NA,1,NA,4,9087.4,29.549706186588026
2009,2009-07-01,Canada,2021A000011124,11124,Labour force,0 to 8  years,Total - Gender,25 to 44 years,101.9,101900,Persons in thousands,428,thousands,3,v2582671,1.2.2.1.4,NA,NA,NA,1,1,NA,1.2,NA,1.2,NA,1,NA,4,7905.1,1.2890412518500713
2009,2009-07-01,Canada,2021A000011124,11124,Labour force,Some high school,Total - Gender,25 to 44 years,461.5,461500,Persons in thousands,428,thousands,3,v2582672,1.2.3.1.4,NA,NA,NA,1,1,NA,1.2,NA,1.3,NA,1,NA,4,7905.1,5.838003314316074
2009,2009-07-01,Canada,2021A000011124,11124,Labour force,High school graduate,Total - Gender,25 to 44 years,1348.5,1348500,Persons in thousands,428,thousands,3,v2582673,1.2.4.1.4,NA,NA,NA,1,1,NA,1.2,NA,1.4,NA,1,NA,4,7905.1,17.05860773424751
2009,2009-07-01,Canada,2021A000011124,11124,Labour force,University degree,Total - Gender,25 to 44 years,2416,2416000,Persons in thousands,428,thousands,3,v2582676,1.2.7.1.4,NA,NA,NA,1,1,NA,1.2,NA,1.7,NA,1,NA,4,7905.1,30.562548228358906
2009,2009-07-01,Canada,2021A000011124,11124,Employment,0 to 8  years,Total - Gender,25 to 44 years,85.8,85800,Persons in thousands,428,thousands,3,v2582680,1.3.2.1.4,NA,NA,NA,1,1,NA,1.2.3,NA,1.2,NA,1,NA,4,7300.5,1.1752619683583316
2009,2009-07-01,Canada,2021A000011124,11124,Employment,Some high school,Total - Gender,25 to 44 years,392.3,392300,Persons in thousands,428,thousands,3,v2582681,1.3.3.1.4,NA,NA,NA,1,1,NA,1.2.3,NA,1.3,NA,1,NA,4,7300.5,5.3736045476337235
2009,2009-07-01,Canada,2021A000011124,11124,Employment,High school graduate,Total - Gender,25 to 44 years,1215.9,1215900,Persons in thousands,428,thousands,3,v2582682,1.3.4.1.4,NA,NA,NA,1,1,NA,1.2.3,NA,1.4,NA,1,NA,4,7300.5,16.655023628518595
2009,2009-07-01,Canada,2021A000011124,11124,Employment,University degree,Total - Gender,25 to 44 years,2291.5,2291500,Persons in thousands,428,thousands,3,v2582685,1.3.7.1.4,NA,NA,NA,1,1,NA,1.2.3,NA,1.7,NA,1,NA,4,7300.5,31.388261078008355
2009,2009-07-01,Canada,2021A000011124,11124,Full-time employment,0 to 8  years,Total - Gender,25 to 44 years,71.9,71900,Persons in thousands,428,thousands,3,v2582689,1.4.2.1.4,NA,NA,NA,1,1,NA,1.2.3.4,NA,1.2,NA,1,NA,4,6392.4,1.124773168137163
2009,2009-07-01,Canada,2021A000011124,11124,Full-time employment,Some high school,Total - Gender,25 to 44 years,340.4,340400,Persons in thousands,428,thousands,3,v2582690,1.4.3.1.4,NA,NA,NA,1,1,NA,1.2.3.4,NA,1.3,NA,1,NA,4,6392.4,5.325073524810713
2009,2009-07-01,Canada,2021A000011124,11124,Full-time employment,High school graduate,Total - Gender,25 to 44 years,1061,1061000,Persons in thousands,428,thousands,3,v2582691,1.4.4.1.4,NA,NA,NA,1,1,NA,1.2.3.4,NA,1.4,NA,1,NA,4,6392.4,16.597834928978163
2009,2009-07-01,Canada,2021A000011124,11124,Full-time employment,University degree,Total - Gender,25 to 44 years,2010.2,2010200,Persons in thousands,428,thousands,3,v2582694,1.4.7.1.4,NA,NA,NA,1,1,NA,1.2.3.4,NA,1.7,NA,1,NA,4,6392.4,31.4467179775984
2009,2009-07-01,Canada,2021A000011124,11124,Part-time employment,0 to 8  years,Total - Gender,25 to 44 years,13.9,13900,Persons in thousands,428,thousands,3,v2582698,1.5.2.1.4,NA,NA,NA,1,1,NA,1.2.3.5,NA,1.2,NA,1,NA,4,908.1,1.53066842858716
2009,2009-07-01,Canada,2021A000011124,11124,Part-time employment,Some high school,Total - Gender,25 to 44 years,51.9,51900,Persons in thousands,428,thousands,3,v2582699,1.5.3.1.4,NA,NA,NA,1,1,NA,1.2.3.5,NA,1.3,NA,1,NA,4,908.1,5.715229600264288
2009,2009-07-01,Canada,2021A000011124,11124,Part-time employment,High school graduate,Total - Gender,25 to 44 years,154.8,154800,Persons in thousands,428,thousands,3,v2582700,1.5.4.1.4,NA,NA,NA,1,1,NA,1.2.3.5,NA,1.4,NA,1,NA,4,908.1,17.046580773042617
2009,2009-07-01,Canada,2021A000011124,11124,Part-time employment,University degree,Total - Gender,25 to 44 years,281.3,281300,Persons in thousands,428,thousands,3,v2582703,1.5.7.1.4,NA,NA,NA,1,1,NA,1.2.3.5,NA,1.7,NA,1,NA,4,908.1,30.97676467349411
2009,2009-07-01,Canada,2021A000011124,11124,Unemployment,0 to 8  years,Total - Gender,25 to 44 years,16.1,16100.000000000002,Persons in thousands,428,thousands,3,v2582707,1.6.2.1.4,NA,NA,NA,1,1,NA,1.2.6,NA,1.2,NA,1,NA,4,604.6,2.662917631491896
2009,2009-07-01,Canada,2021A000011124,11124,Unemployment,Some high school,Total - Gender,25 to 44 years,69.3,69300,Persons in thousands,428,thousands,3,v2582708,1.6.3.1.4,NA,NA,NA,1,1,NA,1.2.6,NA,1.3,NA,1,NA,4,604.6,11.462123718160766
2009,2009-07-01,Canada,2021A000011124,11124,Unemployment,High school graduate,Total - Gender,25 to 44 years,132.6,132600,Persons in thousands,428,thousands,3,v2582709,1.6.4.1.4,NA,NA,NA,1,1,NA,1.2.6,NA,1.4,NA,1,NA,4,604.6,21.93185577241151
2009,2009-07-01,Canada,2021A000011124,11124,Unemployment,University degree,Total - Gender,25 to 44 years,124.5,124500,Persons in thousands,428,thousands,3,v2582712,1.6.7.1.4,NA,NA,NA,1,1,NA,1.2.6,NA,1.7,NA,1,NA,4,604.6,20.592127026132978
2009,2009-07-01,Canada,2021A000011124,11124,Not in labour force,0 to 8  years,Total - Gender,25 to 44 years,69.6,69600,Persons in thousands,428,thousands,3,v2582716,1.7.2.1.4,NA,NA,NA,1,1,NA,1.7,NA,1.2,NA,1,NA,4,1182.2,5.887328709186262
2009,2009-07-01,Canada,2021A000011124,11124,Not in labour force,Some high school,Total - Gender,25 to 44 years,157,157000,Persons in thousands,428,thousands,3,v2582717,1.7.3.1.4,NA,NA,NA,1,1,NA,1.7,NA,1.3,NA,1,NA,4,1182.2,13.280324818135679
2009,2009-07-01,Canada,2021A000011124,11124,Not in labour force,High school graduate,Total - Gender,25 to 44 years,257.6,257600.00000000003,Persons in thousands,428,thousands,3,v2582718,1.7.4.1.4,NA,NA,NA,1,1,NA,1.7,NA,1.4,NA,1,NA,4,1182.2,21.78988326848249
2009,2009-07-01,Canada,2021A000011124,11124,Not in labour force,University degree,Total - Gender,25 to 44 years,269.3,269300,Persons in thousands,428,thousands,3,v2582721,1.7.7.1.4,NA,NA,NA,1,1,NA,1.7,NA,1.7,NA,1,NA,4,1182.2,22.77956352563018
2009,2009-07-01,Canada,2021A000011124,11124,Unemployment rate,0 to 8  years,Total - Gender,25 to 44 years,15.8,0.158,Percent,239,units,0,v2582725,1.8.2.1.4,NA,NA,NA,1,1,NA,8,NA,1.2,NA,1,NA,4,7.6,207.89473684210526
2009,2009-07-01,Canada,2021A000011124,11124,Unemployment rate,Some high school,Total - Gender,25 to 44 years,15,0.15,Percent,239,units,0,v2582726,1.8.3.1.4,NA,NA,NA,1,1,NA,8,NA,1.3,NA,1,NA,4,7.6,197.3684210526316
2009,2009-07-01,Canada,2021A000011124,11124,Unemployment rate,High school graduate,Total - Gender,25 to 44 years,9.8,0.098,Percent,239,units,0,v2582727,1.8.4.1.4,NA,NA,NA,1,1,NA,8,NA,1.4,NA,1,NA,4,7.6,128.94736842105266
2009,2009-07-01,Canada,2021A000011124,11124,Unemployment rate,University degree,Total - Gender,25 to 44 years,5.2,0.052000000000000005,Percent,239,units,0,v2582730,1.8.7.1.4,NA,NA,NA,1,1,NA,8,NA,1.7,NA,1,NA,4,7.6,68.42105263157895
2009,2009-07-01,Canada,2021A000011124,11124,Participation rate,0 to 8  years,Total - Gender,25 to 44 years,59.4,0.594,Percent,239,units,0,v2582734,1.9.2.1.4,NA,NA,NA,1,1,NA,9,NA,1.2,NA,1,NA,4,87,68.27586206896552
2009,2009-07-01,Canada,2021A000011124,11124,Participation rate,Some high school,Total - Gender,25 to 44 years,74.6,0.746,Percent,239,units,0,v2582735,1.9.3.1.4,NA,NA,NA,1,1,NA,9,NA,1.3,NA,1,NA,4,87,85.7471264367816
2009,2009-07-01,Canada,2021A000011124,11124,Participation rate,High school graduate,Total - Gender,25 to 44 years,84,0.84,Percent,239,units,0,v2582736,1.9.4.1.4,NA,NA,NA,1,1,NA,9,NA,1.4,NA,1,NA,4,87,96.55172413793103
2009,2009-07-01,Canada,2021A000011124,11124,Participation rate,University degree,Total - Gender,25 to 44 years,90,0.9,Percent,239,units,0,v2582739,1.9.7.1.4,NA,NA,NA,1,1,NA,9,NA,1.7,NA,1,NA,4,87,103.44827586206897
2009,2009-07-01,Canada,2021A000011124,11124,Employment rate,0 to 8  years,Total - Gender,25 to 44 years,50,0.5,Percent,239,units,0,v2582743,1.10.2.1.4,NA,NA,NA,1,1,NA,10,NA,1.2,NA,1,NA,4,80.3,62.266500622665006
2009,2009-07-01,Canada,2021A000011124,11124,Employment rate,Some high school,Total - Gender,25 to 44 years,63.4,0.634,Percent,239,units,0,v2582744,1.10.3.1.4,NA,NA,NA,1,1,NA,10,NA,1.3,NA,1,NA,4,80.3,78.95392278953923
2009,2009-07-01,Canada,2021A000011124,11124,Employment rate,High school graduate,Total - Gender,25 to 44 years,75.7,0.757,Percent,239,units,0,v2582745,1.10.4.1.4,NA,NA,NA,1,1,NA,10,NA,1.4,NA,1,NA,4,80.3,94.27148194271483
2009,2009-07-01,Canada,2021A000011124,11124,Employment rate,University degree,Total - Gender,25 to 44 years,85.3,0.853,Percent,239,units,0,v2582748,1.10.7.1.4,NA,NA,NA,1,1,NA,10,NA,1.7,NA,1,NA,4,80.3,106.2266500622665
2010,2010-07-01,Canada,2021A000011124,11124,Population,0 to 8  years,Total - Gender,25 to 44 years,163.3,163300,Persons in thousands,428,thousands,3,v2582662,1.1.2.1.4,NA,NA,NA,1,1,NA,1,NA,1.2,NA,1,NA,4,9103.9,1.7937367501839874
2010,2010-07-01,Canada,2021A000011124,11124,Population,Some high school,Total - Gender,25 to 44 years,599.8,599800,Persons in thousands,428,thousands,3,v2582663,1.1.3.1.4,NA,NA,NA,1,1,NA,1,NA,1.3,NA,1,NA,4,9103.9,6.588385197552697
2010,2010-07-01,Canada,2021A000011124,11124,Population,High school graduate,Total - Gender,25 to 44 years,1558.9,1558900,Persons in thousands,428,thousands,3,v2582664,1.1.4.1.4,NA,NA,NA,1,1,NA,1,NA,1.4,NA,1,NA,4,9103.9,17.123430617647383
2010,2010-07-01,Canada,2021A000011124,11124,Population,University degree,Total - Gender,25 to 44 years,2782.2,2782200,Persons in thousands,428,thousands,3,v2582667,1.1.7.1.4,NA,NA,NA,1,1,NA,1,NA,1.7,NA,1,NA,4,9103.9,30.56052900405321
2010,2010-07-01,Canada,2021A000011124,11124,Labour force,0 to 8  years,Total - Gender,25 to 44 years,98.3,98300,Persons in thousands,428,thousands,3,v2582671,1.2.2.1.4,NA,NA,NA,1,1,NA,1.2,NA,1.2,NA,1,NA,4,7919.2,1.241286998686736
2010,2010-07-01,Canada,2021A000011124,11124,Labour force,Some high school,Total - Gender,25 to 44 years,446.3,446300,Persons in thousands,428,thousands,3,v2582672,1.2.3.1.4,NA,NA,NA,1,1,NA,1.2,NA,1.3,NA,1,NA,4,7919.2,5.635670269724215
2010,2010-07-01,Canada,2021A000011124,11124,Labour force,High school graduate,Total - Gender,25 to 44 years,1300.7,1300700,Persons in thousands,428,thousands,3,v2582673,1.2.4.1.4,NA,NA,NA,1,1,NA,1.2,NA,1.4,NA,1,NA,4,7919.2,16.424638852409334
2010,2010-07-01,Canada,2021A000011124,11124,Labour force,University degree,Total - Gender,25 to 44 years,2505.2,2505200,Persons in thousands,428,thousands,3,v2582676,1.2.7.1.4,NA,NA,NA,1,1,NA,1.2,NA,1.7,NA,1,NA,4,7919.2,31.634508536215776
2010,2010-07-01,Canada,2021A000011124,11124,Employment,0 to 8  years,Total - Gender,25 to 44 years,83.4,83400,Persons in thousands,428,thousands,3,v2582680,1.3.2.1.4,NA,NA,NA,1,1,NA,1.2.3,NA,1.2,NA,1,NA,4,7328.9,1.1379606762269918
2010,2010-07-01,Canada,2021A000011124,11124,Employment,Some high school,Total - Gender,25 to 44 years,381.4,381400,Persons in thousands,428,thousands,3,v2582681,1.3.3.1.4,NA,NA,NA,1,1,NA,1.2.3,NA,1.3,NA,1,NA,4,7328.9,5.204055178812646
2010,2010-07-01,Canada,2021A000011124,11124,Employment,High school graduate,Total - Gender,25 to 44 years,1179.1,1179100,Persons in thousands,428,thousands,3,v2582682,1.3.4.1.4,NA,NA,NA,1,1,NA,1.2.3,NA,1.4,NA,1,NA,4,7328.9,16.0883625100629
2010,2010-07-01,Canada,2021A000011124,11124,Employment,University degree,Total - Gender,25 to 44 years,2366.1,2366100,Persons in thousands,428,thousands,3,v2582685,1.3.7.1.4,NA,NA,NA,1,1,NA,1.2.3,NA,1.7,NA,1,NA,4,7328.9,32.2845174582816
2010,2010-07-01,Canada,2021A000011124,11124,Full-time employment,0 to 8  years,Total - Gender,25 to 44 years,70.3,70300,Persons in thousands,428,thousands,3,v2582689,1.4.2.1.4,NA,NA,NA,1,1,NA,1.2.3.4,NA,1.2,NA,1,NA,4,6404.9,1.097597152180362
2010,2010-07-01,Canada,2021A000011124,11124,Full-time employment,Some high school,Total - Gender,25 to 44 years,333.1,333100,Persons in thousands,428,thousands,3,v2582690,1.4.3.1.4,NA,NA,NA,1,1,NA,1.2.3.4,NA,1.3,NA,1,NA,4,6404.9,5.200705709691018
2010,2010-07-01,Canada,2021A000011124,11124,Full-time employment,High school graduate,Total - Gender,25 to 44 years,1022.8,1022800,Persons in thousands,428,thousands,3,v2582691,1.4.4.1.4,NA,NA,NA,1,1,NA,1.2.3.4,NA,1.4,NA,1,NA,4,6404.9,15.969023716217272
2010,2010-07-01,Canada,2021A000011124,11124,Full-time employment,University degree,Total - Gender,25 to 44 years,2077.3,2077300.0000000002,Persons in thousands,428,thousands,3,v2582694,1.4.7.1.4,NA,NA,NA,1,1,NA,1.2.3.4,NA,1.7,NA,1,NA,4,6404.9,32.43298099892271
2010,2010-07-01,Canada,2021A000011124,11124,Part-time employment,0 to 8  years,Total - Gender,25 to 44 years,13.1,13100,Persons in thousands,428,thousands,3,v2582698,1.5.2.1.4,NA,NA,NA,1,1,NA,1.2.3.5,NA,1.2,NA,1,NA,4,924,1.4177489177489178
2010,2010-07-01,Canada,2021A000011124,11124,Part-time employment,Some high school,Total - Gender,25 to 44 years,48.3,48300,Persons in thousands,428,thousands,3,v2582699,1.5.3.1.4,NA,NA,NA,1,1,NA,1.2.3.5,NA,1.3,NA,1,NA,4,924,5.2272727272727275
2010,2010-07-01,Canada,2021A000011124,11124,Part-time employment,High school graduate,Total - Gender,25 to 44 years,156.3,156300,Persons in thousands,428,thousands,3,v2582700,1.5.4.1.4,NA,NA,NA,1,1,NA,1.2.3.5,NA,1.4,NA,1,NA,4,924,16.91558441558442
2010,2010-07-01,Canada,2021A000011124,11124,Part-time employment,University degree,Total - Gender,25 to 44 years,288.9,288900,Persons in thousands,428,thousands,3,v2582703,1.5.7.1.4,NA,NA,NA,1,1,NA,1.2.3.5,NA,1.7,NA,1,NA,4,924,31.26623376623376
2010,2010-07-01,Canada,2021A000011124,11124,Unemployment,0 to 8  years,Total - Gender,25 to 44 years,14.9,14900,Persons in thousands,428,thousands,3,v2582707,1.6.2.1.4,NA,NA,NA,1,1,NA,1.2.6,NA,1.2,NA,1,NA,4,590.3,2.5241402676605116
2010,2010-07-01,Canada,2021A000011124,11124,Unemployment,Some high school,Total - Gender,25 to 44 years,64.9,64900.00000000001,Persons in thousands,428,thousands,3,v2582708,1.6.3.1.4,NA,NA,NA,1,1,NA,1.2.6,NA,1.3,NA,1,NA,4,590.3,10.994409622225989
2010,2010-07-01,Canada,2021A000011124,11124,Unemployment,High school graduate,Total - Gender,25 to 44 years,121.7,121700,Persons in thousands,428,thousands,3,v2582709,1.6.4.1.4,NA,NA,NA,1,1,NA,1.2.6,NA,1.4,NA,1,NA,4,590.3,20.61663560901237
2010,2010-07-01,Canada,2021A000011124,11124,Unemployment,University degree,Total - Gender,25 to 44 years,139.1,139100,Persons in thousands,428,thousands,3,v2582712,1.6.7.1.4,NA,NA,NA,1,1,NA,1.2.6,NA,1.7,NA,1,NA,4,590.3,23.564289344401153
2010,2010-07-01,Canada,2021A000011124,11124,Not in labour force,0 to 8  years,Total - Gender,25 to 44 years,65,65000,Persons in thousands,428,thousands,3,v2582716,1.7.2.1.4,NA,NA,NA,1,1,NA,1.7,NA,1.2,NA,1,NA,4,1184.7,5.486621085506879
2010,2010-07-01,Canada,2021A000011124,11124,Not in labour force,Some high school,Total - Gender,25 to 44 years,153.5,153500,Persons in thousands,428,thousands,3,v2582717,1.7.3.1.4,NA,NA,NA,1,1,NA,1.7,NA,1.3,NA,1,NA,4,1184.7,12.9568667173124
2010,2010-07-01,Canada,2021A000011124,11124,Not in labour force,High school graduate,Total - Gender,25 to 44 years,258.1,258100.00000000003,Persons in thousands,428,thousands,3,v2582718,1.7.4.1.4,NA,NA,NA,1,1,NA,1.7,NA,1.4,NA,1,NA,4,1184.7,21.786106187220394
2010,2010-07-01,Canada,2021A000011124,11124,Not in labour force,University degree,Total - Gender,25 to 44 years,277,277000,Persons in thousands,428,thousands,3,v2582721,1.7.7.1.4,NA,NA,NA,1,1,NA,1.7,NA,1.7,NA,1,NA,4,1184.7,23.38144677977547
2010,2010-07-01,Canada,2021A000011124,11124,Unemployment rate,0 to 8  years,Total - Gender,25 to 44 years,15.2,0.152,Percent,239,units,0,v2582725,1.8.2.1.4,NA,NA,NA,1,1,NA,8,NA,1.2,NA,1,NA,4,7.5,202.66666666666666
2010,2010-07-01,Canada,2021A000011124,11124,Unemployment rate,Some high school,Total - Gender,25 to 44 years,14.5,0.145,Percent,239,units,0,v2582726,1.8.3.1.4,NA,NA,NA,1,1,NA,8,NA,1.3,NA,1,NA,4,7.5,193.33333333333334
2010,2010-07-01,Canada,2021A000011124,11124,Unemployment rate,High school graduate,Total - Gender,25 to 44 years,9.4,0.094,Percent,239,units,0,v2582727,1.8.4.1.4,NA,NA,NA,1,1,NA,8,NA,1.4,NA,1,NA,4,7.5,125.33333333333333
2010,2010-07-01,Canada,2021A000011124,11124,Unemployment rate,University degree,Total - Gender,25 to 44 years,5.6,0.055999999999999994,Percent,239,units,0,v2582730,1.8.7.1.4,NA,NA,NA,1,1,NA,8,NA,1.7,NA,1,NA,4,7.5,74.66666666666667
2010,2010-07-01,Canada,2021A000011124,11124,Participation rate,0 to 8  years,Total - Gender,25 to 44 years,60.2,0.602,Percent,239,units,0,v2582734,1.9.2.1.4,NA,NA,NA,1,1,NA,9,NA,1.2,NA,1,NA,4,87,69.19540229885058
2010,2010-07-01,Canada,2021A000011124,11124,Participation rate,Some high school,Total - Gender,25 to 44 years,74.4,0.7440000000000001,Percent,239,units,0,v2582735,1.9.3.1.4,NA,NA,NA,1,1,NA,9,NA,1.3,NA,1,NA,4,87,85.51724137931035
2010,2010-07-01,Canada,2021A000011124,11124,Participation rate,High school graduate,Total - Gender,25 to 44 years,83.4,0.8340000000000001,Percent,239,units,0,v2582736,1.9.4.1.4,NA,NA,NA,1,1,NA,9,NA,1.4,NA,1,NA,4,87,95.86206896551724
2010,2010-07-01,Canada,2021A000011124,11124,Participation rate,University degree,Total - Gender,25 to 44 years,90,0.9,Percent,239,units,0,v2582739,1.9.7.1.4,NA,NA,NA,1,1,NA,9,NA,1.7,NA,1,NA,4,87,103.44827586206897
2010,2010-07-01,Canada,2021A000011124,11124,Employment rate,0 to 8  years,Total - Gender,25 to 44 years,51.1,0.511,Percent,239,units,0,v2582743,1.10.2.1.4,NA,NA,NA,1,1,NA,10,NA,1.2,NA,1,NA,4,80.5,63.47826086956522
2010,2010-07-01,Canada,2021A000011124,11124,Employment rate,Some high school,Total - Gender,25 to 44 years,63.6,0.636,Percent,239,units,0,v2582744,1.10.3.1.4,NA,NA,NA,1,1,NA,10,NA,1.3,NA,1,NA,4,80.5,79.00621118012423
2010,2010-07-01,Canada,2021A000011124,11124,Employment rate,High school graduate,Total - Gender,25 to 44 years,75.6,0.7559999999999999,Percent,239,units,0,v2582745,1.10.4.1.4,NA,NA,NA,1,1,NA,10,NA,1.4,NA,1,NA,4,80.5,93.91304347826086
2010,2010-07-01,Canada,2021A000011124,11124,Employment rate,University degree,Total - Gender,25 to 44 years,85,0.85,Percent,239,units,0,v2582748,1.10.7.1.4,NA,NA,NA,1,1,NA,10,NA,1.7,NA,1,NA,4,80.5,105.59006211180125
2011,2011-07-01,Canada,2021A000011124,11124,Population,0 to 8  years,Total - Gender,25 to 44 years,165.3,165300,Persons in thousands,428,thousands,3,v2582662,1.1.2.1.4,NA,NA,NA,1,1,NA,1,NA,1.2,NA,1,NA,4,9127.6,1.8109908409658617
2011,2011-07-01,Canada,2021A000011124,11124,Population,Some high school,Total - Gender,25 to 44 years,561.4,561400,Persons in thousands,428,thousands,3,v2582663,1.1.3.1.4,NA,NA,NA,1,1,NA,1,NA,1.3,NA,1,NA,4,9127.6,6.1505762741575
2011,2011-07-01,Canada,2021A000011124,11124,Population,High school graduate,Total - Gender,25 to 44 years,1585.8,1585800,Persons in thousands,428,thousands,3,v2582664,1.1.4.1.4,NA,NA,NA,1,1,NA,1,NA,1.4,NA,1,NA,4,9127.6,17.37367982821333
2011,2011-07-01,Canada,2021A000011124,11124,Population,University degree,Total - Gender,25 to 44 years,2847.3,2847300,Persons in thousands,428,thousands,3,v2582667,1.1.7.1.4,NA,NA,NA,1,1,NA,1,NA,1.7,NA,1,NA,4,9127.6,31.194399404005434
2011,2011-07-01,Canada,2021A000011124,11124,Labour force,0 to 8  years,Total - Gender,25 to 44 years,98.5,98500,Persons in thousands,428,thousands,3,v2582671,1.2.2.1.4,NA,NA,NA,1,1,NA,1.2,NA,1.2,NA,1,NA,4,7920.4,1.24362405939094
2011,2011-07-01,Canada,2021A000011124,11124,Labour force,Some high school,Total - Gender,25 to 44 years,417.7,417700,Persons in thousands,428,thousands,3,v2582672,1.2.3.1.4,NA,NA,NA,1,1,NA,1.2,NA,1.3,NA,1,NA,4,7920.4,5.273723549315691
2011,2011-07-01,Canada,2021A000011124,11124,Labour force,High school graduate,Total - Gender,25 to 44 years,1320.6,1320600,Persons in thousands,428,thousands,3,v2582673,1.2.4.1.4,NA,NA,NA,1,1,NA,1.2,NA,1.4,NA,1,NA,4,7920.4,16.6734003333165
2011,2011-07-01,Canada,2021A000011124,11124,Labour force,University degree,Total - Gender,25 to 44 years,2545.1,2545100,Persons in thousands,428,thousands,3,v2582676,1.2.7.1.4,NA,NA,NA,1,1,NA,1.2,NA,1.7,NA,1,NA,4,7920.4,32.133478107166304
2011,2011-07-01,Canada,2021A000011124,11124,Employment,0 to 8  years,Total - Gender,25 to 44 years,81.3,81300,Persons in thousands,428,thousands,3,v2582680,1.3.2.1.4,NA,NA,NA,1,1,NA,1.2.3,NA,1.2,NA,1,NA,4,7385.1,1.1008652557175935
2011,2011-07-01,Canada,2021A000011124,11124,Employment,Some high school,Total - Gender,25 to 44 years,360.7,360700,Persons in thousands,428,thousands,3,v2582681,1.3.3.1.4,NA,NA,NA,1,1,NA,1.2.3,NA,1.3,NA,1,NA,4,7385.1,4.88415864375567
2011,2011-07-01,Canada,2021A000011124,11124,Employment,High school graduate,Total - Gender,25 to 44 years,1217.8,1217800,Persons in thousands,428,thousands,3,v2582682,1.3.4.1.4,NA,NA,NA,1,1,NA,1.2.3,NA,1.4,NA,1,NA,4,7385.1,16.48995951307362
2011,2011-07-01,Canada,2021A000011124,11124,Employment,University degree,Total - Gender,25 to 44 years,2415.9,2415900,Persons in thousands,428,thousands,3,v2582685,1.3.7.1.4,NA,NA,NA,1,1,NA,1.2.3,NA,1.7,NA,1,NA,4,7385.1,32.71316569850104
2011,2011-07-01,Canada,2021A000011124,11124,Full-time employment,0 to 8  years,Total - Gender,25 to 44 years,70.3,70300,Persons in thousands,428,thousands,3,v2582689,1.4.2.1.4,NA,NA,NA,1,1,NA,1.2.3.4,NA,1.2,NA,1,NA,4,6460.1,1.0882184486308262
2011,2011-07-01,Canada,2021A000011124,11124,Full-time employment,Some high school,Total - Gender,25 to 44 years,314.8,314800,Persons in thousands,428,thousands,3,v2582690,1.4.3.1.4,NA,NA,NA,1,1,NA,1.2.3.4,NA,1.3,NA,1,NA,4,6460.1,4.872989582204609
2011,2011-07-01,Canada,2021A000011124,11124,Full-time employment,High school graduate,Total - Gender,25 to 44 years,1062.4,1062400,Persons in thousands,428,thousands,3,v2582691,1.4.4.1.4,NA,NA,NA,1,1,NA,1.2.3.4,NA,1.4,NA,1,NA,4,6460.1,16.445565858113653
2011,2011-07-01,Canada,2021A000011124,11124,Full-time employment,University degree,Total - Gender,25 to 44 years,2112,2112000,Persons in thousands,428,thousands,3,v2582694,1.4.7.1.4,NA,NA,NA,1,1,NA,1.2.3.4,NA,1.7,NA,1,NA,4,6460.1,32.69299236853919
2011,2011-07-01,Canada,2021A000011124,11124,Part-time employment,0 to 8  years,Total - Gender,25 to 44 years,11,11000,Persons in thousands,428,thousands,3,v2582698,1.5.2.1.4,NA,NA,NA,1,1,NA,1.2.3.5,NA,1.2,NA,1,NA,4,925,1.1891891891891893
2011,2011-07-01,Canada,2021A000011124,11124,Part-time employment,Some high school,Total - Gender,25 to 44 years,45.8,45800,Persons in thousands,428,thousands,3,v2582699,1.5.3.1.4,NA,NA,NA,1,1,NA,1.2.3.5,NA,1.3,NA,1,NA,4,925,4.951351351351351
2011,2011-07-01,Canada,2021A000011124,11124,Part-time employment,High school graduate,Total - Gender,25 to 44 years,155.4,155400,Persons in thousands,428,thousands,3,v2582700,1.5.4.1.4,NA,NA,NA,1,1,NA,1.2.3.5,NA,1.4,NA,1,NA,4,925,16.8
2011,2011-07-01,Canada,2021A000011124,11124,Part-time employment,University degree,Total - Gender,25 to 44 years,303.8,303800,Persons in thousands,428,thousands,3,v2582703,1.5.7.1.4,NA,NA,NA,1,1,NA,1.2.3.5,NA,1.7,NA,1,NA,4,925,32.84324324324324
2011,2011-07-01,Canada,2021A000011124,11124,Unemployment,0 to 8  years,Total - Gender,25 to 44 years,17.1,17100,Persons in thousands,428,thousands,3,v2582707,1.6.2.1.4,NA,NA,NA,1,1,NA,1.2.6,NA,1.2,NA,1,NA,4,535.3,3.1944703904352707
2011,2011-07-01,Canada,2021A000011124,11124,Unemployment,Some high school,Total - Gender,25 to 44 years,57.1,57100,Persons in thousands,428,thousands,3,v2582708,1.6.3.1.4,NA,NA,NA,1,1,NA,1.2.6,NA,1.3,NA,1,NA,4,535.3,10.666915748178592
2011,2011-07-01,Canada,2021A000011124,11124,Unemployment,High school graduate,Total - Gender,25 to 44 years,102.8,102800,Persons in thousands,428,thousands,3,v2582709,1.6.4.1.4,NA,NA,NA,1,1,NA,1.2.6,NA,1.4,NA,1,NA,4,535.3,19.204184569400336
2011,2011-07-01,Canada,2021A000011124,11124,Unemployment,University degree,Total - Gender,25 to 44 years,129.2,129199.99999999999,Persons in thousands,428,thousands,3,v2582712,1.6.7.1.4,NA,NA,NA,1,1,NA,1.2.6,NA,1.7,NA,1,NA,4,535.3,24.135998505510926
2011,2011-07-01,Canada,2021A000011124,11124,Not in labour force,0 to 8  years,Total - Gender,25 to 44 years,66.9,66900,Persons in thousands,428,thousands,3,v2582716,1.7.2.1.4,NA,NA,NA,1,1,NA,1.7,NA,1.2,NA,1,NA,4,1207.2,5.541749502982108
2011,2011-07-01,Canada,2021A000011124,11124,Not in labour force,Some high school,Total - Gender,25 to 44 years,143.6,143600,Persons in thousands,428,thousands,3,v2582717,1.7.3.1.4,NA,NA,NA,1,1,NA,1.7,NA,1.3,NA,1,NA,4,1207.2,11.895294897282968
2011,2011-07-01,Canada,2021A000011124,11124,Not in labour force,High school graduate,Total - Gender,25 to 44 years,265.1,265100,Persons in thousands,428,thousands,3,v2582718,1.7.4.1.4,NA,NA,NA,1,1,NA,1.7,NA,1.4,NA,1,NA,4,1207.2,21.95990722332671
2011,2011-07-01,Canada,2021A000011124,11124,Not in labour force,University degree,Total - Gender,25 to 44 years,302.2,302200,Persons in thousands,428,thousands,3,v2582721,1.7.7.1.4,NA,NA,NA,1,1,NA,1.7,NA,1.7,NA,1,NA,4,1207.2,25.033134526176276
2011,2011-07-01,Canada,2021A000011124,11124,Unemployment rate,0 to 8  years,Total - Gender,25 to 44 years,17.4,0.174,Percent,239,units,0,v2582725,1.8.2.1.4,NA,NA,NA,1,1,NA,8,NA,1.2,NA,1,NA,4,6.8,255.88235294117644
2011,2011-07-01,Canada,2021A000011124,11124,Unemployment rate,Some high school,Total - Gender,25 to 44 years,13.7,0.13699999999999998,Percent,239,units,0,v2582726,1.8.3.1.4,NA,NA,NA,1,1,NA,8,NA,1.3,NA,1,NA,4,6.8,201.47058823529412
2011,2011-07-01,Canada,2021A000011124,11124,Unemployment rate,High school graduate,Total - Gender,25 to 44 years,7.8,0.078,Percent,239,units,0,v2582727,1.8.4.1.4,NA,NA,NA,1,1,NA,8,NA,1.4,NA,1,NA,4,6.8,114.70588235294117
2011,2011-07-01,Canada,2021A000011124,11124,Unemployment rate,University degree,Total - Gender,25 to 44 years,5.1,0.051,Percent,239,units,0,v2582730,1.8.7.1.4,NA,NA,NA,1,1,NA,8,NA,1.7,NA,1,NA,4,6.8,75
2011,2011-07-01,Canada,2021A000011124,11124,Participation rate,0 to 8  years,Total - Gender,25 to 44 years,59.6,0.596,Percent,239,units,0,v2582734,1.9.2.1.4,NA,NA,NA,1,1,NA,9,NA,1.2,NA,1,NA,4,86.8,68.66359447004608
2011,2011-07-01,Canada,2021A000011124,11124,Participation rate,Some high school,Total - Gender,25 to 44 years,74.4,0.7440000000000001,Percent,239,units,0,v2582735,1.9.3.1.4,NA,NA,NA,1,1,NA,9,NA,1.3,NA,1,NA,4,86.8,85.71428571428572
2011,2011-07-01,Canada,2021A000011124,11124,Participation rate,High school graduate,Total - Gender,25 to 44 years,83.3,0.833,Percent,239,units,0,v2582736,1.9.4.1.4,NA,NA,NA,1,1,NA,9,NA,1.4,NA,1,NA,4,86.8,95.96774193548387
2011,2011-07-01,Canada,2021A000011124,11124,Participation rate,University degree,Total - Gender,25 to 44 years,89.4,0.894,Percent,239,units,0,v2582739,1.9.7.1.4,NA,NA,NA,1,1,NA,9,NA,1.7,NA,1,NA,4,86.8,102.99539170506912
2011,2011-07-01,Canada,2021A000011124,11124,Employment rate,0 to 8  years,Total - Gender,25 to 44 years,49.2,0.49200000000000005,Percent,239,units,0,v2582743,1.10.2.1.4,NA,NA,NA,1,1,NA,10,NA,1.2,NA,1,NA,4,80.9,60.81582200247218
2011,2011-07-01,Canada,2021A000011124,11124,Employment rate,Some high school,Total - Gender,25 to 44 years,64.3,0.643,Percent,239,units,0,v2582744,1.10.3.1.4,NA,NA,NA,1,1,NA,10,NA,1.3,NA,1,NA,4,80.9,79.48084054388133
2011,2011-07-01,Canada,2021A000011124,11124,Employment rate,High school graduate,Total - Gender,25 to 44 years,76.8,0.768,Percent,239,units,0,v2582745,1.10.4.1.4,NA,NA,NA,1,1,NA,10,NA,1.4,NA,1,NA,4,80.9,94.93201483312731
2011,2011-07-01,Canada,2021A000011124,11124,Employment rate,University degree,Total - Gender,25 to 44 years,84.8,0.848,Percent,239,units,0,v2582748,1.10.7.1.4,NA,NA,NA,1,1,NA,10,NA,1.7,NA,1,NA,4,80.9,104.82076637824474
2012,2012-07-01,Canada,2021A000011124,11124,Population,0 to 8  years,Total - Gender,25 to 44 years,154.9,154900,Persons in thousands,428,thousands,3,v2582662,1.1.2.1.4,NA,NA,NA,1,1,NA,1,NA,1.2,NA,1,NA,4,9190.6,1.6854177093987335
2012,2012-07-01,Canada,2021A000011124,11124,Population,Some high school,Total - Gender,25 to 44 years,581,581000,Persons in thousands,428,thousands,3,v2582663,1.1.3.1.4,NA,NA,NA,1,1,NA,1,NA,1.3,NA,1,NA,4,9190.6,6.3216764955498
2012,2012-07-01,Canada,2021A000011124,11124,Population,High school graduate,Total - Gender,25 to 44 years,1576.8,1576800,Persons in thousands,428,thousands,3,v2582664,1.1.4.1.4,NA,NA,NA,1,1,NA,1,NA,1.4,NA,1,NA,4,9190.6,17.156660065719322
2012,2012-07-01,Canada,2021A000011124,11124,Population,University degree,Total - Gender,25 to 44 years,2930.7,2930700,Persons in thousands,428,thousands,3,v2582667,1.1.7.1.4,NA,NA,NA,1,1,NA,1,NA,1.7,NA,1,NA,4,9190.6,31.888016016364546
2012,2012-07-01,Canada,2021A000011124,11124,Labour force,0 to 8  years,Total - Gender,25 to 44 years,89.9,89900,Persons in thousands,428,thousands,3,v2582671,1.2.2.1.4,NA,NA,NA,1,1,NA,1.2,NA,1.2,NA,1,NA,4,8013.3,1.121884866409594
2012,2012-07-01,Canada,2021A000011124,11124,Labour force,Some high school,Total - Gender,25 to 44 years,433.4,433400,Persons in thousands,428,thousands,3,v2582672,1.2.3.1.4,NA,NA,NA,1,1,NA,1.2,NA,1.3,NA,1,NA,4,8013.3,5.408508354860045
2012,2012-07-01,Canada,2021A000011124,11124,Labour force,High school graduate,Total - Gender,25 to 44 years,1322.8,1322800,Persons in thousands,428,thousands,3,v2582673,1.2.4.1.4,NA,NA,NA,1,1,NA,1.2,NA,1.4,NA,1,NA,4,8013.3,16.507556187837718
2012,2012-07-01,Canada,2021A000011124,11124,Labour force,University degree,Total - Gender,25 to 44 years,2640.7,2640700,Persons in thousands,428,thousands,3,v2582676,1.2.7.1.4,NA,NA,NA,1,1,NA,1.2,NA,1.7,NA,1,NA,4,8013.3,32.95396403479216
2012,2012-07-01,Canada,2021A000011124,11124,Employment,0 to 8  years,Total - Gender,25 to 44 years,76.6,76600,Persons in thousands,428,thousands,3,v2582680,1.3.2.1.4,NA,NA,NA,1,1,NA,1.2.3,NA,1.2,NA,1,NA,4,7494.2,1.02212377571989
2012,2012-07-01,Canada,2021A000011124,11124,Employment,Some high school,Total - Gender,25 to 44 years,378.1,378100,Persons in thousands,428,thousands,3,v2582681,1.3.3.1.4,NA,NA,NA,1,1,NA,1.2.3,NA,1.3,NA,1,NA,4,7494.2,5.045234981719196
2012,2012-07-01,Canada,2021A000011124,11124,Employment,High school graduate,Total - Gender,25 to 44 years,1222.6,1222600,Persons in thousands,428,thousands,3,v2582682,1.3.4.1.4,NA,NA,NA,1,1,NA,1.2.3,NA,1.4,NA,1,NA,4,7494.2,16.313949454244614
2012,2012-07-01,Canada,2021A000011124,11124,Employment,University degree,Total - Gender,25 to 44 years,2505.9,2505900,Persons in thousands,428,thousands,3,v2582685,1.3.7.1.4,NA,NA,NA,1,1,NA,1.2.3,NA,1.7,NA,1,NA,4,7494.2,33.43785861065891
2012,2012-07-01,Canada,2021A000011124,11124,Full-time employment,0 to 8  years,Total - Gender,25 to 44 years,65.3,65300,Persons in thousands,428,thousands,3,v2582689,1.4.2.1.4,NA,NA,NA,1,1,NA,1.2.3.4,NA,1.2,NA,1,NA,4,6577.3,0.992808599273258
2012,2012-07-01,Canada,2021A000011124,11124,Full-time employment,Some high school,Total - Gender,25 to 44 years,332.5,332500,Persons in thousands,428,thousands,3,v2582690,1.4.3.1.4,NA,NA,NA,1,1,NA,1.2.3.4,NA,1.3,NA,1,NA,4,6577.3,5.055265838565977
2012,2012-07-01,Canada,2021A000011124,11124,Full-time employment,High school graduate,Total - Gender,25 to 44 years,1081.4,1081400,Persons in thousands,428,thousands,3,v2582691,1.4.4.1.4,NA,NA,NA,1,1,NA,1.2.3.4,NA,1.4,NA,1,NA,4,6577.3,16.44139692579022
2012,2012-07-01,Canada,2021A000011124,11124,Full-time employment,University degree,Total - Gender,25 to 44 years,2204.9,2204900,Persons in thousands,428,thousands,3,v2582694,1.4.7.1.4,NA,NA,NA,1,1,NA,1.2.3.4,NA,1.7,NA,1,NA,4,6577.3,33.52287412768157
2012,2012-07-01,Canada,2021A000011124,11124,Part-time employment,0 to 8  years,Total - Gender,25 to 44 years,11.3,11300,Persons in thousands,428,thousands,3,v2582698,1.5.2.1.4,NA,NA,NA,1,1,NA,1.2.3.5,NA,1.2,NA,1,NA,4,916.9,1.2324135674555567
2012,2012-07-01,Canada,2021A000011124,11124,Part-time employment,Some high school,Total - Gender,25 to 44 years,45.6,45600,Persons in thousands,428,thousands,3,v2582699,1.5.3.1.4,NA,NA,NA,1,1,NA,1.2.3.5,NA,1.3,NA,1,NA,4,916.9,4.973279528847202
2012,2012-07-01,Canada,2021A000011124,11124,Part-time employment,High school graduate,Total - Gender,25 to 44 years,141.2,141200,Persons in thousands,428,thousands,3,v2582700,1.5.4.1.4,NA,NA,NA,1,1,NA,1.2.3.5,NA,1.4,NA,1,NA,4,916.9,15.399716435816336
2012,2012-07-01,Canada,2021A000011124,11124,Part-time employment,University degree,Total - Gender,25 to 44 years,301,301000,Persons in thousands,428,thousands,3,v2582703,1.5.7.1.4,NA,NA,NA,1,1,NA,1.2.3.5,NA,1.7,NA,1,NA,4,916.9,32.828007416294035
2012,2012-07-01,Canada,2021A000011124,11124,Unemployment,0 to 8  years,Total - Gender,25 to 44 years,13.4,13400,Persons in thousands,428,thousands,3,v2582707,1.6.2.1.4,NA,NA,NA,1,1,NA,1.2.6,NA,1.2,NA,1,NA,4,519.1,2.5813908688114044
2012,2012-07-01,Canada,2021A000011124,11124,Unemployment,Some high school,Total - Gender,25 to 44 years,55.3,55300,Persons in thousands,428,thousands,3,v2582708,1.6.3.1.4,NA,NA,NA,1,1,NA,1.2.6,NA,1.3,NA,1,NA,4,519.1,10.653053361587363
2012,2012-07-01,Canada,2021A000011124,11124,Unemployment,High school graduate,Total - Gender,25 to 44 years,100.2,100200,Persons in thousands,428,thousands,3,v2582709,1.6.4.1.4,NA,NA,NA,1,1,NA,1.2.6,NA,1.4,NA,1,NA,4,519.1,19.302639183201695
2012,2012-07-01,Canada,2021A000011124,11124,Unemployment,University degree,Total - Gender,25 to 44 years,134.9,134900,Persons in thousands,428,thousands,3,v2582712,1.6.7.1.4,NA,NA,NA,1,1,NA,1.2.6,NA,1.7,NA,1,NA,4,519.1,25.987285686765556
2012,2012-07-01,Canada,2021A000011124,11124,Not in labour force,0 to 8  years,Total - Gender,25 to 44 years,64.9,64900.00000000001,Persons in thousands,428,thousands,3,v2582716,1.7.2.1.4,NA,NA,NA,1,1,NA,1.7,NA,1.2,NA,1,NA,4,1177.3,5.512613607406779
2012,2012-07-01,Canada,2021A000011124,11124,Not in labour force,Some high school,Total - Gender,25 to 44 years,147.6,147600,Persons in thousands,428,thousands,3,v2582717,1.7.3.1.4,NA,NA,NA,1,1,NA,1.7,NA,1.3,NA,1,NA,4,1177.3,12.537161301282596
2012,2012-07-01,Canada,2021A000011124,11124,Not in labour force,High school graduate,Total - Gender,25 to 44 years,254,254000,Persons in thousands,428,thousands,3,v2582718,1.7.4.1.4,NA,NA,NA,1,1,NA,1.7,NA,1.4,NA,1,NA,4,1177.3,21.574789773209886
2012,2012-07-01,Canada,2021A000011124,11124,Not in labour force,University degree,Total - Gender,25 to 44 years,290,290000,Persons in thousands,428,thousands,3,v2582721,1.7.7.1.4,NA,NA,NA,1,1,NA,1.7,NA,1.7,NA,1,NA,4,1177.3,24.63263399303491
2012,2012-07-01,Canada,2021A000011124,11124,Unemployment rate,0 to 8  years,Total - Gender,25 to 44 years,14.9,0.149,Percent,239,units,0,v2582725,1.8.2.1.4,NA,NA,NA,1,1,NA,8,NA,1.2,NA,1,NA,4,6.5,229.23076923076923
2012,2012-07-01,Canada,2021A000011124,11124,Unemployment rate,Some high school,Total - Gender,25 to 44 years,12.8,0.128,Percent,239,units,0,v2582726,1.8.3.1.4,NA,NA,NA,1,1,NA,8,NA,1.3,NA,1,NA,4,6.5,196.92307692307693
2012,2012-07-01,Canada,2021A000011124,11124,Unemployment rate,High school graduate,Total - Gender,25 to 44 years,7.6,0.076,Percent,239,units,0,v2582727,1.8.4.1.4,NA,NA,NA,1,1,NA,8,NA,1.4,NA,1,NA,4,6.5,116.92307692307692
2012,2012-07-01,Canada,2021A000011124,11124,Unemployment rate,University degree,Total - Gender,25 to 44 years,5.1,0.051,Percent,239,units,0,v2582730,1.8.7.1.4,NA,NA,NA,1,1,NA,8,NA,1.7,NA,1,NA,4,6.5,78.46153846153845
2012,2012-07-01,Canada,2021A000011124,11124,Participation rate,0 to 8  years,Total - Gender,25 to 44 years,58,0.58,Percent,239,units,0,v2582734,1.9.2.1.4,NA,NA,NA,1,1,NA,9,NA,1.2,NA,1,NA,4,87.2,66.5137614678899
2012,2012-07-01,Canada,2021A000011124,11124,Participation rate,Some high school,Total - Gender,25 to 44 years,74.6,0.746,Percent,239,units,0,v2582735,1.9.3.1.4,NA,NA,NA,1,1,NA,9,NA,1.3,NA,1,NA,4,87.2,85.55045871559632
2012,2012-07-01,Canada,2021A000011124,11124,Participation rate,High school graduate,Total - Gender,25 to 44 years,83.9,0.8390000000000001,Percent,239,units,0,v2582736,1.9.4.1.4,NA,NA,NA,1,1,NA,9,NA,1.4,NA,1,NA,4,87.2,96.21559633027523
2012,2012-07-01,Canada,2021A000011124,11124,Participation rate,University degree,Total - Gender,25 to 44 years,90.1,0.9009999999999999,Percent,239,units,0,v2582739,1.9.7.1.4,NA,NA,NA,1,1,NA,9,NA,1.7,NA,1,NA,4,87.2,103.32568807339449
2012,2012-07-01,Canada,2021A000011124,11124,Employment rate,0 to 8  years,Total - Gender,25 to 44 years,49.5,0.495,Percent,239,units,0,v2582743,1.10.2.1.4,NA,NA,NA,1,1,NA,10,NA,1.2,NA,1,NA,4,81.5,60.736196319018404
2012,2012-07-01,Canada,2021A000011124,11124,Employment rate,Some high school,Total - Gender,25 to 44 years,65.1,0.6509999999999999,Percent,239,units,0,v2582744,1.10.3.1.4,NA,NA,NA,1,1,NA,10,NA,1.3,NA,1,NA,4,81.5,79.87730061349693
2012,2012-07-01,Canada,2021A000011124,11124,Employment rate,High school graduate,Total - Gender,25 to 44 years,77.5,0.775,Percent,239,units,0,v2582745,1.10.4.1.4,NA,NA,NA,1,1,NA,10,NA,1.4,NA,1,NA,4,81.5,95.0920245398773
2012,2012-07-01,Canada,2021A000011124,11124,Employment rate,University degree,Total - Gender,25 to 44 years,85.5,0.855,Percent,239,units,0,v2582748,1.10.7.1.4,NA,NA,NA,1,1,NA,10,NA,1.7,NA,1,NA,4,81.5,104.9079754601227
2013,2013-07-01,Canada,2021A000011124,11124,Population,0 to 8  years,Total - Gender,25 to 44 years,148.5,148500,Persons in thousands,428,thousands,3,v2582662,1.1.2.1.4,NA,NA,NA,1,1,NA,1,NA,1.2,NA,1,NA,4,9261.7,1.603377349730611
2013,2013-07-01,Canada,2021A000011124,11124,Population,Some high school,Total - Gender,25 to 44 years,548.3,548300,Persons in thousands,428,thousands,3,v2582663,1.1.3.1.4,NA,NA,NA,1,1,NA,1,NA,1.3,NA,1,NA,4,9261.7,5.920079467052484
2013,2013-07-01,Canada,2021A000011124,11124,Population,High school graduate,Total - Gender,25 to 44 years,1606.2,1606200,Persons in thousands,428,thousands,3,v2582664,1.1.4.1.4,NA,NA,NA,1,1,NA,1,NA,1.4,NA,1,NA,4,9261.7,17.342388546379173
2013,2013-07-01,Canada,2021A000011124,11124,Population,University degree,Total - Gender,25 to 44 years,3042.8,3042800,Persons in thousands,428,thousands,3,v2582667,1.1.7.1.4,NA,NA,NA,1,1,NA,1,NA,1.7,NA,1,NA,4,9261.7,32.85357979636567
2013,2013-07-01,Canada,2021A000011124,11124,Labour force,0 to 8  years,Total - Gender,25 to 44 years,87.3,87300,Persons in thousands,428,thousands,3,v2582671,1.2.2.1.4,NA,NA,NA,1,1,NA,1.2,NA,1.2,NA,1,NA,4,8081.4,1.0802583710743188
2013,2013-07-01,Canada,2021A000011124,11124,Labour force,Some high school,Total - Gender,25 to 44 years,400,400000,Persons in thousands,428,thousands,3,v2582672,1.2.3.1.4,NA,NA,NA,1,1,NA,1.2,NA,1.3,NA,1,NA,4,8081.4,4.9496374390575895
2013,2013-07-01,Canada,2021A000011124,11124,Labour force,High school graduate,Total - Gender,25 to 44 years,1339.9,1339900,Persons in thousands,428,thousands,3,v2582673,1.2.4.1.4,NA,NA,NA,1,1,NA,1.2,NA,1.4,NA,1,NA,4,8081.4,16.58004801148316
2013,2013-07-01,Canada,2021A000011124,11124,Labour force,University degree,Total - Gender,25 to 44 years,2741.7,2741700,Persons in thousands,428,thousands,3,v2582676,1.2.7.1.4,NA,NA,NA,1,1,NA,1.2,NA,1.7,NA,1,NA,4,8081.4,33.92605241666048
2013,2013-07-01,Canada,2021A000011124,11124,Employment,0 to 8  years,Total - Gender,25 to 44 years,74.2,74200,Persons in thousands,428,thousands,3,v2582680,1.3.2.1.4,NA,NA,NA,1,1,NA,1.2.3,NA,1.2,NA,1,NA,4,7582.9,0.9785174537446096
2013,2013-07-01,Canada,2021A000011124,11124,Employment,Some high school,Total - Gender,25 to 44 years,349.2,349200,Persons in thousands,428,thousands,3,v2582681,1.3.3.1.4,NA,NA,NA,1,1,NA,1.2.3,NA,1.3,NA,1,NA,4,7582.9,4.6050983133102115
2013,2013-07-01,Canada,2021A000011124,11124,Employment,High school graduate,Total - Gender,25 to 44 years,1236,1236000,Persons in thousands,428,thousands,3,v2582682,1.3.4.1.4,NA,NA,NA,1,1,NA,1.2.3,NA,1.4,NA,1,NA,4,7582.9,16.29983251790212
2013,2013-07-01,Canada,2021A000011124,11124,Employment,University degree,Total - Gender,25 to 44 years,2617.6,2617600,Persons in thousands,428,thousands,3,v2582685,1.3.7.1.4,NA,NA,NA,1,1,NA,1.2.3,NA,1.7,NA,1,NA,4,7582.9,34.51977475635971
2013,2013-07-01,Canada,2021A000011124,11124,Full-time employment,0 to 8  years,Total - Gender,25 to 44 years,64.3,64300,Persons in thousands,428,thousands,3,v2582689,1.4.2.1.4,NA,NA,NA,1,1,NA,1.2.3.4,NA,1.2,NA,1,NA,4,6657.8,0.9657844933761903
2013,2013-07-01,Canada,2021A000011124,11124,Full-time employment,Some high school,Total - Gender,25 to 44 years,307.5,307500,Persons in thousands,428,thousands,3,v2582690,1.4.3.1.4,NA,NA,NA,1,1,NA,1.2.3.4,NA,1.3,NA,1,NA,4,6657.8,4.61864279491724
2013,2013-07-01,Canada,2021A000011124,11124,Full-time employment,High school graduate,Total - Gender,25 to 44 years,1086.8,1086800,Persons in thousands,428,thousands,3,v2582691,1.4.4.1.4,NA,NA,NA,1,1,NA,1.2.3.4,NA,1.4,NA,1,NA,4,6657.8,16.323710535011564
2013,2013-07-01,Canada,2021A000011124,11124,Full-time employment,University degree,Total - Gender,25 to 44 years,2305.6,2305600,Persons in thousands,428,thousands,3,v2582694,1.4.7.1.4,NA,NA,NA,1,1,NA,1.2.3.4,NA,1.7,NA,1,NA,4,6657.8,34.63005797710955
2013,2013-07-01,Canada,2021A000011124,11124,Part-time employment,0 to 8  years,Total - Gender,25 to 44 years,9.9,9900,Persons in thousands,428,thousands,3,v2582698,1.5.2.1.4,NA,NA,NA,1,1,NA,1.2.3.5,NA,1.2,NA,1,NA,4,925.1,1.070154577883472
2013,2013-07-01,Canada,2021A000011124,11124,Part-time employment,Some high school,Total - Gender,25 to 44 years,41.7,41700,Persons in thousands,428,thousands,3,v2582699,1.5.3.1.4,NA,NA,NA,1,1,NA,1.2.3.5,NA,1.3,NA,1,NA,4,925.1,4.507620797751595
2013,2013-07-01,Canada,2021A000011124,11124,Part-time employment,High school graduate,Total - Gender,25 to 44 years,149.2,149200,Persons in thousands,428,thousands,3,v2582700,1.5.4.1.4,NA,NA,NA,1,1,NA,1.2.3.5,NA,1.4,NA,1,NA,4,925.1,16.12798616365798
2013,2013-07-01,Canada,2021A000011124,11124,Part-time employment,University degree,Total - Gender,25 to 44 years,311.9,311900,Persons in thousands,428,thousands,3,v2582703,1.5.7.1.4,NA,NA,NA,1,1,NA,1.2.3.5,NA,1.7,NA,1,NA,4,925.1,33.71527402442979
2013,2013-07-01,Canada,2021A000011124,11124,Unemployment,0 to 8  years,Total - Gender,25 to 44 years,13.1,13100,Persons in thousands,428,thousands,3,v2582707,1.6.2.1.4,NA,NA,NA,1,1,NA,1.2.6,NA,1.2,NA,1,NA,4,498.5,2.6278836509528585
2013,2013-07-01,Canada,2021A000011124,11124,Unemployment,Some high school,Total - Gender,25 to 44 years,50.8,50800,Persons in thousands,428,thousands,3,v2582708,1.6.3.1.4,NA,NA,NA,1,1,NA,1.2.6,NA,1.3,NA,1,NA,4,498.5,10.190571715145436
2013,2013-07-01,Canada,2021A000011124,11124,Unemployment,High school graduate,Total - Gender,25 to 44 years,103.9,103900,Persons in thousands,428,thousands,3,v2582709,1.6.4.1.4,NA,NA,NA,1,1,NA,1.2.6,NA,1.4,NA,1,NA,4,498.5,20.842527582748243
2013,2013-07-01,Canada,2021A000011124,11124,Unemployment,University degree,Total - Gender,25 to 44 years,124.1,124100,Persons in thousands,428,thousands,3,v2582712,1.6.7.1.4,NA,NA,NA,1,1,NA,1.2.6,NA,1.7,NA,1,NA,4,498.5,24.89468405215647
2013,2013-07-01,Canada,2021A000011124,11124,Not in labour force,0 to 8  years,Total - Gender,25 to 44 years,61.2,61200,Persons in thousands,428,thousands,3,v2582716,1.7.2.1.4,NA,NA,NA,1,1,NA,1.7,NA,1.2,NA,1,NA,4,1180.3,5.185122426501737
2013,2013-07-01,Canada,2021A000011124,11124,Not in labour force,Some high school,Total - Gender,25 to 44 years,148.4,148400,Persons in thousands,428,thousands,3,v2582717,1.7.3.1.4,NA,NA,NA,1,1,NA,1.7,NA,1.3,NA,1,NA,4,1180.3,12.57307464204016
2013,2013-07-01,Canada,2021A000011124,11124,Not in labour force,High school graduate,Total - Gender,25 to 44 years,266.3,266300,Persons in thousands,428,thousands,3,v2582718,1.7.4.1.4,NA,NA,NA,1,1,NA,1.7,NA,1.4,NA,1,NA,4,1180.3,22.562060493094975
2013,2013-07-01,Canada,2021A000011124,11124,Not in labour force,University degree,Total - Gender,25 to 44 years,301.1,301100,Persons in thousands,428,thousands,3,v2582721,1.7.7.1.4,NA,NA,NA,1,1,NA,1.7,NA,1.7,NA,1,NA,4,1180.3,25.51046344149793
2013,2013-07-01,Canada,2021A000011124,11124,Unemployment rate,0 to 8  years,Total - Gender,25 to 44 years,15,0.15,Percent,239,units,0,v2582725,1.8.2.1.4,NA,NA,NA,1,1,NA,8,NA,1.2,NA,1,NA,4,6.2,241.93548387096774
2013,2013-07-01,Canada,2021A000011124,11124,Unemployment rate,Some high school,Total - Gender,25 to 44 years,12.7,0.127,Percent,239,units,0,v2582726,1.8.3.1.4,NA,NA,NA,1,1,NA,8,NA,1.3,NA,1,NA,4,6.2,204.83870967741936
2013,2013-07-01,Canada,2021A000011124,11124,Unemployment rate,High school graduate,Total - Gender,25 to 44 years,7.8,0.078,Percent,239,units,0,v2582727,1.8.4.1.4,NA,NA,NA,1,1,NA,8,NA,1.4,NA,1,NA,4,6.2,125.80645161290322
2013,2013-07-01,Canada,2021A000011124,11124,Unemployment rate,University degree,Total - Gender,25 to 44 years,4.5,0.045,Percent,239,units,0,v2582730,1.8.7.1.4,NA,NA,NA,1,1,NA,8,NA,1.7,NA,1,NA,4,6.2,72.58064516129032
2013,2013-07-01,Canada,2021A000011124,11124,Participation rate,0 to 8  years,Total - Gender,25 to 44 years,58.8,0.588,Percent,239,units,0,v2582734,1.9.2.1.4,NA,NA,NA,1,1,NA,9,NA,1.2,NA,1,NA,4,87.3,67.35395189003437
2013,2013-07-01,Canada,2021A000011124,11124,Participation rate,Some high school,Total - Gender,25 to 44 years,73,0.73,Percent,239,units,0,v2582735,1.9.3.1.4,NA,NA,NA,1,1,NA,9,NA,1.3,NA,1,NA,4,87.3,83.61970217640321
2013,2013-07-01,Canada,2021A000011124,11124,Participation rate,High school graduate,Total - Gender,25 to 44 years,83.4,0.8340000000000001,Percent,239,units,0,v2582736,1.9.4.1.4,NA,NA,NA,1,1,NA,9,NA,1.4,NA,1,NA,4,87.3,95.53264604810997
2013,2013-07-01,Canada,2021A000011124,11124,Participation rate,University degree,Total - Gender,25 to 44 years,90.1,0.9009999999999999,Percent,239,units,0,v2582739,1.9.7.1.4,NA,NA,NA,1,1,NA,9,NA,1.7,NA,1,NA,4,87.3,103.20733104238259
2013,2013-07-01,Canada,2021A000011124,11124,Employment rate,0 to 8  years,Total - Gender,25 to 44 years,50,0.5,Percent,239,units,0,v2582743,1.10.2.1.4,NA,NA,NA,1,1,NA,10,NA,1.2,NA,1,NA,4,81.9,61.050061050061046
2013,2013-07-01,Canada,2021A000011124,11124,Employment rate,Some high school,Total - Gender,25 to 44 years,63.7,0.637,Percent,239,units,0,v2582744,1.10.3.1.4,NA,NA,NA,1,1,NA,10,NA,1.3,NA,1,NA,4,81.9,77.77777777777777
2013,2013-07-01,Canada,2021A000011124,11124,Employment rate,High school graduate,Total - Gender,25 to 44 years,77,0.77,Percent,239,units,0,v2582745,1.10.4.1.4,NA,NA,NA,1,1,NA,10,NA,1.4,NA,1,NA,4,81.9,94.01709401709401
2013,2013-07-01,Canada,2021A000011124,11124,Employment rate,University degree,Total - Gender,25 to 44 years,86,0.86,Percent,239,units,0,v2582748,1.10.7.1.4,NA,NA,NA,1,1,NA,10,NA,1.7,NA,1,NA,4,81.9,105.006105006105
2014,2014-07-01,Canada,2021A000011124,11124,Population,0 to 8  years,Total - Gender,25 to 44 years,151.8,151800,Persons in thousands,428,thousands,3,v2582662,1.1.2.1.4,NA,NA,NA,1,1,NA,1,NA,1.2,NA,1,NA,4,9330.1,1.6269922080149195
2014,2014-07-01,Canada,2021A000011124,11124,Population,Some high school,Total - Gender,25 to 44 years,527.8,527800,Persons in thousands,428,thousands,3,v2582663,1.1.3.1.4,NA,NA,NA,1,1,NA,1,NA,1.3,NA,1,NA,4,9330.1,5.65695973247875
2014,2014-07-01,Canada,2021A000011124,11124,Population,High school graduate,Total - Gender,25 to 44 years,1632.1,1632100,Persons in thousands,428,thousands,3,v2582664,1.1.4.1.4,NA,NA,NA,1,1,NA,1,NA,1.4,NA,1,NA,4,9330.1,17.492845735844202
2014,2014-07-01,Canada,2021A000011124,11124,Population,University degree,Total - Gender,25 to 44 years,3118.6,3118600,Persons in thousands,428,thousands,3,v2582667,1.1.7.1.4,NA,NA,NA,1,1,NA,1,NA,1.7,NA,1,NA,4,9330.1,33.4251508558322
2014,2014-07-01,Canada,2021A000011124,11124,Labour force,0 to 8  years,Total - Gender,25 to 44 years,84.9,84900,Persons in thousands,428,thousands,3,v2582671,1.2.2.1.4,NA,NA,NA,1,1,NA,1.2,NA,1.2,NA,1,NA,4,8099.1,1.0482646219950364
2014,2014-07-01,Canada,2021A000011124,11124,Labour force,Some high school,Total - Gender,25 to 44 years,373.5,373500,Persons in thousands,428,thousands,3,v2582672,1.2.3.1.4,NA,NA,NA,1,1,NA,1.2,NA,1.3,NA,1,NA,4,8099.1,4.611623513723747
2014,2014-07-01,Canada,2021A000011124,11124,Labour force,High school graduate,Total - Gender,25 to 44 years,1338.9,1338900,Persons in thousands,428,thousands,3,v2582673,1.2.4.1.4,NA,NA,NA,1,1,NA,1.2,NA,1.4,NA,1,NA,4,8099.1,16.53146645923621
2014,2014-07-01,Canada,2021A000011124,11124,Labour force,University degree,Total - Gender,25 to 44 years,2813.3,2813300,Persons in thousands,428,thousands,3,v2582676,1.2.7.1.4,NA,NA,NA,1,1,NA,1.2,NA,1.7,NA,1,NA,4,8099.1,34.73595831635614
2014,2014-07-01,Canada,2021A000011124,11124,Employment,0 to 8  years,Total - Gender,25 to 44 years,73,73000,Persons in thousands,428,thousands,3,v2582680,1.3.2.1.4,NA,NA,NA,1,1,NA,1.2.3,NA,1.2,NA,1,NA,4,7598.6,0.9607032874476877
2014,2014-07-01,Canada,2021A000011124,11124,Employment,Some high school,Total - Gender,25 to 44 years,322.4,322400,Persons in thousands,428,thousands,3,v2582681,1.3.3.1.4,NA,NA,NA,1,1,NA,1.2.3,NA,1.3,NA,1,NA,4,7598.6,4.242886847577185
2014,2014-07-01,Canada,2021A000011124,11124,Employment,High school graduate,Total - Gender,25 to 44 years,1239.6,1239600,Persons in thousands,428,thousands,3,v2582682,1.3.4.1.4,NA,NA,NA,1,1,NA,1.2.3,NA,1.4,NA,1,NA,4,7598.6,16.3135314400021
2014,2014-07-01,Canada,2021A000011124,11124,Employment,University degree,Total - Gender,25 to 44 years,2676.9,2676900,Persons in thousands,428,thousands,3,v2582685,1.3.7.1.4,NA,NA,NA,1,1,NA,1.2.3,NA,1.7,NA,1,NA,4,7598.6,35.228857947516644
2014,2014-07-01,Canada,2021A000011124,11124,Full-time employment,0 to 8  years,Total - Gender,25 to 44 years,63.8,63800,Persons in thousands,428,thousands,3,v2582689,1.4.2.1.4,NA,NA,NA,1,1,NA,1.2.3.4,NA,1.2,NA,1,NA,4,6658,0.9582457194352658
2014,2014-07-01,Canada,2021A000011124,11124,Full-time employment,Some high school,Total - Gender,25 to 44 years,280.8,280800,Persons in thousands,428,thousands,3,v2582690,1.4.3.1.4,NA,NA,NA,1,1,NA,1.2.3.4,NA,1.3,NA,1,NA,4,6658,4.21748272754581
2014,2014-07-01,Canada,2021A000011124,11124,Full-time employment,High school graduate,Total - Gender,25 to 44 years,1085.8,1085800,Persons in thousands,428,thousands,3,v2582691,1.4.4.1.4,NA,NA,NA,1,1,NA,1.2.3.4,NA,1.4,NA,1,NA,4,6658,16.308200660859118
2014,2014-07-01,Canada,2021A000011124,11124,Full-time employment,University degree,Total - Gender,25 to 44 years,2347.6,2347600,Persons in thousands,428,thousands,3,v2582694,1.4.7.1.4,NA,NA,NA,1,1,NA,1.2.3.4,NA,1.7,NA,1,NA,4,6658,35.25983778912586
2014,2014-07-01,Canada,2021A000011124,11124,Part-time employment,0 to 8  years,Total - Gender,25 to 44 years,9.2,9200,Persons in thousands,428,thousands,3,v2582698,1.5.2.1.4,NA,NA,NA,1,1,NA,1.2.3.5,NA,1.2,NA,1,NA,4,940.6,0.9780990856899849
2014,2014-07-01,Canada,2021A000011124,11124,Part-time employment,Some high school,Total - Gender,25 to 44 years,41.6,41600,Persons in thousands,428,thousands,3,v2582699,1.5.3.1.4,NA,NA,NA,1,1,NA,1.2.3.5,NA,1.3,NA,1,NA,4,940.6,4.422708909206889
2014,2014-07-01,Canada,2021A000011124,11124,Part-time employment,High school graduate,Total - Gender,25 to 44 years,153.8,153800,Persons in thousands,428,thousands,3,v2582700,1.5.4.1.4,NA,NA,NA,1,1,NA,1.2.3.5,NA,1.4,NA,1,NA,4,940.6,16.351265149904318
2014,2014-07-01,Canada,2021A000011124,11124,Part-time employment,University degree,Total - Gender,25 to 44 years,329.3,329300,Persons in thousands,428,thousands,3,v2582703,1.5.7.1.4,NA,NA,NA,1,1,NA,1.2.3.5,NA,1.7,NA,1,NA,4,940.6,35.00956836062088
2014,2014-07-01,Canada,2021A000011124,11124,Unemployment,0 to 8  years,Total - Gender,25 to 44 years,11.9,11900,Persons in thousands,428,thousands,3,v2582707,1.6.2.1.4,NA,NA,NA,1,1,NA,1.2.6,NA,1.2,NA,1,NA,4,500.5,2.3776223776223775
2014,2014-07-01,Canada,2021A000011124,11124,Unemployment,Some high school,Total - Gender,25 to 44 years,51.1,51100,Persons in thousands,428,thousands,3,v2582708,1.6.3.1.4,NA,NA,NA,1,1,NA,1.2.6,NA,1.3,NA,1,NA,4,500.5,10.20979020979021
2014,2014-07-01,Canada,2021A000011124,11124,Unemployment,High school graduate,Total - Gender,25 to 44 years,99.3,99300,Persons in thousands,428,thousands,3,v2582709,1.6.4.1.4,NA,NA,NA,1,1,NA,1.2.6,NA,1.4,NA,1,NA,4,500.5,19.84015984015984
2014,2014-07-01,Canada,2021A000011124,11124,Unemployment,University degree,Total - Gender,25 to 44 years,136.5,136500,Persons in thousands,428,thousands,3,v2582712,1.6.7.1.4,NA,NA,NA,1,1,NA,1.2.6,NA,1.7,NA,1,NA,4,500.5,27.272727272727273
2014,2014-07-01,Canada,2021A000011124,11124,Not in labour force,0 to 8  years,Total - Gender,25 to 44 years,66.9,66900,Persons in thousands,428,thousands,3,v2582716,1.7.2.1.4,NA,NA,NA,1,1,NA,1.7,NA,1.2,NA,1,NA,4,1231,5.4346060113728685
2014,2014-07-01,Canada,2021A000011124,11124,Not in labour force,Some high school,Total - Gender,25 to 44 years,154.3,154300,Persons in thousands,428,thousands,3,v2582717,1.7.3.1.4,NA,NA,NA,1,1,NA,1.7,NA,1.3,NA,1,NA,4,1231,12.534524776604389
2014,2014-07-01,Canada,2021A000011124,11124,Not in labour force,High school graduate,Total - Gender,25 to 44 years,293.3,293300,Persons in thousands,428,thousands,3,v2582718,1.7.4.1.4,NA,NA,NA,1,1,NA,1.7,NA,1.4,NA,1,NA,4,1231,23.82615759545085
2014,2014-07-01,Canada,2021A000011124,11124,Not in labour force,University degree,Total - Gender,25 to 44 years,305.3,305300,Persons in thousands,428,thousands,3,v2582721,1.7.7.1.4,NA,NA,NA,1,1,NA,1.7,NA,1.7,NA,1,NA,4,1231,24.80097481722177
2014,2014-07-01,Canada,2021A000011124,11124,Unemployment rate,0 to 8  years,Total - Gender,25 to 44 years,14,0.14,Percent,239,units,0,v2582725,1.8.2.1.4,NA,NA,NA,1,1,NA,8,NA,1.2,NA,1,NA,4,6.2,225.80645161290323
2014,2014-07-01,Canada,2021A000011124,11124,Unemployment rate,Some high school,Total - Gender,25 to 44 years,13.7,0.13699999999999998,Percent,239,units,0,v2582726,1.8.3.1.4,NA,NA,NA,1,1,NA,8,NA,1.3,NA,1,NA,4,6.2,220.96774193548387
2014,2014-07-01,Canada,2021A000011124,11124,Unemployment rate,High school graduate,Total - Gender,25 to 44 years,7.4,0.07400000000000001,Percent,239,units,0,v2582727,1.8.4.1.4,NA,NA,NA,1,1,NA,8,NA,1.4,NA,1,NA,4,6.2,119.35483870967741
2014,2014-07-01,Canada,2021A000011124,11124,Unemployment rate,University degree,Total - Gender,25 to 44 years,4.9,0.049,Percent,239,units,0,v2582730,1.8.7.1.4,NA,NA,NA,1,1,NA,8,NA,1.7,NA,1,NA,4,6.2,79.03225806451614
2014,2014-07-01,Canada,2021A000011124,11124,Participation rate,0 to 8  years,Total - Gender,25 to 44 years,55.9,0.5589999999999999,Percent,239,units,0,v2582734,1.9.2.1.4,NA,NA,NA,1,1,NA,9,NA,1.2,NA,1,NA,4,86.8,64.40092165898618
2014,2014-07-01,Canada,2021A000011124,11124,Participation rate,Some high school,Total - Gender,25 to 44 years,70.8,0.708,Percent,239,units,0,v2582735,1.9.3.1.4,NA,NA,NA,1,1,NA,9,NA,1.3,NA,1,NA,4,86.8,81.5668202764977
2014,2014-07-01,Canada,2021A000011124,11124,Participation rate,High school graduate,Total - Gender,25 to 44 years,82,0.82,Percent,239,units,0,v2582736,1.9.4.1.4,NA,NA,NA,1,1,NA,9,NA,1.4,NA,1,NA,4,86.8,94.47004608294931
2014,2014-07-01,Canada,2021A000011124,11124,Participation rate,University degree,Total - Gender,25 to 44 years,90.2,0.902,Percent,239,units,0,v2582739,1.9.7.1.4,NA,NA,NA,1,1,NA,9,NA,1.7,NA,1,NA,4,86.8,103.91705069124424
2014,2014-07-01,Canada,2021A000011124,11124,Employment rate,0 to 8  years,Total - Gender,25 to 44 years,48.1,0.48100000000000004,Percent,239,units,0,v2582743,1.10.2.1.4,NA,NA,NA,1,1,NA,10,NA,1.2,NA,1,NA,4,81.4,59.090909090909086
2014,2014-07-01,Canada,2021A000011124,11124,Employment rate,Some high school,Total - Gender,25 to 44 years,61.1,0.611,Percent,239,units,0,v2582744,1.10.3.1.4,NA,NA,NA,1,1,NA,10,NA,1.3,NA,1,NA,4,81.4,75.06142506142506
2014,2014-07-01,Canada,2021A000011124,11124,Employment rate,High school graduate,Total - Gender,25 to 44 years,76,0.76,Percent,239,units,0,v2582745,1.10.4.1.4,NA,NA,NA,1,1,NA,10,NA,1.4,NA,1,NA,4,81.4,93.36609336609337
2014,2014-07-01,Canada,2021A000011124,11124,Employment rate,University degree,Total - Gender,25 to 44 years,85.8,0.858,Percent,239,units,0,v2582748,1.10.7.1.4,NA,NA,NA,1,1,NA,10,NA,1.7,NA,1,NA,4,81.4,105.4054054054054
2015,2015-07-01,Canada,2021A000011124,11124,Population,0 to 8  years,Total - Gender,25 to 44 years,126.8,126800,Persons in thousands,428,thousands,3,v2582662,1.1.2.1.4,NA,NA,NA,1,1,NA,1,NA,1.2,NA,1,NA,4,9375.8,1.3524179270035626
2015,2015-07-01,Canada,2021A000011124,11124,Population,Some high school,Total - Gender,25 to 44 years,494.4,494400,Persons in thousands,428,thousands,3,v2582663,1.1.3.1.4,NA,NA,NA,1,1,NA,1,NA,1.3,NA,1,NA,4,9375.8,5.27315002453124
2015,2015-07-01,Canada,2021A000011124,11124,Population,High school graduate,Total - Gender,25 to 44 years,1613.9,1613900,Persons in thousands,428,thousands,3,v2582664,1.1.4.1.4,NA,NA,NA,1,1,NA,1,NA,1.4,NA,1,NA,4,9375.8,17.213464451033513
2015,2015-07-01,Canada,2021A000011124,11124,Population,University degree,Total - Gender,25 to 44 years,3236.2,3236200,Persons in thousands,428,thousands,3,v2582667,1.1.7.1.4,NA,NA,NA,1,1,NA,1,NA,1.7,NA,1,NA,4,9375.8,34.51652125685275
2015,2015-07-01,Canada,2021A000011124,11124,Labour force,0 to 8  years,Total - Gender,25 to 44 years,69.4,69400,Persons in thousands,428,thousands,3,v2582671,1.2.2.1.4,NA,NA,NA,1,1,NA,1.2,NA,1.2,NA,1,NA,4,8139,0.8526846049883279
2015,2015-07-01,Canada,2021A000011124,11124,Labour force,Some high school,Total - Gender,25 to 44 years,348.7,348700,Persons in thousands,428,thousands,3,v2582672,1.2.3.1.4,NA,NA,NA,1,1,NA,1.2,NA,1.3,NA,1,NA,4,8139,4.284310111807347
2015,2015-07-01,Canada,2021A000011124,11124,Labour force,High school graduate,Total - Gender,25 to 44 years,1315.5,1315500,Persons in thousands,428,thousands,3,v2582673,1.2.4.1.4,NA,NA,NA,1,1,NA,1.2,NA,1.4,NA,1,NA,4,8139,16.162919277552525
2015,2015-07-01,Canada,2021A000011124,11124,Labour force,University degree,Total - Gender,25 to 44 years,2909.8,2909800,Persons in thousands,428,thousands,3,v2582676,1.2.7.1.4,NA,NA,NA,1,1,NA,1.2,NA,1.7,NA,1,NA,4,8139,35.751320801081214
2015,2015-07-01,Canada,2021A000011124,11124,Employment,0 to 8  years,Total - Gender,25 to 44 years,61.5,61500,Persons in thousands,428,thousands,3,v2582680,1.3.2.1.4,NA,NA,NA,1,1,NA,1.2.3,NA,1.2,NA,1,NA,4,7634.3,0.8055748398674404
2015,2015-07-01,Canada,2021A000011124,11124,Employment,Some high school,Total - Gender,25 to 44 years,301.5,301500,Persons in thousands,428,thousands,3,v2582681,1.3.3.1.4,NA,NA,NA,1,1,NA,1.2.3,NA,1.3,NA,1,NA,4,7634.3,3.949281532033061
2015,2015-07-01,Canada,2021A000011124,11124,Employment,High school graduate,Total - Gender,25 to 44 years,1211,1211000,Persons in thousands,428,thousands,3,v2582682,1.3.4.1.4,NA,NA,NA,1,1,NA,1.2.3,NA,1.4,NA,1,NA,4,7634.3,15.862620017552363
2015,2015-07-01,Canada,2021A000011124,11124,Employment,University degree,Total - Gender,25 to 44 years,2770.7,2770700,Persons in thousands,428,thousands,3,v2582685,1.3.7.1.4,NA,NA,NA,1,1,NA,1.2.3,NA,1.7,NA,1,NA,4,7634.3,36.29278388326369
2015,2015-07-01,Canada,2021A000011124,11124,Full-time employment,0 to 8  years,Total - Gender,25 to 44 years,52.3,52300,Persons in thousands,428,thousands,3,v2582689,1.4.2.1.4,NA,NA,NA,1,1,NA,1.2.3.4,NA,1.2,NA,1,NA,4,6710.2,0.7794104497630473
2015,2015-07-01,Canada,2021A000011124,11124,Full-time employment,Some high school,Total - Gender,25 to 44 years,262.9,262900,Persons in thousands,428,thousands,3,v2582690,1.4.3.1.4,NA,NA,NA,1,1,NA,1.2.3.4,NA,1.3,NA,1,NA,4,6710.2,3.917916008464725
2015,2015-07-01,Canada,2021A000011124,11124,Full-time employment,High school graduate,Total - Gender,25 to 44 years,1066,1066000,Persons in thousands,428,thousands,3,v2582691,1.4.4.1.4,NA,NA,NA,1,1,NA,1.2.3.4,NA,1.4,NA,1,NA,4,6710.2,15.886262704539359
2015,2015-07-01,Canada,2021A000011124,11124,Full-time employment,University degree,Total - Gender,25 to 44 years,2436,2436000,Persons in thousands,428,thousands,3,v2582694,1.4.7.1.4,NA,NA,NA,1,1,NA,1.2.3.4,NA,1.7,NA,1,NA,4,6710.2,36.30294179011058
2015,2015-07-01,Canada,2021A000011124,11124,Part-time employment,0 to 8  years,Total - Gender,25 to 44 years,9.2,9200,Persons in thousands,428,thousands,3,v2582698,1.5.2.1.4,NA,NA,NA,1,1,NA,1.2.3.5,NA,1.2,NA,1,NA,4,924.1,0.9955632507304403
2015,2015-07-01,Canada,2021A000011124,11124,Part-time employment,Some high school,Total - Gender,25 to 44 years,38.6,38600,Persons in thousands,428,thousands,3,v2582699,1.5.3.1.4,NA,NA,NA,1,1,NA,1.2.3.5,NA,1.3,NA,1,NA,4,924.1,4.177037117195109
2015,2015-07-01,Canada,2021A000011124,11124,Part-time employment,High school graduate,Total - Gender,25 to 44 years,145,145000,Persons in thousands,428,thousands,3,v2582700,1.5.4.1.4,NA,NA,NA,1,1,NA,1.2.3.5,NA,1.4,NA,1,NA,4,924.1,15.690942538686288
2015,2015-07-01,Canada,2021A000011124,11124,Part-time employment,University degree,Total - Gender,25 to 44 years,334.8,334800,Persons in thousands,428,thousands,3,v2582703,1.5.7.1.4,NA,NA,NA,1,1,NA,1.2.3.5,NA,1.7,NA,1,NA,4,924.1,36.22984525484255
2015,2015-07-01,Canada,2021A000011124,11124,Unemployment,0 to 8  years,Total - Gender,25 to 44 years,7.8,7800,Persons in thousands,428,thousands,3,v2582707,1.6.2.1.4,NA,NA,NA,1,1,NA,1.2.6,NA,1.2,NA,1,NA,4,504.7,1.5454725579552209
2015,2015-07-01,Canada,2021A000011124,11124,Unemployment,Some high school,Total - Gender,25 to 44 years,47.2,47200,Persons in thousands,428,thousands,3,v2582708,1.6.3.1.4,NA,NA,NA,1,1,NA,1.2.6,NA,1.3,NA,1,NA,4,504.7,9.352090350703389
2015,2015-07-01,Canada,2021A000011124,11124,Unemployment,High school graduate,Total - Gender,25 to 44 years,104.5,104500,Persons in thousands,428,thousands,3,v2582709,1.6.4.1.4,NA,NA,NA,1,1,NA,1.2.6,NA,1.4,NA,1,NA,4,504.7,20.705369526451356
2015,2015-07-01,Canada,2021A000011124,11124,Unemployment,University degree,Total - Gender,25 to 44 years,139.1,139100,Persons in thousands,428,thousands,3,v2582712,1.6.7.1.4,NA,NA,NA,1,1,NA,1.2.6,NA,1.7,NA,1,NA,4,504.7,27.560927283534774
2015,2015-07-01,Canada,2021A000011124,11124,Not in labour force,0 to 8  years,Total - Gender,25 to 44 years,57.5,57500,Persons in thousands,428,thousands,3,v2582716,1.7.2.1.4,NA,NA,NA,1,1,NA,1.7,NA,1.2,NA,1,NA,4,1236.9,4.648718570620098
2015,2015-07-01,Canada,2021A000011124,11124,Not in labour force,Some high school,Total - Gender,25 to 44 years,145.7,145700,Persons in thousands,428,thousands,3,v2582717,1.7.3.1.4,NA,NA,NA,1,1,NA,1.7,NA,1.3,NA,1,NA,4,1236.9,11.779448621553883
2015,2015-07-01,Canada,2021A000011124,11124,Not in labour force,High school graduate,Total - Gender,25 to 44 years,298.4,298400,Persons in thousands,428,thousands,3,v2582718,1.7.4.1.4,NA,NA,NA,1,1,NA,1.7,NA,1.4,NA,1,NA,4,1236.9,24.12482819953108
2015,2015-07-01,Canada,2021A000011124,11124,Not in labour force,University degree,Total - Gender,25 to 44 years,326.4,326400,Persons in thousands,428,thousands,3,v2582721,1.7.7.1.4,NA,NA,NA,1,1,NA,1.7,NA,1.7,NA,1,NA,4,1236.9,26.388552025224346
2015,2015-07-01,Canada,2021A000011124,11124,Unemployment rate,0 to 8  years,Total - Gender,25 to 44 years,11.2,0.11199999999999999,Percent,239,units,0,v2582725,1.8.2.1.4,NA,NA,NA,1,1,NA,8,NA,1.2,NA,1,NA,4,6.2,180.64516129032256
2015,2015-07-01,Canada,2021A000011124,11124,Unemployment rate,Some high school,Total - Gender,25 to 44 years,13.5,0.135,Percent,239,units,0,v2582726,1.8.3.1.4,NA,NA,NA,1,1,NA,8,NA,1.3,NA,1,NA,4,6.2,217.74193548387098
2015,2015-07-01,Canada,2021A000011124,11124,Unemployment rate,High school graduate,Total - Gender,25 to 44 years,7.9,0.079,Percent,239,units,0,v2582727,1.8.4.1.4,NA,NA,NA,1,1,NA,8,NA,1.4,NA,1,NA,4,6.2,127.41935483870968
2015,2015-07-01,Canada,2021A000011124,11124,Unemployment rate,University degree,Total - Gender,25 to 44 years,4.8,0.048,Percent,239,units,0,v2582730,1.8.7.1.4,NA,NA,NA,1,1,NA,8,NA,1.7,NA,1,NA,4,6.2,77.41935483870968
2015,2015-07-01,Canada,2021A000011124,11124,Participation rate,0 to 8  years,Total - Gender,25 to 44 years,54.7,0.547,Percent,239,units,0,v2582734,1.9.2.1.4,NA,NA,NA,1,1,NA,9,NA,1.2,NA,1,NA,4,86.8,63.0184331797235
2015,2015-07-01,Canada,2021A000011124,11124,Participation rate,Some high school,Total - Gender,25 to 44 years,70.5,0.705,Percent,239,units,0,v2582735,1.9.3.1.4,NA,NA,NA,1,1,NA,9,NA,1.3,NA,1,NA,4,86.8,81.22119815668204
2015,2015-07-01,Canada,2021A000011124,11124,Participation rate,High school graduate,Total - Gender,25 to 44 years,81.5,0.815,Percent,239,units,0,v2582736,1.9.4.1.4,NA,NA,NA,1,1,NA,9,NA,1.4,NA,1,NA,4,86.8,93.89400921658986
2015,2015-07-01,Canada,2021A000011124,11124,Participation rate,University degree,Total - Gender,25 to 44 years,89.9,0.899,Percent,239,units,0,v2582739,1.9.7.1.4,NA,NA,NA,1,1,NA,9,NA,1.7,NA,1,NA,4,86.8,103.57142857142857
2015,2015-07-01,Canada,2021A000011124,11124,Employment rate,0 to 8  years,Total - Gender,25 to 44 years,48.5,0.485,Percent,239,units,0,v2582743,1.10.2.1.4,NA,NA,NA,1,1,NA,10,NA,1.2,NA,1,NA,4,81.4,59.58230958230958
2015,2015-07-01,Canada,2021A000011124,11124,Employment rate,Some high school,Total - Gender,25 to 44 years,61,0.61,Percent,239,units,0,v2582744,1.10.3.1.4,NA,NA,NA,1,1,NA,10,NA,1.3,NA,1,NA,4,81.4,74.93857493857493
2015,2015-07-01,Canada,2021A000011124,11124,Employment rate,High school graduate,Total - Gender,25 to 44 years,75,0.75,Percent,239,units,0,v2582745,1.10.4.1.4,NA,NA,NA,1,1,NA,10,NA,1.4,NA,1,NA,4,81.4,92.13759213759214
2015,2015-07-01,Canada,2021A000011124,11124,Employment rate,University degree,Total - Gender,25 to 44 years,85.6,0.856,Percent,239,units,0,v2582748,1.10.7.1.4,NA,NA,NA,1,1,NA,10,NA,1.7,NA,1,NA,4,81.4,105.15970515970515
2016,2016-07-01,Canada,2021A000011124,11124,Population,0 to 8  years,Total - Gender,25 to 44 years,141.2,141200,Persons in thousands,428,thousands,3,v2582662,1.1.2.1.4,NA,NA,NA,1,1,NA,1,NA,1.2,NA,1,NA,4,9465.3,1.4917646561651505
2016,2016-07-01,Canada,2021A000011124,11124,Population,Some high school,Total - Gender,25 to 44 years,508.3,508300,Persons in thousands,428,thousands,3,v2582663,1.1.3.1.4,NA,NA,NA,1,1,NA,1,NA,1.3,NA,1,NA,4,9465.3,5.370141464084604
2016,2016-07-01,Canada,2021A000011124,11124,Population,High school graduate,Total - Gender,25 to 44 years,1547.6,1547600,Persons in thousands,428,thousands,3,v2582664,1.1.4.1.4,NA,NA,NA,1,1,NA,1,NA,1.4,NA,1,NA,4,9465.3,16.350247747033904
2016,2016-07-01,Canada,2021A000011124,11124,Population,University degree,Total - Gender,25 to 44 years,3367,3367000,Persons in thousands,428,thousands,3,v2582667,1.1.7.1.4,NA,NA,NA,1,1,NA,1,NA,1.7,NA,1,NA,4,9465.3,35.572036808130754
2016,2016-07-01,Canada,2021A000011124,11124,Labour force,0 to 8  years,Total - Gender,25 to 44 years,78.3,78300,Persons in thousands,428,thousands,3,v2582671,1.2.2.1.4,NA,NA,NA,1,1,NA,1.2,NA,1.2,NA,1,NA,4,8230,0.951397326852977
2016,2016-07-01,Canada,2021A000011124,11124,Labour force,Some high school,Total - Gender,25 to 44 years,352.8,352800,Persons in thousands,428,thousands,3,v2582672,1.2.3.1.4,NA,NA,NA,1,1,NA,1.2,NA,1.3,NA,1,NA,4,8230,4.286755771567436
2016,2016-07-01,Canada,2021A000011124,11124,Labour force,High school graduate,Total - Gender,25 to 44 years,1272.4,1272400,Persons in thousands,428,thousands,3,v2582673,1.2.4.1.4,NA,NA,NA,1,1,NA,1.2,NA,1.4,NA,1,NA,4,8230,15.460510328068045
2016,2016-07-01,Canada,2021A000011124,11124,Labour force,University degree,Total - Gender,25 to 44 years,3043.2,3043200,Persons in thousands,428,thousands,3,v2582676,1.2.7.1.4,NA,NA,NA,1,1,NA,1.2,NA,1.7,NA,1,NA,4,8230,36.97691373025516
2016,2016-07-01,Canada,2021A000011124,11124,Employment,0 to 8  years,Total - Gender,25 to 44 years,67.7,67700,Persons in thousands,428,thousands,3,v2582680,1.3.2.1.4,NA,NA,NA,1,1,NA,1.2.3,NA,1.2,NA,1,NA,4,7711.7,0.8778868472580624
2016,2016-07-01,Canada,2021A000011124,11124,Employment,Some high school,Total - Gender,25 to 44 years,305.5,305500,Persons in thousands,428,thousands,3,v2582681,1.3.3.1.4,NA,NA,NA,1,1,NA,1.2.3,NA,1.3,NA,1,NA,4,7711.7,3.9615130256623052
2016,2016-07-01,Canada,2021A000011124,11124,Employment,High school graduate,Total - Gender,25 to 44 years,1168.5,1168500,Persons in thousands,428,thousands,3,v2582682,1.3.4.1.4,NA,NA,NA,1,1,NA,1.2.3,NA,1.4,NA,1,NA,4,7711.7,15.152301049055332
2016,2016-07-01,Canada,2021A000011124,11124,Employment,University degree,Total - Gender,25 to 44 years,2897.9,2897900,Persons in thousands,428,thousands,3,v2582685,1.3.7.1.4,NA,NA,NA,1,1,NA,1.2.3,NA,1.7,NA,1,NA,4,7711.7,37.577965947845485
2016,2016-07-01,Canada,2021A000011124,11124,Full-time employment,0 to 8  years,Total - Gender,25 to 44 years,58.1,58100,Persons in thousands,428,thousands,3,v2582689,1.4.2.1.4,NA,NA,NA,1,1,NA,1.2.3.4,NA,1.2,NA,1,NA,4,6760.5,0.8594038902448043
2016,2016-07-01,Canada,2021A000011124,11124,Full-time employment,Some high school,Total - Gender,25 to 44 years,266.9,266900,Persons in thousands,428,thousands,3,v2582690,1.4.3.1.4,NA,NA,NA,1,1,NA,1.2.3.4,NA,1.3,NA,1,NA,4,6760.5,3.9479328452037565
2016,2016-07-01,Canada,2021A000011124,11124,Full-time employment,High school graduate,Total - Gender,25 to 44 years,1026.3,1026300,Persons in thousands,428,thousands,3,v2582691,1.4.4.1.4,NA,NA,NA,1,1,NA,1.2.3.4,NA,1.4,NA,1,NA,4,6760.5,15.180829820279564
2016,2016-07-01,Canada,2021A000011124,11124,Full-time employment,University degree,Total - Gender,25 to 44 years,2550.6,2550600,Persons in thousands,428,thousands,3,v2582694,1.4.7.1.4,NA,NA,NA,1,1,NA,1.2.3.4,NA,1.7,NA,1,NA,4,6760.5,37.72797869980031
2016,2016-07-01,Canada,2021A000011124,11124,Part-time employment,0 to 8  years,Total - Gender,25 to 44 years,9.7,9700,Persons in thousands,428,thousands,3,v2582698,1.5.2.1.4,NA,NA,NA,1,1,NA,1.2.3.5,NA,1.2,NA,1,NA,4,951.3,1.0196573110480394
2016,2016-07-01,Canada,2021A000011124,11124,Part-time employment,Some high school,Total - Gender,25 to 44 years,38.6,38600,Persons in thousands,428,thousands,3,v2582699,1.5.3.1.4,NA,NA,NA,1,1,NA,1.2.3.5,NA,1.3,NA,1,NA,4,951.3,4.057605382108694
2016,2016-07-01,Canada,2021A000011124,11124,Part-time employment,High school graduate,Total - Gender,25 to 44 years,142.2,142200,Persons in thousands,428,thousands,3,v2582700,1.5.4.1.4,NA,NA,NA,1,1,NA,1.2.3.5,NA,1.4,NA,1,NA,4,951.3,14.947965941343423
2016,2016-07-01,Canada,2021A000011124,11124,Part-time employment,University degree,Total - Gender,25 to 44 years,347.3,347300,Persons in thousands,428,thousands,3,v2582703,1.5.7.1.4,NA,NA,NA,1,1,NA,1.2.3.5,NA,1.7,NA,1,NA,4,951.3,36.507936507936506
2016,2016-07-01,Canada,2021A000011124,11124,Unemployment,0 to 8  years,Total - Gender,25 to 44 years,10.5,10500,Persons in thousands,428,thousands,3,v2582707,1.6.2.1.4,NA,NA,NA,1,1,NA,1.2.6,NA,1.2,NA,1,NA,4,518.3,2.0258537526529037
2016,2016-07-01,Canada,2021A000011124,11124,Unemployment,Some high school,Total - Gender,25 to 44 years,47.3,47300,Persons in thousands,428,thousands,3,v2582708,1.6.3.1.4,NA,NA,NA,1,1,NA,1.2.6,NA,1.3,NA,1,NA,4,518.3,9.125988809569748
2016,2016-07-01,Canada,2021A000011124,11124,Unemployment,High school graduate,Total - Gender,25 to 44 years,103.9,103900,Persons in thousands,428,thousands,3,v2582709,1.6.4.1.4,NA,NA,NA,1,1,NA,1.2.6,NA,1.4,NA,1,NA,4,518.3,20.046305228632068
2016,2016-07-01,Canada,2021A000011124,11124,Unemployment,University degree,Total - Gender,25 to 44 years,145.3,145300,Persons in thousands,428,thousands,3,v2582712,1.6.7.1.4,NA,NA,NA,1,1,NA,1.2.6,NA,1.7,NA,1,NA,4,518.3,28.033957167663523
2016,2016-07-01,Canada,2021A000011124,11124,Not in labour force,0 to 8  years,Total - Gender,25 to 44 years,62.9,62900,Persons in thousands,428,thousands,3,v2582716,1.7.2.1.4,NA,NA,NA,1,1,NA,1.7,NA,1.2,NA,1,NA,4,1235.3,5.091880514854691
2016,2016-07-01,Canada,2021A000011124,11124,Not in labour force,Some high school,Total - Gender,25 to 44 years,155.5,155500,Persons in thousands,428,thousands,3,v2582717,1.7.3.1.4,NA,NA,NA,1,1,NA,1.7,NA,1.3,NA,1,NA,4,1235.3,12.588035295070023
2016,2016-07-01,Canada,2021A000011124,11124,Not in labour force,High school graduate,Total - Gender,25 to 44 years,275.2,275200,Persons in thousands,428,thousands,3,v2582718,1.7.4.1.4,NA,NA,NA,1,1,NA,1.7,NA,1.4,NA,1,NA,4,1235.3,22.277989152432607
2016,2016-07-01,Canada,2021A000011124,11124,Not in labour force,University degree,Total - Gender,25 to 44 years,323.8,323800,Persons in thousands,428,thousands,3,v2582721,1.7.7.1.4,NA,NA,NA,1,1,NA,1.7,NA,1.7,NA,1,NA,4,1235.3,26.21225613211366
2016,2016-07-01,Canada,2021A000011124,11124,Unemployment rate,0 to 8  years,Total - Gender,25 to 44 years,13.4,0.134,Percent,239,units,0,v2582725,1.8.2.1.4,NA,NA,NA,1,1,NA,8,NA,1.2,NA,1,NA,4,6.3,212.6984126984127
2016,2016-07-01,Canada,2021A000011124,11124,Unemployment rate,Some high school,Total - Gender,25 to 44 years,13.4,0.134,Percent,239,units,0,v2582726,1.8.3.1.4,NA,NA,NA,1,1,NA,8,NA,1.3,NA,1,NA,4,6.3,212.6984126984127
2016,2016-07-01,Canada,2021A000011124,11124,Unemployment rate,High school graduate,Total - Gender,25 to 44 years,8.2,0.08199999999999999,Percent,239,units,0,v2582727,1.8.4.1.4,NA,NA,NA,1,1,NA,8,NA,1.4,NA,1,NA,4,6.3,130.15873015873015
2016,2016-07-01,Canada,2021A000011124,11124,Unemployment rate,University degree,Total - Gender,25 to 44 years,4.8,0.048,Percent,239,units,0,v2582730,1.8.7.1.4,NA,NA,NA,1,1,NA,8,NA,1.7,NA,1,NA,4,6.3,76.19047619047619
2016,2016-07-01,Canada,2021A000011124,11124,Participation rate,0 to 8  years,Total - Gender,25 to 44 years,55.5,0.555,Percent,239,units,0,v2582734,1.9.2.1.4,NA,NA,NA,1,1,NA,9,NA,1.2,NA,1,NA,4,86.9,63.866513233601836
2016,2016-07-01,Canada,2021A000011124,11124,Participation rate,Some high school,Total - Gender,25 to 44 years,69.4,0.6940000000000001,Percent,239,units,0,v2582735,1.9.3.1.4,NA,NA,NA,1,1,NA,9,NA,1.3,NA,1,NA,4,86.9,79.86191024165709
2016,2016-07-01,Canada,2021A000011124,11124,Participation rate,High school graduate,Total - Gender,25 to 44 years,82.2,0.8220000000000001,Percent,239,units,0,v2582736,1.9.4.1.4,NA,NA,NA,1,1,NA,9,NA,1.4,NA,1,NA,4,86.9,94.59148446490218
2016,2016-07-01,Canada,2021A000011124,11124,Participation rate,University degree,Total - Gender,25 to 44 years,90.4,0.904,Percent,239,units,0,v2582739,1.9.7.1.4,NA,NA,NA,1,1,NA,9,NA,1.7,NA,1,NA,4,86.9,104.02761795166857
2016,2016-07-01,Canada,2021A000011124,11124,Employment rate,0 to 8  years,Total - Gender,25 to 44 years,47.9,0.479,Percent,239,units,0,v2582743,1.10.2.1.4,NA,NA,NA,1,1,NA,10,NA,1.2,NA,1,NA,4,81.5,58.77300613496933
2016,2016-07-01,Canada,2021A000011124,11124,Employment rate,Some high school,Total - Gender,25 to 44 years,60.1,0.601,Percent,239,units,0,v2582744,1.10.3.1.4,NA,NA,NA,1,1,NA,10,NA,1.3,NA,1,NA,4,81.5,73.74233128834356
2016,2016-07-01,Canada,2021A000011124,11124,Employment rate,High school graduate,Total - Gender,25 to 44 years,75.5,0.755,Percent,239,units,0,v2582745,1.10.4.1.4,NA,NA,NA,1,1,NA,10,NA,1.4,NA,1,NA,4,81.5,92.63803680981596
2016,2016-07-01,Canada,2021A000011124,11124,Employment rate,University degree,Total - Gender,25 to 44 years,86.1,0.861,Percent,239,units,0,v2582748,1.10.7.1.4,NA,NA,NA,1,1,NA,10,NA,1.7,NA,1,NA,4,81.5,105.6441717791411
2017,2017-07-01,Canada,2021A000011124,11124,Population,0 to 8  years,Total - Gender,25 to 44 years,147.6,147600,Persons in thousands,428,thousands,3,v2582662,1.1.2.1.4,NA,NA,NA,1,1,NA,1,NA,1.2,NA,1,NA,4,9597.8,1.5378524245139513
2017,2017-07-01,Canada,2021A000011124,11124,Population,Some high school,Total - Gender,25 to 44 years,465.7,465700,Persons in thousands,428,thousands,3,v2582663,1.1.3.1.4,NA,NA,NA,1,1,NA,1,NA,1.3,NA,1,NA,4,9597.8,4.8521536185375815
2017,2017-07-01,Canada,2021A000011124,11124,Population,High school graduate,Total - Gender,25 to 44 years,1589.5,1589500,Persons in thousands,428,thousands,3,v2582664,1.1.4.1.4,NA,NA,NA,1,1,NA,1,NA,1.4,NA,1,NA,4,9597.8,16.561086915751527
2017,2017-07-01,Canada,2021A000011124,11124,Population,University degree,Total - Gender,25 to 44 years,3444.4,3444400,Persons in thousands,428,thousands,3,v2582667,1.1.7.1.4,NA,NA,NA,1,1,NA,1,NA,1.7,NA,1,NA,4,9597.8,35.88739086040551
2017,2017-07-01,Canada,2021A000011124,11124,Labour force,0 to 8  years,Total - Gender,25 to 44 years,82.6,82600,Persons in thousands,428,thousands,3,v2582671,1.2.2.1.4,NA,NA,NA,1,1,NA,1.2,NA,1.2,NA,1,NA,4,8394.6,0.983965882829438
2017,2017-07-01,Canada,2021A000011124,11124,Labour force,Some high school,Total - Gender,25 to 44 years,327.1,327100,Persons in thousands,428,thousands,3,v2582672,1.2.3.1.4,NA,NA,NA,1,1,NA,1.2,NA,1.3,NA,1,NA,4,8394.6,3.8965525456841306
2017,2017-07-01,Canada,2021A000011124,11124,Labour force,High school graduate,Total - Gender,25 to 44 years,1316.1,1316100,Persons in thousands,428,thousands,3,v2582673,1.2.4.1.4,NA,NA,NA,1,1,NA,1.2,NA,1.4,NA,1,NA,4,8394.6,15.677935815881638
2017,2017-07-01,Canada,2021A000011124,11124,Labour force,University degree,Total - Gender,25 to 44 years,3131.6,3131600,Persons in thousands,428,thousands,3,v2582676,1.2.7.1.4,NA,NA,NA,1,1,NA,1.2,NA,1.7,NA,1,NA,4,8394.6,37.30493412431801
2017,2017-07-01,Canada,2021A000011124,11124,Employment,0 to 8  years,Total - Gender,25 to 44 years,74.3,74300,Persons in thousands,428,thousands,3,v2582680,1.3.2.1.4,NA,NA,NA,1,1,NA,1.2.3,NA,1.2,NA,1,NA,4,7912.8,0.9389849358002224
2017,2017-07-01,Canada,2021A000011124,11124,Employment,Some high school,Total - Gender,25 to 44 years,285.2,285200,Persons in thousands,428,thousands,3,v2582681,1.3.3.1.4,NA,NA,NA,1,1,NA,1.2.3,NA,1.3,NA,1,NA,4,7912.8,3.6042867253058337
2017,2017-07-01,Canada,2021A000011124,11124,Employment,High school graduate,Total - Gender,25 to 44 years,1222.5,1222500,Persons in thousands,428,thousands,3,v2582682,1.3.4.1.4,NA,NA,NA,1,1,NA,1.2.3,NA,1.4,NA,1,NA,4,7912.8,15.449651198058842
2017,2017-07-01,Canada,2021A000011124,11124,Employment,University degree,Total - Gender,25 to 44 years,2993,2993000,Persons in thousands,428,thousands,3,v2582685,1.3.7.1.4,NA,NA,NA,1,1,NA,1.2.3,NA,1.7,NA,1,NA,4,7912.8,37.824790213325244
2017,2017-07-01,Canada,2021A000011124,11124,Full-time employment,0 to 8  years,Total - Gender,25 to 44 years,64,64000,Persons in thousands,428,thousands,3,v2582689,1.4.2.1.4,NA,NA,NA,1,1,NA,1.2.3.4,NA,1.2,NA,1,NA,4,6938.2,0.9224294485601453
2017,2017-07-01,Canada,2021A000011124,11124,Full-time employment,Some high school,Total - Gender,25 to 44 years,246.5,246500,Persons in thousands,428,thousands,3,v2582690,1.4.3.1.4,NA,NA,NA,1,1,NA,1.2.3.4,NA,1.3,NA,1,NA,4,6938.2,3.5527946729699345
2017,2017-07-01,Canada,2021A000011124,11124,Full-time employment,High school graduate,Total - Gender,25 to 44 years,1057.3,1057300,Persons in thousands,428,thousands,3,v2582691,1.4.4.1.4,NA,NA,NA,1,1,NA,1.2.3.4,NA,1.4,NA,1,NA,4,6938.2,15.238822749416276
2017,2017-07-01,Canada,2021A000011124,11124,Full-time employment,University degree,Total - Gender,25 to 44 years,2650.1,2650100,Persons in thousands,428,thousands,3,v2582694,1.4.7.1.4,NA,NA,NA,1,1,NA,1.2.3.4,NA,1.7,NA,1,NA,4,6938.2,38.19578565045689
2017,2017-07-01,Canada,2021A000011124,11124,Part-time employment,0 to 8  years,Total - Gender,25 to 44 years,10.3,10300,Persons in thousands,428,thousands,3,v2582698,1.5.2.1.4,NA,NA,NA,1,1,NA,1.2.3.5,NA,1.2,NA,1,NA,4,974.6,1.0568438333675354
2017,2017-07-01,Canada,2021A000011124,11124,Part-time employment,Some high school,Total - Gender,25 to 44 years,38.7,38700,Persons in thousands,428,thousands,3,v2582699,1.5.3.1.4,NA,NA,NA,1,1,NA,1.2.3.5,NA,1.3,NA,1,NA,4,974.6,3.9708598399343322
2017,2017-07-01,Canada,2021A000011124,11124,Part-time employment,High school graduate,Total - Gender,25 to 44 years,165.2,165200,Persons in thousands,428,thousands,3,v2582700,1.5.4.1.4,NA,NA,NA,1,1,NA,1.2.3.5,NA,1.4,NA,1,NA,4,974.6,16.950543812846295
2017,2017-07-01,Canada,2021A000011124,11124,Part-time employment,University degree,Total - Gender,25 to 44 years,342.8,342800,Persons in thousands,428,thousands,3,v2582703,1.5.7.1.4,NA,NA,NA,1,1,NA,1.2.3.5,NA,1.7,NA,1,NA,4,974.6,35.17340447363021
2017,2017-07-01,Canada,2021A000011124,11124,Unemployment,0 to 8  years,Total - Gender,25 to 44 years,8.4,8400,Persons in thousands,428,thousands,3,v2582707,1.6.2.1.4,NA,NA,NA,1,1,NA,1.2.6,NA,1.2,NA,1,NA,4,481.9,1.7431002282631252
2017,2017-07-01,Canada,2021A000011124,11124,Unemployment,Some high school,Total - Gender,25 to 44 years,41.9,41900,Persons in thousands,428,thousands,3,v2582708,1.6.3.1.4,NA,NA,NA,1,1,NA,1.2.6,NA,1.3,NA,1,NA,4,481.9,8.694749948122018
2017,2017-07-01,Canada,2021A000011124,11124,Unemployment,High school graduate,Total - Gender,25 to 44 years,93.6,93600,Persons in thousands,428,thousands,3,v2582709,1.6.4.1.4,NA,NA,NA,1,1,NA,1.2.6,NA,1.4,NA,1,NA,4,481.9,19.42311682921768
2017,2017-07-01,Canada,2021A000011124,11124,Unemployment,University degree,Total - Gender,25 to 44 years,138.6,138600,Persons in thousands,428,thousands,3,v2582712,1.6.7.1.4,NA,NA,NA,1,1,NA,1.2.6,NA,1.7,NA,1,NA,4,481.9,28.761153766341565
2017,2017-07-01,Canada,2021A000011124,11124,Not in labour force,0 to 8  years,Total - Gender,25 to 44 years,64.9,64900.00000000001,Persons in thousands,428,thousands,3,v2582716,1.7.2.1.4,NA,NA,NA,1,1,NA,1.7,NA,1.2,NA,1,NA,4,1203.1,5.3943978056686905
2017,2017-07-01,Canada,2021A000011124,11124,Not in labour force,Some high school,Total - Gender,25 to 44 years,138.6,138600,Persons in thousands,428,thousands,3,v2582717,1.7.3.1.4,NA,NA,NA,1,1,NA,1.7,NA,1.3,NA,1,NA,4,1203.1,11.520239381597541
2017,2017-07-01,Canada,2021A000011124,11124,Not in labour force,High school graduate,Total - Gender,25 to 44 years,273.4,273400,Persons in thousands,428,thousands,3,v2582718,1.7.4.1.4,NA,NA,NA,1,1,NA,1.7,NA,1.4,NA,1,NA,4,1203.1,22.7246280442191
2017,2017-07-01,Canada,2021A000011124,11124,Not in labour force,University degree,Total - Gender,25 to 44 years,312.8,312800,Persons in thousands,428,thousands,3,v2582721,1.7.7.1.4,NA,NA,NA,1,1,NA,1.7,NA,1.7,NA,1,NA,4,1203.1,25.99950128833846
2017,2017-07-01,Canada,2021A000011124,11124,Unemployment rate,0 to 8  years,Total - Gender,25 to 44 years,10.2,0.102,Percent,239,units,0,v2582725,1.8.2.1.4,NA,NA,NA,1,1,NA,8,NA,1.2,NA,1,NA,4,5.7,178.9473684210526
2017,2017-07-01,Canada,2021A000011124,11124,Unemployment rate,Some high school,Total - Gender,25 to 44 years,12.8,0.128,Percent,239,units,0,v2582726,1.8.3.1.4,NA,NA,NA,1,1,NA,8,NA,1.3,NA,1,NA,4,5.7,224.56140350877192
2017,2017-07-01,Canada,2021A000011124,11124,Unemployment rate,High school graduate,Total - Gender,25 to 44 years,7.1,0.071,Percent,239,units,0,v2582727,1.8.4.1.4,NA,NA,NA,1,1,NA,8,NA,1.4,NA,1,NA,4,5.7,124.56140350877193
2017,2017-07-01,Canada,2021A000011124,11124,Unemployment rate,University degree,Total - Gender,25 to 44 years,4.4,0.044000000000000004,Percent,239,units,0,v2582730,1.8.7.1.4,NA,NA,NA,1,1,NA,8,NA,1.7,NA,1,NA,4,5.7,77.19298245614036
2017,2017-07-01,Canada,2021A000011124,11124,Participation rate,0 to 8  years,Total - Gender,25 to 44 years,56,0.56,Percent,239,units,0,v2582734,1.9.2.1.4,NA,NA,NA,1,1,NA,9,NA,1.2,NA,1,NA,4,87.5,64
2017,2017-07-01,Canada,2021A000011124,11124,Participation rate,Some high school,Total - Gender,25 to 44 years,70.2,0.7020000000000001,Percent,239,units,0,v2582735,1.9.3.1.4,NA,NA,NA,1,1,NA,9,NA,1.3,NA,1,NA,4,87.5,80.22857142857143
2017,2017-07-01,Canada,2021A000011124,11124,Participation rate,High school graduate,Total - Gender,25 to 44 years,82.8,0.828,Percent,239,units,0,v2582736,1.9.4.1.4,NA,NA,NA,1,1,NA,9,NA,1.4,NA,1,NA,4,87.5,94.62857142857143
2017,2017-07-01,Canada,2021A000011124,11124,Participation rate,University degree,Total - Gender,25 to 44 years,90.9,0.909,Percent,239,units,0,v2582739,1.9.7.1.4,NA,NA,NA,1,1,NA,9,NA,1.7,NA,1,NA,4,87.5,103.88571428571429
2017,2017-07-01,Canada,2021A000011124,11124,Employment rate,0 to 8  years,Total - Gender,25 to 44 years,50.3,0.503,Percent,239,units,0,v2582743,1.10.2.1.4,NA,NA,NA,1,1,NA,10,NA,1.2,NA,1,NA,4,82.4,61.043689320388346
2017,2017-07-01,Canada,2021A000011124,11124,Employment rate,Some high school,Total - Gender,25 to 44 years,61.2,0.612,Percent,239,units,0,v2582744,1.10.3.1.4,NA,NA,NA,1,1,NA,10,NA,1.3,NA,1,NA,4,82.4,74.27184466019418
2017,2017-07-01,Canada,2021A000011124,11124,Employment rate,High school graduate,Total - Gender,25 to 44 years,76.9,0.769,Percent,239,units,0,v2582745,1.10.4.1.4,NA,NA,NA,1,1,NA,10,NA,1.4,NA,1,NA,4,82.4,93.3252427184466
2017,2017-07-01,Canada,2021A000011124,11124,Employment rate,University degree,Total - Gender,25 to 44 years,86.9,0.8690000000000001,Percent,239,units,0,v2582748,1.10.7.1.4,NA,NA,NA,1,1,NA,10,NA,1.7,NA,1,NA,4,82.4,105.46116504854368
2018,2018-07-01,Canada,2021A000011124,11124,Population,0 to 8  years,Total - Gender,25 to 44 years,132.9,132900,Persons in thousands,428,thousands,3,v2582662,1.1.2.1.4,NA,NA,NA,1,1,NA,1,NA,1.2,NA,1,NA,4,9784.9,1.3582152091487905
2018,2018-07-01,Canada,2021A000011124,11124,Population,Some high school,Total - Gender,25 to 44 years,458.2,458200,Persons in thousands,428,thousands,3,v2582663,1.1.3.1.4,NA,NA,NA,1,1,NA,1,NA,1.3,NA,1,NA,4,9784.9,4.682725423867388
2018,2018-07-01,Canada,2021A000011124,11124,Population,High school graduate,Total - Gender,25 to 44 years,1577.6,1577600,Persons in thousands,428,thousands,3,v2582664,1.1.4.1.4,NA,NA,NA,1,1,NA,1,NA,1.4,NA,1,NA,4,9784.9,16.12280145939151
2018,2018-07-01,Canada,2021A000011124,11124,Population,University degree,Total - Gender,25 to 44 years,3577.8,3577800,Persons in thousands,428,thousands,3,v2582667,1.1.7.1.4,NA,NA,NA,1,1,NA,1,NA,1.7,NA,1,NA,4,9784.9,36.56450244764893
2018,2018-07-01,Canada,2021A000011124,11124,Labour force,0 to 8  years,Total - Gender,25 to 44 years,73,73000,Persons in thousands,428,thousands,3,v2582671,1.2.2.1.4,NA,NA,NA,1,1,NA,1.2,NA,1.2,NA,1,NA,4,8565.7,0.8522362445567787
2018,2018-07-01,Canada,2021A000011124,11124,Labour force,Some high school,Total - Gender,25 to 44 years,326.2,326200,Persons in thousands,428,thousands,3,v2582672,1.2.3.1.4,NA,NA,NA,1,1,NA,1.2,NA,1.3,NA,1,NA,4,8565.7,3.808211821567414
2018,2018-07-01,Canada,2021A000011124,11124,Labour force,High school graduate,Total - Gender,25 to 44 years,1296.8,1296800,Persons in thousands,428,thousands,3,v2582673,1.2.4.1.4,NA,NA,NA,1,1,NA,1.2,NA,1.4,NA,1,NA,4,8565.7,15.139451533441516
2018,2018-07-01,Canada,2021A000011124,11124,Labour force,University degree,Total - Gender,25 to 44 years,3247,3247000,Persons in thousands,428,thousands,3,v2582676,1.2.7.1.4,NA,NA,NA,1,1,NA,1.2,NA,1.7,NA,1,NA,4,8565.7,37.90700117912137
2018,2018-07-01,Canada,2021A000011124,11124,Employment,0 to 8  years,Total - Gender,25 to 44 years,65.8,65800,Persons in thousands,428,thousands,3,v2582680,1.3.2.1.4,NA,NA,NA,1,1,NA,1.2.3,NA,1.2,NA,1,NA,4,8129.2,0.8094277419672292
2018,2018-07-01,Canada,2021A000011124,11124,Employment,Some high school,Total - Gender,25 to 44 years,293.1,293100,Persons in thousands,428,thousands,3,v2582681,1.3.3.1.4,NA,NA,NA,1,1,NA,1.2.3,NA,1.3,NA,1,NA,4,8129.2,3.6055208384588893
2018,2018-07-01,Canada,2021A000011124,11124,Employment,High school graduate,Total - Gender,25 to 44 years,1213.3,1213300,Persons in thousands,428,thousands,3,v2582682,1.3.4.1.4,NA,NA,NA,1,1,NA,1.2.3,NA,1.4,NA,1,NA,4,8129.2,14.925207892535552
2018,2018-07-01,Canada,2021A000011124,11124,Employment,University degree,Total - Gender,25 to 44 years,3109.5,3109500,Persons in thousands,428,thousands,3,v2582685,1.3.7.1.4,NA,NA,NA,1,1,NA,1.2.3,NA,1.7,NA,1,NA,4,8129.2,38.25099640801063
2018,2018-07-01,Canada,2021A000011124,11124,Full-time employment,0 to 8  years,Total - Gender,25 to 44 years,58.4,58400,Persons in thousands,428,thousands,3,v2582689,1.4.2.1.4,NA,NA,NA,1,1,NA,1.2.3.4,NA,1.2,NA,1,NA,4,7157.8,0.8158931515270055
2018,2018-07-01,Canada,2021A000011124,11124,Full-time employment,Some high school,Total - Gender,25 to 44 years,257.3,257300,Persons in thousands,428,thousands,3,v2582690,1.4.3.1.4,NA,NA,NA,1,1,NA,1.2.3.4,NA,1.3,NA,1,NA,4,7157.8,3.5946799295873033
2018,2018-07-01,Canada,2021A000011124,11124,Full-time employment,High school graduate,Total - Gender,25 to 44 years,1063.4,1063400,Persons in thousands,428,thousands,3,v2582691,1.4.4.1.4,NA,NA,NA,1,1,NA,1.2.3.4,NA,1.4,NA,1,NA,4,7157.8,14.856520159825646
2018,2018-07-01,Canada,2021A000011124,11124,Full-time employment,University degree,Total - Gender,25 to 44 years,2759.2,2759200,Persons in thousands,428,thousands,3,v2582694,1.4.7.1.4,NA,NA,NA,1,1,NA,1.2.3.4,NA,1.7,NA,1,NA,4,7157.8,38.548157255022495
2018,2018-07-01,Canada,2021A000011124,11124,Part-time employment,0 to 8  years,Total - Gender,25 to 44 years,7.4,7400,Persons in thousands,428,thousands,3,v2582698,1.5.2.1.4,NA,NA,NA,1,1,NA,1.2.3.5,NA,1.2,NA,1,NA,4,971.4,0.761787111385629
2018,2018-07-01,Canada,2021A000011124,11124,Part-time employment,Some high school,Total - Gender,25 to 44 years,35.8,35800,Persons in thousands,428,thousands,3,v2582699,1.5.3.1.4,NA,NA,NA,1,1,NA,1.2.3.5,NA,1.3,NA,1,NA,4,971.4,3.685402511838583
2018,2018-07-01,Canada,2021A000011124,11124,Part-time employment,High school graduate,Total - Gender,25 to 44 years,149.8,149800,Persons in thousands,428,thousands,3,v2582700,1.5.4.1.4,NA,NA,NA,1,1,NA,1.2.3.5,NA,1.4,NA,1,NA,4,971.4,15.421041795346925
2018,2018-07-01,Canada,2021A000011124,11124,Part-time employment,University degree,Total - Gender,25 to 44 years,350.3,350300,Persons in thousands,428,thousands,3,v2582703,1.5.7.1.4,NA,NA,NA,1,1,NA,1.2.3.5,NA,1.7,NA,1,NA,4,971.4,36.06135474572782
2018,2018-07-01,Canada,2021A000011124,11124,Unemployment,0 to 8  years,Total - Gender,25 to 44 years,7.2,7200,Persons in thousands,428,thousands,3,v2582707,1.6.2.1.4,NA,NA,NA,1,1,NA,1.2.6,NA,1.2,NA,1,NA,4,436.5,1.6494845360824741
2018,2018-07-01,Canada,2021A000011124,11124,Unemployment,Some high school,Total - Gender,25 to 44 years,33.1,33100,Persons in thousands,428,thousands,3,v2582708,1.6.3.1.4,NA,NA,NA,1,1,NA,1.2.6,NA,1.3,NA,1,NA,4,436.5,7.583046964490263
2018,2018-07-01,Canada,2021A000011124,11124,Unemployment,High school graduate,Total - Gender,25 to 44 years,83.5,83500,Persons in thousands,428,thousands,3,v2582709,1.6.4.1.4,NA,NA,NA,1,1,NA,1.2.6,NA,1.4,NA,1,NA,4,436.5,19.129438717067583
2018,2018-07-01,Canada,2021A000011124,11124,Unemployment,University degree,Total - Gender,25 to 44 years,137.5,137500,Persons in thousands,428,thousands,3,v2582712,1.6.7.1.4,NA,NA,NA,1,1,NA,1.2.6,NA,1.7,NA,1,NA,4,436.5,31.50057273768614
2018,2018-07-01,Canada,2021A000011124,11124,Not in labour force,0 to 8  years,Total - Gender,25 to 44 years,59.9,59900,Persons in thousands,428,thousands,3,v2582716,1.7.2.1.4,NA,NA,NA,1,1,NA,1.7,NA,1.2,NA,1,NA,4,1219.2,4.9130577427821525
2018,2018-07-01,Canada,2021A000011124,11124,Not in labour force,Some high school,Total - Gender,25 to 44 years,132.1,132100,Persons in thousands,428,thousands,3,v2582717,1.7.3.1.4,NA,NA,NA,1,1,NA,1.7,NA,1.3,NA,1,NA,4,1219.2,10.83497375328084
2018,2018-07-01,Canada,2021A000011124,11124,Not in labour force,High school graduate,Total - Gender,25 to 44 years,280.9,280900,Persons in thousands,428,thousands,3,v2582718,1.7.4.1.4,NA,NA,NA,1,1,NA,1.7,NA,1.4,NA,1,NA,4,1219.2,23.039698162729653
2018,2018-07-01,Canada,2021A000011124,11124,Not in labour force,University degree,Total - Gender,25 to 44 years,330.7,330700,Persons in thousands,428,thousands,3,v2582721,1.7.7.1.4,NA,NA,NA,1,1,NA,1.7,NA,1.7,NA,1,NA,4,1219.2,27.124343832020998
2018,2018-07-01,Canada,2021A000011124,11124,Unemployment rate,0 to 8  years,Total - Gender,25 to 44 years,9.9,0.099,Percent,239,units,0,v2582725,1.8.2.1.4,NA,NA,NA,1,1,NA,8,NA,1.2,NA,1,NA,4,5.1,194.11764705882354
2018,2018-07-01,Canada,2021A000011124,11124,Unemployment rate,Some high school,Total - Gender,25 to 44 years,10.1,0.10099999999999999,Percent,239,units,0,v2582726,1.8.3.1.4,NA,NA,NA,1,1,NA,8,NA,1.3,NA,1,NA,4,5.1,198.03921568627453
2018,2018-07-01,Canada,2021A000011124,11124,Unemployment rate,High school graduate,Total - Gender,25 to 44 years,6.4,0.064,Percent,239,units,0,v2582727,1.8.4.1.4,NA,NA,NA,1,1,NA,8,NA,1.4,NA,1,NA,4,5.1,125.49019607843138
2018,2018-07-01,Canada,2021A000011124,11124,Unemployment rate,University degree,Total - Gender,25 to 44 years,4.2,0.042,Percent,239,units,0,v2582730,1.8.7.1.4,NA,NA,NA,1,1,NA,8,NA,1.7,NA,1,NA,4,5.1,82.3529411764706
2018,2018-07-01,Canada,2021A000011124,11124,Participation rate,0 to 8  years,Total - Gender,25 to 44 years,54.9,0.5489999999999999,Percent,239,units,0,v2582734,1.9.2.1.4,NA,NA,NA,1,1,NA,9,NA,1.2,NA,1,NA,4,87.5,62.74285714285714
2018,2018-07-01,Canada,2021A000011124,11124,Participation rate,Some high school,Total - Gender,25 to 44 years,71.2,0.7120000000000001,Percent,239,units,0,v2582735,1.9.3.1.4,NA,NA,NA,1,1,NA,9,NA,1.3,NA,1,NA,4,87.5,81.37142857142857
2018,2018-07-01,Canada,2021A000011124,11124,Participation rate,High school graduate,Total - Gender,25 to 44 years,82.2,0.8220000000000001,Percent,239,units,0,v2582736,1.9.4.1.4,NA,NA,NA,1,1,NA,9,NA,1.4,NA,1,NA,4,87.5,93.94285714285714
2018,2018-07-01,Canada,2021A000011124,11124,Participation rate,University degree,Total - Gender,25 to 44 years,90.8,0.9079999999999999,Percent,239,units,0,v2582739,1.9.7.1.4,NA,NA,NA,1,1,NA,9,NA,1.7,NA,1,NA,4,87.5,103.77142857142857
2018,2018-07-01,Canada,2021A000011124,11124,Employment rate,0 to 8  years,Total - Gender,25 to 44 years,49.5,0.495,Percent,239,units,0,v2582743,1.10.2.1.4,NA,NA,NA,1,1,NA,10,NA,1.2,NA,1,NA,4,83.1,59.56678700361011
2018,2018-07-01,Canada,2021A000011124,11124,Employment rate,Some high school,Total - Gender,25 to 44 years,64,0.64,Percent,239,units,0,v2582744,1.10.3.1.4,NA,NA,NA,1,1,NA,10,NA,1.3,NA,1,NA,4,83.1,77.01564380264742
2018,2018-07-01,Canada,2021A000011124,11124,Employment rate,High school graduate,Total - Gender,25 to 44 years,76.9,0.769,Percent,239,units,0,v2582745,1.10.4.1.4,NA,NA,NA,1,1,NA,10,NA,1.4,NA,1,NA,4,83.1,92.53910950661854
2018,2018-07-01,Canada,2021A000011124,11124,Employment rate,University degree,Total - Gender,25 to 44 years,86.9,0.8690000000000001,Percent,239,units,0,v2582748,1.10.7.1.4,NA,NA,NA,1,1,NA,10,NA,1.7,NA,1,NA,4,83.1,104.5728038507822
2019,2019-07-01,Canada,2021A000011124,11124,Population,0 to 8  years,Total - Gender,25 to 44 years,138.6,138600,Persons in thousands,428,thousands,3,v2582662,1.1.2.1.4,NA,NA,NA,1,1,NA,1,NA,1.2,NA,1,NA,4,9974.6,1.3895294046879072
2019,2019-07-01,Canada,2021A000011124,11124,Population,Some high school,Total - Gender,25 to 44 years,459,459000,Persons in thousands,428,thousands,3,v2582663,1.1.3.1.4,NA,NA,NA,1,1,NA,1,NA,1.3,NA,1,NA,4,9974.6,4.60168828825216
2019,2019-07-01,Canada,2021A000011124,11124,Population,High school graduate,Total - Gender,25 to 44 years,1548.6,1548600,Persons in thousands,428,thousands,3,v2582664,1.1.4.1.4,NA,NA,NA,1,1,NA,1,NA,1.4,NA,1,NA,4,9974.6,15.52543460389389
2019,2019-07-01,Canada,2021A000011124,11124,Population,University degree,Total - Gender,25 to 44 years,3786.1,3786100,Persons in thousands,428,thousands,3,v2582667,1.1.7.1.4,NA,NA,NA,1,1,NA,1,NA,1.7,NA,1,NA,4,9974.6,37.95741182603813
2019,2019-07-01,Canada,2021A000011124,11124,Labour force,0 to 8  years,Total - Gender,25 to 44 years,73.4,73400,Persons in thousands,428,thousands,3,v2582671,1.2.2.1.4,NA,NA,NA,1,1,NA,1.2,NA,1.2,NA,1,NA,4,8740.6,0.8397592842596618
2019,2019-07-01,Canada,2021A000011124,11124,Labour force,Some high school,Total - Gender,25 to 44 years,322,322000,Persons in thousands,428,thousands,3,v2582672,1.2.3.1.4,NA,NA,NA,1,1,NA,1.2,NA,1.3,NA,1,NA,4,8740.6,3.6839576230464726
2019,2019-07-01,Canada,2021A000011124,11124,Labour force,High school graduate,Total - Gender,25 to 44 years,1265.6,1265600,Persons in thousands,428,thousands,3,v2582673,1.2.4.1.4,NA,NA,NA,1,1,NA,1.2,NA,1.4,NA,1,NA,4,8740.6,14.479555179278307
2019,2019-07-01,Canada,2021A000011124,11124,Labour force,University degree,Total - Gender,25 to 44 years,3433.2,3433200,Persons in thousands,428,thousands,3,v2582676,1.2.7.1.4,NA,NA,NA,1,1,NA,1.2,NA,1.7,NA,1,NA,4,8740.6,39.27876804796009
2019,2019-07-01,Canada,2021A000011124,11124,Employment,0 to 8  years,Total - Gender,25 to 44 years,66.4,66400,Persons in thousands,428,thousands,3,v2582680,1.3.2.1.4,NA,NA,NA,1,1,NA,1.2.3,NA,1.2,NA,1,NA,4,8296.1,0.8003760803269007
2019,2019-07-01,Canada,2021A000011124,11124,Employment,Some high school,Total - Gender,25 to 44 years,290,290000,Persons in thousands,428,thousands,3,v2582681,1.3.3.1.4,NA,NA,NA,1,1,NA,1.2.3,NA,1.3,NA,1,NA,4,8296.1,3.4956184231144753
2019,2019-07-01,Canada,2021A000011124,11124,Employment,High school graduate,Total - Gender,25 to 44 years,1175.3,1175300,Persons in thousands,428,thousands,3,v2582682,1.3.4.1.4,NA,NA,NA,1,1,NA,1.2.3,NA,1.4,NA,1,NA,4,8296.1,14.166897698918769
2019,2019-07-01,Canada,2021A000011124,11124,Employment,University degree,Total - Gender,25 to 44 years,3289.4,3289400,Persons in thousands,428,thousands,3,v2582685,1.3.7.1.4,NA,NA,NA,1,1,NA,1.2.3,NA,1.7,NA,1,NA,4,8296.1,39.64995600342329
2019,2019-07-01,Canada,2021A000011124,11124,Full-time employment,0 to 8  years,Total - Gender,25 to 44 years,58.1,58100,Persons in thousands,428,thousands,3,v2582689,1.4.2.1.4,NA,NA,NA,1,1,NA,1.2.3.4,NA,1.2,NA,1,NA,4,7335.1,0.7920819075404562
2019,2019-07-01,Canada,2021A000011124,11124,Full-time employment,Some high school,Total - Gender,25 to 44 years,255.3,255300,Persons in thousands,428,thousands,3,v2582690,1.4.3.1.4,NA,NA,NA,1,1,NA,1.2.3.4,NA,1.3,NA,1,NA,4,7335.1,3.4805251462147755
2019,2019-07-01,Canada,2021A000011124,11124,Full-time employment,High school graduate,Total - Gender,25 to 44 years,1025.6,1025599.9999999999,Persons in thousands,428,thousands,3,v2582691,1.4.4.1.4,NA,NA,NA,1,1,NA,1.2.3.4,NA,1.4,NA,1,NA,4,7335.1,13.982086133795038
2019,2019-07-01,Canada,2021A000011124,11124,Full-time employment,University degree,Total - Gender,25 to 44 years,2924.9,2924900,Persons in thousands,428,thousands,3,v2582694,1.4.7.1.4,NA,NA,NA,1,1,NA,1.2.3.4,NA,1.7,NA,1,NA,4,7335.1,39.87539365516489
2019,2019-07-01,Canada,2021A000011124,11124,Part-time employment,0 to 8  years,Total - Gender,25 to 44 years,8.3,8300,Persons in thousands,428,thousands,3,v2582698,1.5.2.1.4,NA,NA,NA,1,1,NA,1.2.3.5,NA,1.2,NA,1,NA,4,961,0.8636836628511968
2019,2019-07-01,Canada,2021A000011124,11124,Part-time employment,Some high school,Total - Gender,25 to 44 years,34.7,34700,Persons in thousands,428,thousands,3,v2582699,1.5.3.1.4,NA,NA,NA,1,1,NA,1.2.3.5,NA,1.3,NA,1,NA,4,961,3.6108220603537986
2019,2019-07-01,Canada,2021A000011124,11124,Part-time employment,High school graduate,Total - Gender,25 to 44 years,149.7,149700,Persons in thousands,428,thousands,3,v2582700,1.5.4.1.4,NA,NA,NA,1,1,NA,1.2.3.5,NA,1.4,NA,1,NA,4,961,15.57752341311134
2019,2019-07-01,Canada,2021A000011124,11124,Part-time employment,University degree,Total - Gender,25 to 44 years,364.6,364600,Persons in thousands,428,thousands,3,v2582703,1.5.7.1.4,NA,NA,NA,1,1,NA,1.2.3.5,NA,1.7,NA,1,NA,4,961,37.939646201873046
2019,2019-07-01,Canada,2021A000011124,11124,Unemployment,0 to 8  years,Total - Gender,25 to 44 years,7,7000,Persons in thousands,428,thousands,3,v2582707,1.6.2.1.4,NA,NA,NA,1,1,NA,1.2.6,NA,1.2,NA,1,NA,4,444.5,1.5748031496062993
2019,2019-07-01,Canada,2021A000011124,11124,Unemployment,Some high school,Total - Gender,25 to 44 years,32,32000,Persons in thousands,428,thousands,3,v2582708,1.6.3.1.4,NA,NA,NA,1,1,NA,1.2.6,NA,1.3,NA,1,NA,4,444.5,7.199100112485939
2019,2019-07-01,Canada,2021A000011124,11124,Unemployment,High school graduate,Total - Gender,25 to 44 years,90.3,90300,Persons in thousands,428,thousands,3,v2582709,1.6.4.1.4,NA,NA,NA,1,1,NA,1.2.6,NA,1.4,NA,1,NA,4,444.5,20.31496062992126
2019,2019-07-01,Canada,2021A000011124,11124,Unemployment,University degree,Total - Gender,25 to 44 years,143.8,143800,Persons in thousands,428,thousands,3,v2582712,1.6.7.1.4,NA,NA,NA,1,1,NA,1.2.6,NA,1.7,NA,1,NA,4,444.5,32.350956130483695
2019,2019-07-01,Canada,2021A000011124,11124,Not in labour force,0 to 8  years,Total - Gender,25 to 44 years,65.2,65200,Persons in thousands,428,thousands,3,v2582716,1.7.2.1.4,NA,NA,NA,1,1,NA,1.7,NA,1.2,NA,1,NA,4,1233.9,5.284058675743577
2019,2019-07-01,Canada,2021A000011124,11124,Not in labour force,Some high school,Total - Gender,25 to 44 years,137,137000,Persons in thousands,428,thousands,3,v2582717,1.7.3.1.4,NA,NA,NA,1,1,NA,1.7,NA,1.3,NA,1,NA,4,1233.9,11.10300672663911
2019,2019-07-01,Canada,2021A000011124,11124,Not in labour force,High school graduate,Total - Gender,25 to 44 years,283,283000,Persons in thousands,428,thousands,3,v2582718,1.7.4.1.4,NA,NA,NA,1,1,NA,1.7,NA,1.4,NA,1,NA,4,1233.9,22.935408055758163
2019,2019-07-01,Canada,2021A000011124,11124,Not in labour force,University degree,Total - Gender,25 to 44 years,352.9,352900,Persons in thousands,428,thousands,3,v2582721,1.7.7.1.4,NA,NA,NA,1,1,NA,1.7,NA,1.7,NA,1,NA,4,1233.9,28.600372801685708
2019,2019-07-01,Canada,2021A000011124,11124,Unemployment rate,0 to 8  years,Total - Gender,25 to 44 years,9.5,0.095,Percent,239,units,0,v2582725,1.8.2.1.4,NA,NA,NA,1,1,NA,8,NA,1.2,NA,1,NA,4,5.1,186.27450980392157
2019,2019-07-01,Canada,2021A000011124,11124,Unemployment rate,Some high school,Total - Gender,25 to 44 years,9.9,0.099,Percent,239,units,0,v2582726,1.8.3.1.4,NA,NA,NA,1,1,NA,8,NA,1.3,NA,1,NA,4,5.1,194.11764705882354
2019,2019-07-01,Canada,2021A000011124,11124,Unemployment rate,High school graduate,Total - Gender,25 to 44 years,7.1,0.071,Percent,239,units,0,v2582727,1.8.4.1.4,NA,NA,NA,1,1,NA,8,NA,1.4,NA,1,NA,4,5.1,139.2156862745098
2019,2019-07-01,Canada,2021A000011124,11124,Unemployment rate,University degree,Total - Gender,25 to 44 years,4.2,0.042,Percent,239,units,0,v2582730,1.8.7.1.4,NA,NA,NA,1,1,NA,8,NA,1.7,NA,1,NA,4,5.1,82.3529411764706
2019,2019-07-01,Canada,2021A000011124,11124,Participation rate,0 to 8  years,Total - Gender,25 to 44 years,53,0.53,Percent,239,units,0,v2582734,1.9.2.1.4,NA,NA,NA,1,1,NA,9,NA,1.2,NA,1,NA,4,87.6,60.50228310502283
2019,2019-07-01,Canada,2021A000011124,11124,Participation rate,Some high school,Total - Gender,25 to 44 years,70.2,0.7020000000000001,Percent,239,units,0,v2582735,1.9.3.1.4,NA,NA,NA,1,1,NA,9,NA,1.3,NA,1,NA,4,87.6,80.13698630136987
2019,2019-07-01,Canada,2021A000011124,11124,Participation rate,High school graduate,Total - Gender,25 to 44 years,81.7,0.8170000000000001,Percent,239,units,0,v2582736,1.9.4.1.4,NA,NA,NA,1,1,NA,9,NA,1.4,NA,1,NA,4,87.6,93.26484018264841
2019,2019-07-01,Canada,2021A000011124,11124,Participation rate,University degree,Total - Gender,25 to 44 years,90.7,0.907,Percent,239,units,0,v2582739,1.9.7.1.4,NA,NA,NA,1,1,NA,9,NA,1.7,NA,1,NA,4,87.6,103.53881278538813
2019,2019-07-01,Canada,2021A000011124,11124,Employment rate,0 to 8  years,Total - Gender,25 to 44 years,47.9,0.479,Percent,239,units,0,v2582743,1.10.2.1.4,NA,NA,NA,1,1,NA,10,NA,1.2,NA,1,NA,4,83.2,57.57211538461538
2019,2019-07-01,Canada,2021A000011124,11124,Employment rate,Some high school,Total - Gender,25 to 44 years,63.2,0.632,Percent,239,units,0,v2582744,1.10.3.1.4,NA,NA,NA,1,1,NA,10,NA,1.3,NA,1,NA,4,83.2,75.96153846153845
2019,2019-07-01,Canada,2021A000011124,11124,Employment rate,High school graduate,Total - Gender,25 to 44 years,75.9,0.759,Percent,239,units,0,v2582745,1.10.4.1.4,NA,NA,NA,1,1,NA,10,NA,1.4,NA,1,NA,4,83.2,91.22596153846155
2019,2019-07-01,Canada,2021A000011124,11124,Employment rate,University degree,Total - Gender,25 to 44 years,86.9,0.8690000000000001,Percent,239,units,0,v2582748,1.10.7.1.4,NA,NA,NA,1,1,NA,10,NA,1.7,NA,1,NA,4,83.2,104.44711538461539
2020,2020-07-01,Canada,2021A000011124,11124,Population,0 to 8  years,Total - Gender,25 to 44 years,122.8,122800,Persons in thousands,428,thousands,3,v2582662,1.1.2.1.4,NA,NA,NA,1,1,NA,1,NA,1.2,NA,1,NA,4,10181.9,1.206061737003899
2020,2020-07-01,Canada,2021A000011124,11124,Population,Some high school,Total - Gender,25 to 44 years,426.8,426800,Persons in thousands,428,thousands,3,v2582663,1.1.3.1.4,NA,NA,NA,1,1,NA,1,NA,1.3,NA,1,NA,4,10181.9,4.19175203056404
2020,2020-07-01,Canada,2021A000011124,11124,Population,High school graduate,Total - Gender,25 to 44 years,1526.9,1526900,Persons in thousands,428,thousands,3,v2582664,1.1.4.1.4,NA,NA,NA,1,1,NA,1,NA,1.4,NA,1,NA,4,10181.9,14.996218780384801
2020,2020-07-01,Canada,2021A000011124,11124,Population,University degree,Total - Gender,25 to 44 years,4046.2,4046200,Persons in thousands,428,thousands,3,v2582667,1.1.7.1.4,NA,NA,NA,1,1,NA,1,NA,1.7,NA,1,NA,4,10181.9,39.73914495329949
2020,2020-07-01,Canada,2021A000011124,11124,Labour force,0 to 8  years,Total - Gender,25 to 44 years,63.5,63500,Persons in thousands,428,thousands,3,v2582671,1.2.2.1.4,NA,NA,NA,1,1,NA,1.2,NA,1.2,NA,1,NA,4,8807,0.7210173725445668
2020,2020-07-01,Canada,2021A000011124,11124,Labour force,Some high school,Total - Gender,25 to 44 years,303.7,303700,Persons in thousands,428,thousands,3,v2582672,1.2.3.1.4,NA,NA,NA,1,1,NA,1.2,NA,1.3,NA,1,NA,4,8807,3.4483933234926765
2020,2020-07-01,Canada,2021A000011124,11124,Labour force,High school graduate,Total - Gender,25 to 44 years,1222.7,1222700,Persons in thousands,428,thousands,3,v2582673,1.2.4.1.4,NA,NA,NA,1,1,NA,1.2,NA,1.4,NA,1,NA,4,8807,13.883274667877824
2020,2020-07-01,Canada,2021A000011124,11124,Labour force,University degree,Total - Gender,25 to 44 years,3657.3,3657300,Persons in thousands,428,thousands,3,v2582676,1.2.7.1.4,NA,NA,NA,1,1,NA,1.2,NA,1.7,NA,1,NA,4,8807,41.527194277279435
2020,2020-07-01,Canada,2021A000011124,11124,Employment,0 to 8  years,Total - Gender,25 to 44 years,55,55000,Persons in thousands,428,thousands,3,v2582680,1.3.2.1.4,NA,NA,NA,1,1,NA,1.2.3,NA,1.2,NA,1,NA,4,8060.9,0.6823059459861802
2020,2020-07-01,Canada,2021A000011124,11124,Employment,Some high school,Total - Gender,25 to 44 years,261.5,261500,Persons in thousands,428,thousands,3,v2582681,1.3.3.1.4,NA,NA,NA,1,1,NA,1.2.3,NA,1.3,NA,1,NA,4,8060.9,3.2440546340979295
2020,2020-07-01,Canada,2021A000011124,11124,Employment,High school graduate,Total - Gender,25 to 44 years,1079.5,1079500,Persons in thousands,428,thousands,3,v2582682,1.3.4.1.4,NA,NA,NA,1,1,NA,1.2.3,NA,1.4,NA,1,NA,4,8060.9,13.391804885310574
2020,2020-07-01,Canada,2021A000011124,11124,Employment,University degree,Total - Gender,25 to 44 years,3412,3412000,Persons in thousands,428,thousands,3,v2582685,1.3.7.1.4,NA,NA,NA,1,1,NA,1.2.3,NA,1.7,NA,1,NA,4,8060.9,42.32777977645176
2020,2020-07-01,Canada,2021A000011124,11124,Full-time employment,0 to 8  years,Total - Gender,25 to 44 years,46.9,46900,Persons in thousands,428,thousands,3,v2582689,1.4.2.1.4,NA,NA,NA,1,1,NA,1.2.3.4,NA,1.2,NA,1,NA,4,7154.1,0.6555681357543227
2020,2020-07-01,Canada,2021A000011124,11124,Full-time employment,Some high school,Total - Gender,25 to 44 years,231.4,231400,Persons in thousands,428,thousands,3,v2582690,1.4.3.1.4,NA,NA,NA,1,1,NA,1.2.3.4,NA,1.3,NA,1,NA,4,7154.1,3.2345088830181292
2020,2020-07-01,Canada,2021A000011124,11124,Full-time employment,High school graduate,Total - Gender,25 to 44 years,947.1,947100,Persons in thousands,428,thousands,3,v2582691,1.4.4.1.4,NA,NA,NA,1,1,NA,1.2.3.4,NA,1.4,NA,1,NA,4,7154.1,13.238562502620875
2020,2020-07-01,Canada,2021A000011124,11124,Full-time employment,University degree,Total - Gender,25 to 44 years,3056.5,3056500,Persons in thousands,428,thousands,3,v2582694,1.4.7.1.4,NA,NA,NA,1,1,NA,1.2.3.4,NA,1.7,NA,1,NA,4,7154.1,42.723752813072224
2020,2020-07-01,Canada,2021A000011124,11124,Part-time employment,0 to 8  years,Total - Gender,25 to 44 years,8.1,8100,Persons in thousands,428,thousands,3,v2582698,1.5.2.1.4,NA,NA,NA,1,1,NA,1.2.3.5,NA,1.2,NA,1,NA,4,906.8,0.8932509925011028
2020,2020-07-01,Canada,2021A000011124,11124,Part-time employment,Some high school,Total - Gender,25 to 44 years,30.1,30100,Persons in thousands,428,thousands,3,v2582699,1.5.3.1.4,NA,NA,NA,1,1,NA,1.2.3.5,NA,1.3,NA,1,NA,4,906.8,3.3193647992942217
2020,2020-07-01,Canada,2021A000011124,11124,Part-time employment,High school graduate,Total - Gender,25 to 44 years,132.4,132400,Persons in thousands,428,thousands,3,v2582700,1.5.4.1.4,NA,NA,NA,1,1,NA,1.2.3.5,NA,1.4,NA,1,NA,4,906.8,14.600794000882225
2020,2020-07-01,Canada,2021A000011124,11124,Part-time employment,University degree,Total - Gender,25 to 44 years,355.5,355500,Persons in thousands,428,thousands,3,v2582703,1.5.7.1.4,NA,NA,NA,1,1,NA,1.2.3.5,NA,1.7,NA,1,NA,4,906.8,39.203793559770624
2020,2020-07-01,Canada,2021A000011124,11124,Unemployment,0 to 8  years,Total - Gender,25 to 44 years,8.6,8600,Persons in thousands,428,thousands,3,v2582707,1.6.2.1.4,NA,NA,NA,1,1,NA,1.2.6,NA,1.2,NA,1,NA,4,746.1,1.1526605012732878
2020,2020-07-01,Canada,2021A000011124,11124,Unemployment,Some high school,Total - Gender,25 to 44 years,42.2,42200,Persons in thousands,428,thousands,3,v2582708,1.6.3.1.4,NA,NA,NA,1,1,NA,1.2.6,NA,1.3,NA,1,NA,4,746.1,5.656078273689854
2020,2020-07-01,Canada,2021A000011124,11124,Unemployment,High school graduate,Total - Gender,25 to 44 years,143.2,143200,Persons in thousands,428,thousands,3,v2582709,1.6.4.1.4,NA,NA,NA,1,1,NA,1.2.6,NA,1.4,NA,1,NA,4,746.1,19.193137649108696
2020,2020-07-01,Canada,2021A000011124,11124,Unemployment,University degree,Total - Gender,25 to 44 years,245.4,245400,Persons in thousands,428,thousands,3,v2582712,1.6.7.1.4,NA,NA,NA,1,1,NA,1.2.6,NA,1.7,NA,1,NA,4,746.1,32.89103337354242
2020,2020-07-01,Canada,2021A000011124,11124,Not in labour force,0 to 8  years,Total - Gender,25 to 44 years,59.3,59300,Persons in thousands,428,thousands,3,v2582716,1.7.2.1.4,NA,NA,NA,1,1,NA,1.7,NA,1.2,NA,1,NA,4,1374.9,4.313040948432613
2020,2020-07-01,Canada,2021A000011124,11124,Not in labour force,Some high school,Total - Gender,25 to 44 years,123.1,123100,Persons in thousands,428,thousands,3,v2582717,1.7.3.1.4,NA,NA,NA,1,1,NA,1.7,NA,1.3,NA,1,NA,4,1374.9,8.953378427522
2020,2020-07-01,Canada,2021A000011124,11124,Not in labour force,High school graduate,Total - Gender,25 to 44 years,304.3,304300,Persons in thousands,428,thousands,3,v2582718,1.7.4.1.4,NA,NA,NA,1,1,NA,1.7,NA,1.4,NA,1,NA,4,1374.9,22.132518728634807
2020,2020-07-01,Canada,2021A000011124,11124,Not in labour force,University degree,Total - Gender,25 to 44 years,388.9,388900,Persons in thousands,428,thousands,3,v2582721,1.7.7.1.4,NA,NA,NA,1,1,NA,1.7,NA,1.7,NA,1,NA,4,1374.9,28.285693504982177
2020,2020-07-01,Canada,2021A000011124,11124,Unemployment rate,0 to 8  years,Total - Gender,25 to 44 years,13.5,0.135,Percent,239,units,0,v2582725,1.8.2.1.4,NA,NA,NA,1,1,NA,8,NA,1.2,NA,1,NA,4,8.5,158.8235294117647
2020,2020-07-01,Canada,2021A000011124,11124,Unemployment rate,Some high school,Total - Gender,25 to 44 years,13.9,0.139,Percent,239,units,0,v2582726,1.8.3.1.4,NA,NA,NA,1,1,NA,8,NA,1.3,NA,1,NA,4,8.5,163.52941176470588
2020,2020-07-01,Canada,2021A000011124,11124,Unemployment rate,High school graduate,Total - Gender,25 to 44 years,11.7,0.11699999999999999,Percent,239,units,0,v2582727,1.8.4.1.4,NA,NA,NA,1,1,NA,8,NA,1.4,NA,1,NA,4,8.5,137.64705882352942
2020,2020-07-01,Canada,2021A000011124,11124,Unemployment rate,University degree,Total - Gender,25 to 44 years,6.7,0.067,Percent,239,units,0,v2582730,1.8.7.1.4,NA,NA,NA,1,1,NA,8,NA,1.7,NA,1,NA,4,8.5,78.82352941176471
2020,2020-07-01,Canada,2021A000011124,11124,Participation rate,0 to 8  years,Total - Gender,25 to 44 years,51.7,0.517,Percent,239,units,0,v2582734,1.9.2.1.4,NA,NA,NA,1,1,NA,9,NA,1.2,NA,1,NA,4,86.5,59.76878612716763
2020,2020-07-01,Canada,2021A000011124,11124,Participation rate,Some high school,Total - Gender,25 to 44 years,71.2,0.7120000000000001,Percent,239,units,0,v2582735,1.9.3.1.4,NA,NA,NA,1,1,NA,9,NA,1.3,NA,1,NA,4,86.5,82.3121387283237
2020,2020-07-01,Canada,2021A000011124,11124,Participation rate,High school graduate,Total - Gender,25 to 44 years,80.1,0.8009999999999999,Percent,239,units,0,v2582736,1.9.4.1.4,NA,NA,NA,1,1,NA,9,NA,1.4,NA,1,NA,4,86.5,92.60115606936415
2020,2020-07-01,Canada,2021A000011124,11124,Participation rate,University degree,Total - Gender,25 to 44 years,90.4,0.904,Percent,239,units,0,v2582739,1.9.7.1.4,NA,NA,NA,1,1,NA,9,NA,1.7,NA,1,NA,4,86.5,104.50867052023122
2020,2020-07-01,Canada,2021A000011124,11124,Employment rate,0 to 8  years,Total - Gender,25 to 44 years,44.8,0.44799999999999995,Percent,239,units,0,v2582743,1.10.2.1.4,NA,NA,NA,1,1,NA,10,NA,1.2,NA,1,NA,4,79.2,56.56565656565656
2020,2020-07-01,Canada,2021A000011124,11124,Employment rate,Some high school,Total - Gender,25 to 44 years,61.3,0.613,Percent,239,units,0,v2582744,1.10.3.1.4,NA,NA,NA,1,1,NA,10,NA,1.3,NA,1,NA,4,79.2,77.3989898989899
2020,2020-07-01,Canada,2021A000011124,11124,Employment rate,High school graduate,Total - Gender,25 to 44 years,70.7,0.7070000000000001,Percent,239,units,0,v2582745,1.10.4.1.4,NA,NA,NA,1,1,NA,10,NA,1.4,NA,1,NA,4,79.2,89.26767676767676
2020,2020-07-01,Canada,2021A000011124,11124,Employment rate,University degree,Total - Gender,25 to 44 years,84.3,0.843,Percent,239,units,0,v2582748,1.10.7.1.4,NA,NA,NA,1,1,NA,10,NA,1.7,NA,1,NA,4,79.2,106.43939393939394
2021,2021-07-01,Canada,2021A000011124,11124,Population,0 to 8  years,Total - Gender,25 to 44 years,106.6,106600,Persons in thousands,428,thousands,3,v2582662,1.1.2.1.4,NA,NA,NA,1,1,NA,1,NA,1.2,NA,1,NA,4,10302,1.0347505338769172
2021,2021-07-01,Canada,2021A000011124,11124,Population,Some high school,Total - Gender,25 to 44 years,394.5,394500,Persons in thousands,428,thousands,3,v2582663,1.1.3.1.4,NA,NA,NA,1,1,NA,1,NA,1.3,NA,1,NA,4,10302,3.829353523587653
2021,2021-07-01,Canada,2021A000011124,11124,Population,High school graduate,Total - Gender,25 to 44 years,1552.4,1552400,Persons in thousands,428,thousands,3,v2582664,1.1.4.1.4,NA,NA,NA,1,1,NA,1,NA,1.4,NA,1,NA,4,10302,15.06891865657154
2021,2021-07-01,Canada,2021A000011124,11124,Population,University degree,Total - Gender,25 to 44 years,4224.4,4224400,Persons in thousands,428,thousands,3,v2582667,1.1.7.1.4,NA,NA,NA,1,1,NA,1,NA,1.7,NA,1,NA,4,10302,41.00562997476218
2021,2021-07-01,Canada,2021A000011124,11124,Labour force,0 to 8  years,Total - Gender,25 to 44 years,55.3,55300,Persons in thousands,428,thousands,3,v2582671,1.2.2.1.4,NA,NA,NA,1,1,NA,1.2,NA,1.2,NA,1,NA,4,9071.7,0.609588059569871
2021,2021-07-01,Canada,2021A000011124,11124,Labour force,Some high school,Total - Gender,25 to 44 years,284.6,284600,Persons in thousands,428,thousands,3,v2582672,1.2.3.1.4,NA,NA,NA,1,1,NA,1.2,NA,1.3,NA,1,NA,4,9071.7,3.137228964802628
2021,2021-07-01,Canada,2021A000011124,11124,Labour force,High school graduate,Total - Gender,25 to 44 years,1266.8,1266800,Persons in thousands,428,thousands,3,v2582673,1.2.4.1.4,NA,NA,NA,1,1,NA,1.2,NA,1.4,NA,1,NA,4,9071.7,13.964306579803123
2021,2021-07-01,Canada,2021A000011124,11124,Labour force,University degree,Total - Gender,25 to 44 years,3886.1,3886100,Persons in thousands,428,thousands,3,v2582676,1.2.7.1.4,NA,NA,NA,1,1,NA,1.2,NA,1.7,NA,1,NA,4,9071.7,42.83761588235942
2021,2021-07-01,Canada,2021A000011124,11124,Employment,0 to 8  years,Total - Gender,25 to 44 years,49.3,49300,Persons in thousands,428,thousands,3,v2582680,1.3.2.1.4,NA,NA,NA,1,1,NA,1.2.3,NA,1.2,NA,1,NA,4,8486.1,0.5809500241571511
2021,2021-07-01,Canada,2021A000011124,11124,Employment,Some high school,Total - Gender,25 to 44 years,247.3,247300,Persons in thousands,428,thousands,3,v2582681,1.3.3.1.4,NA,NA,NA,1,1,NA,1.2.3,NA,1.3,NA,1,NA,4,8486.1,2.9141773017051413
2021,2021-07-01,Canada,2021A000011124,11124,Employment,High school graduate,Total - Gender,25 to 44 years,1151.9,1151900,Persons in thousands,428,thousands,3,v2582682,1.3.4.1.4,NA,NA,NA,1,1,NA,1.2.3,NA,1.4,NA,1,NA,4,8486.1,13.573962126300657
2021,2021-07-01,Canada,2021A000011124,11124,Employment,University degree,Total - Gender,25 to 44 years,3703.3,3703300,Persons in thousands,428,thousands,3,v2582685,1.3.7.1.4,NA,NA,NA,1,1,NA,1.2.3,NA,1.7,NA,1,NA,4,8486.1,43.63959887345188
2021,2021-07-01,Canada,2021A000011124,11124,Full-time employment,0 to 8  years,Total - Gender,25 to 44 years,43.7,43700,Persons in thousands,428,thousands,3,v2582689,1.4.2.1.4,NA,NA,NA,1,1,NA,1.2.3.4,NA,1.2,NA,1,NA,4,7510.4,0.5818598210481466
2021,2021-07-01,Canada,2021A000011124,11124,Full-time employment,Some high school,Total - Gender,25 to 44 years,215.1,215100,Persons in thousands,428,thousands,3,v2582690,1.4.3.1.4,NA,NA,NA,1,1,NA,1.2.3.4,NA,1.3,NA,1,NA,4,7510.4,2.8640285470813804
2021,2021-07-01,Canada,2021A000011124,11124,Full-time employment,High school graduate,Total - Gender,25 to 44 years,999.7,999700,Persons in thousands,428,thousands,3,v2582691,1.4.4.1.4,NA,NA,NA,1,1,NA,1.2.3.4,NA,1.4,NA,1,NA,4,7510.4,13.310875585854284
2021,2021-07-01,Canada,2021A000011124,11124,Full-time employment,University degree,Total - Gender,25 to 44 years,3310.1,3310100,Persons in thousands,428,thousands,3,v2582694,1.4.7.1.4,NA,NA,NA,1,1,NA,1.2.3.4,NA,1.7,NA,1,NA,4,7510.4,44.073551342138906
2021,2021-07-01,Canada,2021A000011124,11124,Part-time employment,0 to 8  years,Total - Gender,25 to 44 years,5.6,5600,Persons in thousands,428,thousands,3,v2582698,1.5.2.1.4,NA,NA,NA,1,1,NA,1.2.3.5,NA,1.2,NA,1,NA,4,975.8,0.5738880918220948
2021,2021-07-01,Canada,2021A000011124,11124,Part-time employment,Some high school,Total - Gender,25 to 44 years,32.2,32200.000000000004,Persons in thousands,428,thousands,3,v2582699,1.5.3.1.4,NA,NA,NA,1,1,NA,1.2.3.5,NA,1.3,NA,1,NA,4,975.8,3.2998565279770453
2021,2021-07-01,Canada,2021A000011124,11124,Part-time employment,High school graduate,Total - Gender,25 to 44 years,152.2,152200,Persons in thousands,428,thousands,3,v2582700,1.5.4.1.4,NA,NA,NA,1,1,NA,1.2.3.5,NA,1.4,NA,1,NA,4,975.8,15.597458495593358
2021,2021-07-01,Canada,2021A000011124,11124,Part-time employment,University degree,Total - Gender,25 to 44 years,393.3,393300,Persons in thousands,428,thousands,3,v2582703,1.5.7.1.4,NA,NA,NA,1,1,NA,1.2.3.5,NA,1.7,NA,1,NA,4,975.8,40.305390448862475
2021,2021-07-01,Canada,2021A000011124,11124,Unemployment,0 to 8  years,Total - Gender,25 to 44 years,5.9,5900,Persons in thousands,428,thousands,3,v2582707,1.6.2.1.4,NA,NA,NA,1,1,NA,1.2.6,NA,1.2,NA,1,NA,4,585.5,1.0076857386848848
2021,2021-07-01,Canada,2021A000011124,11124,Unemployment,Some high school,Total - Gender,25 to 44 years,37.3,37300,Persons in thousands,428,thousands,3,v2582708,1.6.3.1.4,NA,NA,NA,1,1,NA,1.2.6,NA,1.3,NA,1,NA,4,585.5,6.37062339880444
2021,2021-07-01,Canada,2021A000011124,11124,Unemployment,High school graduate,Total - Gender,25 to 44 years,114.8,114800,Persons in thousands,428,thousands,3,v2582709,1.6.4.1.4,NA,NA,NA,1,1,NA,1.2.6,NA,1.4,NA,1,NA,4,585.5,19.607173356105893
2021,2021-07-01,Canada,2021A000011124,11124,Unemployment,University degree,Total - Gender,25 to 44 years,182.8,182800,Persons in thousands,428,thousands,3,v2582712,1.6.7.1.4,NA,NA,NA,1,1,NA,1.2.6,NA,1.7,NA,1,NA,4,585.5,31.221178479931684
2021,2021-07-01,Canada,2021A000011124,11124,Not in labour force,0 to 8  years,Total - Gender,25 to 44 years,51.3,51300,Persons in thousands,428,thousands,3,v2582716,1.7.2.1.4,NA,NA,NA,1,1,NA,1.7,NA,1.2,NA,1,NA,4,1230.3,4.169714703730797
2021,2021-07-01,Canada,2021A000011124,11124,Not in labour force,Some high school,Total - Gender,25 to 44 years,109.9,109900,Persons in thousands,428,thousands,3,v2582717,1.7.3.1.4,NA,NA,NA,1,1,NA,1.7,NA,1.3,NA,1,NA,4,1230.3,8.932780622612372
2021,2021-07-01,Canada,2021A000011124,11124,Not in labour force,High school graduate,Total - Gender,25 to 44 years,285.6,285600,Persons in thousands,428,thousands,3,v2582718,1.7.4.1.4,NA,NA,NA,1,1,NA,1.7,NA,1.4,NA,1,NA,4,1230.3,23.213850280419415
2021,2021-07-01,Canada,2021A000011124,11124,Not in labour force,University degree,Total - Gender,25 to 44 years,338.2,338200,Persons in thousands,428,thousands,3,v2582721,1.7.7.1.4,NA,NA,NA,1,1,NA,1.7,NA,1.7,NA,1,NA,4,1230.3,27.48923026904007
2021,2021-07-01,Canada,2021A000011124,11124,Unemployment rate,0 to 8  years,Total - Gender,25 to 44 years,10.7,0.107,Percent,239,units,0,v2582725,1.8.2.1.4,NA,NA,NA,1,1,NA,8,NA,1.2,NA,1,NA,4,6.5,164.6153846153846
2021,2021-07-01,Canada,2021A000011124,11124,Unemployment rate,Some high school,Total - Gender,25 to 44 years,13.1,0.131,Percent,239,units,0,v2582726,1.8.3.1.4,NA,NA,NA,1,1,NA,8,NA,1.3,NA,1,NA,4,6.5,201.53846153846155
2021,2021-07-01,Canada,2021A000011124,11124,Unemployment rate,High school graduate,Total - Gender,25 to 44 years,9.1,0.091,Percent,239,units,0,v2582727,1.8.4.1.4,NA,NA,NA,1,1,NA,8,NA,1.4,NA,1,NA,4,6.5,140
2021,2021-07-01,Canada,2021A000011124,11124,Unemployment rate,University degree,Total - Gender,25 to 44 years,4.7,0.047,Percent,239,units,0,v2582730,1.8.7.1.4,NA,NA,NA,1,1,NA,8,NA,1.7,NA,1,NA,4,6.5,72.3076923076923
2021,2021-07-01,Canada,2021A000011124,11124,Participation rate,0 to 8  years,Total - Gender,25 to 44 years,51.9,0.519,Percent,239,units,0,v2582734,1.9.2.1.4,NA,NA,NA,1,1,NA,9,NA,1.2,NA,1,NA,4,88.1,58.91032917139614
2021,2021-07-01,Canada,2021A000011124,11124,Participation rate,Some high school,Total - Gender,25 to 44 years,72.1,0.721,Percent,239,units,0,v2582735,1.9.3.1.4,NA,NA,NA,1,1,NA,9,NA,1.3,NA,1,NA,4,88.1,81.83881952326901
2021,2021-07-01,Canada,2021A000011124,11124,Participation rate,High school graduate,Total - Gender,25 to 44 years,81.6,0.816,Percent,239,units,0,v2582736,1.9.4.1.4,NA,NA,NA,1,1,NA,9,NA,1.4,NA,1,NA,4,88.1,92.62202043132802
2021,2021-07-01,Canada,2021A000011124,11124,Participation rate,University degree,Total - Gender,25 to 44 years,92,0.92,Percent,239,units,0,v2582739,1.9.7.1.4,NA,NA,NA,1,1,NA,9,NA,1.7,NA,1,NA,4,88.1,104.42678774120319
2021,2021-07-01,Canada,2021A000011124,11124,Employment rate,0 to 8  years,Total - Gender,25 to 44 years,46.2,0.462,Percent,239,units,0,v2582743,1.10.2.1.4,NA,NA,NA,1,1,NA,10,NA,1.2,NA,1,NA,4,82.4,56.06796116504854
2021,2021-07-01,Canada,2021A000011124,11124,Employment rate,Some high school,Total - Gender,25 to 44 years,62.7,0.627,Percent,239,units,0,v2582744,1.10.3.1.4,NA,NA,NA,1,1,NA,10,NA,1.3,NA,1,NA,4,82.4,76.09223300970874
2021,2021-07-01,Canada,2021A000011124,11124,Employment rate,High school graduate,Total - Gender,25 to 44 years,74.2,0.742,Percent,239,units,0,v2582745,1.10.4.1.4,NA,NA,NA,1,1,NA,10,NA,1.4,NA,1,NA,4,82.4,90.04854368932038
2021,2021-07-01,Canada,2021A000011124,11124,Employment rate,University degree,Total - Gender,25 to 44 years,87.7,0.877,Percent,239,units,0,v2582748,1.10.7.1.4,NA,NA,NA,1,1,NA,10,NA,1.7,NA,1,NA,4,82.4,106.43203883495146
2022,2022-07-01,Canada,2021A000011124,11124,Population,0 to 8  years,Total - Gender,25 to 44 years,118.8,118800,Persons in thousands,428,thousands,3,v2582662,1.1.2.1.4,NA,NA,NA,1,1,NA,1,NA,1.2,NA,1,NA,4,10516.9,1.129610436535481
2022,2022-07-01,Canada,2021A000011124,11124,Population,Some high school,Total - Gender,25 to 44 years,402.7,402700,Persons in thousands,428,thousands,3,v2582663,1.1.3.1.4,NA,NA,NA,1,1,NA,1,NA,1.3,NA,1,NA,4,10516.9,3.829075107683823
2022,2022-07-01,Canada,2021A000011124,11124,Population,High school graduate,Total - Gender,25 to 44 years,1562.5,1562500,Persons in thousands,428,thousands,3,v2582664,1.1.4.1.4,NA,NA,NA,1,1,NA,1,NA,1.4,NA,1,NA,4,10516.9,14.857039621941828
2022,2022-07-01,Canada,2021A000011124,11124,Population,University degree,Total - Gender,25 to 44 years,4393.2,4393200,Persons in thousands,428,thousands,3,v2582667,1.1.7.1.4,NA,NA,NA,1,1,NA,1,NA,1.7,NA,1,NA,4,10516.9,41.772765738953495
2022,2022-07-01,Canada,2021A000011124,11124,Labour force,0 to 8  years,Total - Gender,25 to 44 years,71.5,71500,Persons in thousands,428,thousands,3,v2582671,1.2.2.1.4,NA,NA,NA,1,1,NA,1.2,NA,1.2,NA,1,NA,4,9340.7,0.7654672562013553
2022,2022-07-01,Canada,2021A000011124,11124,Labour force,Some high school,Total - Gender,25 to 44 years,290.7,290700,Persons in thousands,428,thousands,3,v2582672,1.2.3.1.4,NA,NA,NA,1,1,NA,1.2,NA,1.3,NA,1,NA,4,9340.7,3.11218645283544
2022,2022-07-01,Canada,2021A000011124,11124,Labour force,High school graduate,Total - Gender,25 to 44 years,1295.8,1295800,Persons in thousands,428,thousands,3,v2582673,1.2.4.1.4,NA,NA,NA,1,1,NA,1.2,NA,1.4,NA,1,NA,4,9340.7,13.872621966233792
2022,2022-07-01,Canada,2021A000011124,11124,Labour force,University degree,Total - Gender,25 to 44 years,4033.6,4033600,Persons in thousands,428,thousands,3,v2582676,1.2.7.1.4,NA,NA,NA,1,1,NA,1.2,NA,1.7,NA,1,NA,4,9340.7,43.18305908550751
2022,2022-07-01,Canada,2021A000011124,11124,Employment,0 to 8  years,Total - Gender,25 to 44 years,65.5,65500,Persons in thousands,428,thousands,3,v2582680,1.3.2.1.4,NA,NA,NA,1,1,NA,1.2.3,NA,1.2,NA,1,NA,4,8914.1,0.7347909491704154
2022,2022-07-01,Canada,2021A000011124,11124,Employment,Some high school,Total - Gender,25 to 44 years,261.9,261899.99999999997,Persons in thousands,428,thousands,3,v2582681,1.3.3.1.4,NA,NA,NA,1,1,NA,1.2.3,NA,1.3,NA,1,NA,4,8914.1,2.938041978438653
2022,2022-07-01,Canada,2021A000011124,11124,Employment,High school graduate,Total - Gender,25 to 44 years,1211.2,1211200,Persons in thousands,428,thousands,3,v2582682,1.3.4.1.4,NA,NA,NA,1,1,NA,1.2.3,NA,1.4,NA,1,NA,4,8914.1,13.587462559316139
2022,2022-07-01,Canada,2021A000011124,11124,Employment,University degree,Total - Gender,25 to 44 years,3882.9,3882900,Persons in thousands,428,thousands,3,v2582685,1.3.7.1.4,NA,NA,NA,1,1,NA,1.2.3,NA,1.7,NA,1,NA,4,8914.1,43.55908055776803
2022,2022-07-01,Canada,2021A000011124,11124,Full-time employment,0 to 8  years,Total - Gender,25 to 44 years,57.3,57300,Persons in thousands,428,thousands,3,v2582689,1.4.2.1.4,NA,NA,NA,1,1,NA,1.2.3.4,NA,1.2,NA,1,NA,4,7964,0.7194876946258162
2022,2022-07-01,Canada,2021A000011124,11124,Full-time employment,Some high school,Total - Gender,25 to 44 years,226.9,226900,Persons in thousands,428,thousands,3,v2582690,1.4.3.1.4,NA,NA,NA,1,1,NA,1.2.3.4,NA,1.3,NA,1,NA,4,7964,2.8490708186840785
2022,2022-07-01,Canada,2021A000011124,11124,Full-time employment,High school graduate,Total - Gender,25 to 44 years,1068.8,1068800,Persons in thousands,428,thousands,3,v2582691,1.4.4.1.4,NA,NA,NA,1,1,NA,1.2.3.4,NA,1.4,NA,1,NA,4,7964,13.4203917629332
2022,2022-07-01,Canada,2021A000011124,11124,Full-time employment,University degree,Total - Gender,25 to 44 years,3503.6,3503600,Persons in thousands,428,thousands,3,v2582694,1.4.7.1.4,NA,NA,NA,1,1,NA,1.2.3.4,NA,1.7,NA,1,NA,4,7964,43.99296835760924
2022,2022-07-01,Canada,2021A000011124,11124,Part-time employment,0 to 8  years,Total - Gender,25 to 44 years,8.2,8200,Persons in thousands,428,thousands,3,v2582698,1.5.2.1.4,NA,NA,NA,1,1,NA,1.2.3.5,NA,1.2,NA,1,NA,4,950.1,0.8630670455741499
2022,2022-07-01,Canada,2021A000011124,11124,Part-time employment,Some high school,Total - Gender,25 to 44 years,35,35000,Persons in thousands,428,thousands,3,v2582699,1.5.3.1.4,NA,NA,NA,1,1,NA,1.2.3.5,NA,1.3,NA,1,NA,4,950.1,3.683822755499421
2022,2022-07-01,Canada,2021A000011124,11124,Part-time employment,High school graduate,Total - Gender,25 to 44 years,142.4,142400,Persons in thousands,428,thousands,3,v2582700,1.5.4.1.4,NA,NA,NA,1,1,NA,1.2.3.5,NA,1.4,NA,1,NA,4,950.1,14.987896010946216
2022,2022-07-01,Canada,2021A000011124,11124,Part-time employment,University degree,Total - Gender,25 to 44 years,379.3,379300,Persons in thousands,428,thousands,3,v2582703,1.5.7.1.4,NA,NA,NA,1,1,NA,1.2.3.5,NA,1.7,NA,1,NA,4,950.1,39.92211346174087
2022,2022-07-01,Canada,2021A000011124,11124,Unemployment,0 to 8  years,Total - Gender,25 to 44 years,6,6000,Persons in thousands,428,thousands,3,v2582707,1.6.2.1.4,NA,NA,NA,1,1,NA,1.2.6,NA,1.2,NA,1,NA,4,426.7,1.4061401453011484
2022,2022-07-01,Canada,2021A000011124,11124,Unemployment,Some high school,Total - Gender,25 to 44 years,28.8,28800,Persons in thousands,428,thousands,3,v2582708,1.6.3.1.4,NA,NA,NA,1,1,NA,1.2.6,NA,1.3,NA,1,NA,4,426.7,6.749472697445512
2022,2022-07-01,Canada,2021A000011124,11124,Unemployment,High school graduate,Total - Gender,25 to 44 years,84.6,84600,Persons in thousands,428,thousands,3,v2582709,1.6.4.1.4,NA,NA,NA,1,1,NA,1.2.6,NA,1.4,NA,1,NA,4,426.7,19.826576048746194
2022,2022-07-01,Canada,2021A000011124,11124,Unemployment,University degree,Total - Gender,25 to 44 years,150.7,150700,Persons in thousands,428,thousands,3,v2582712,1.6.7.1.4,NA,NA,NA,1,1,NA,1.2.6,NA,1.7,NA,1,NA,4,426.7,35.317553316147176
2022,2022-07-01,Canada,2021A000011124,11124,Not in labour force,0 to 8  years,Total - Gender,25 to 44 years,47.2,47200,Persons in thousands,428,thousands,3,v2582716,1.7.2.1.4,NA,NA,NA,1,1,NA,1.7,NA,1.2,NA,1,NA,4,1176.2,4.012922972283625
2022,2022-07-01,Canada,2021A000011124,11124,Not in labour force,Some high school,Total - Gender,25 to 44 years,112,112000,Persons in thousands,428,thousands,3,v2582717,1.7.3.1.4,NA,NA,NA,1,1,NA,1.7,NA,1.3,NA,1,NA,4,1176.2,9.522190103723856
2022,2022-07-01,Canada,2021A000011124,11124,Not in labour force,High school graduate,Total - Gender,25 to 44 years,266.7,266700,Persons in thousands,428,thousands,3,v2582718,1.7.4.1.4,NA,NA,NA,1,1,NA,1.7,NA,1.4,NA,1,NA,4,1176.2,22.67471518449243
2022,2022-07-01,Canada,2021A000011124,11124,Not in labour force,University degree,Total - Gender,25 to 44 years,359.5,359500,Persons in thousands,428,thousands,3,v2582721,1.7.7.1.4,NA,NA,NA,1,1,NA,1.7,NA,1.7,NA,1,NA,4,1176.2,30.564529841863628
2022,2022-07-01,Canada,2021A000011124,11124,Unemployment rate,0 to 8  years,Total - Gender,25 to 44 years,8.4,0.084,Percent,239,units,0,v2582725,1.8.2.1.4,NA,NA,NA,1,1,NA,8,NA,1.2,NA,1,NA,4,4.6,182.60869565217394
2022,2022-07-01,Canada,2021A000011124,11124,Unemployment rate,Some high school,Total - Gender,25 to 44 years,9.9,0.099,Percent,239,units,0,v2582726,1.8.3.1.4,NA,NA,NA,1,1,NA,8,NA,1.3,NA,1,NA,4,4.6,215.21739130434784
2022,2022-07-01,Canada,2021A000011124,11124,Unemployment rate,High school graduate,Total - Gender,25 to 44 years,6.5,0.065,Percent,239,units,0,v2582727,1.8.4.1.4,NA,NA,NA,1,1,NA,8,NA,1.4,NA,1,NA,4,4.6,141.30434782608697
2022,2022-07-01,Canada,2021A000011124,11124,Unemployment rate,University degree,Total - Gender,25 to 44 years,3.7,0.037000000000000005,Percent,239,units,0,v2582730,1.8.7.1.4,NA,NA,NA,1,1,NA,8,NA,1.7,NA,1,NA,4,4.6,80.43478260869566
2022,2022-07-01,Canada,2021A000011124,11124,Participation rate,0 to 8  years,Total - Gender,25 to 44 years,60.2,0.602,Percent,239,units,0,v2582734,1.9.2.1.4,NA,NA,NA,1,1,NA,9,NA,1.2,NA,1,NA,4,88.8,67.7927927927928
2022,2022-07-01,Canada,2021A000011124,11124,Participation rate,Some high school,Total - Gender,25 to 44 years,72.2,0.722,Percent,239,units,0,v2582735,1.9.3.1.4,NA,NA,NA,1,1,NA,9,NA,1.3,NA,1,NA,4,88.8,81.30630630630631
2022,2022-07-01,Canada,2021A000011124,11124,Participation rate,High school graduate,Total - Gender,25 to 44 years,82.9,0.8290000000000001,Percent,239,units,0,v2582736,1.9.4.1.4,NA,NA,NA,1,1,NA,9,NA,1.4,NA,1,NA,4,88.8,93.35585585585586
2022,2022-07-01,Canada,2021A000011124,11124,Participation rate,University degree,Total - Gender,25 to 44 years,91.8,0.9179999999999999,Percent,239,units,0,v2582739,1.9.7.1.4,NA,NA,NA,1,1,NA,9,NA,1.7,NA,1,NA,4,88.8,103.37837837837839
2022,2022-07-01,Canada,2021A000011124,11124,Employment rate,0 to 8  years,Total - Gender,25 to 44 years,55.1,0.551,Percent,239,units,0,v2582743,1.10.2.1.4,NA,NA,NA,1,1,NA,10,NA,1.2,NA,1,NA,4,84.8,64.97641509433963
2022,2022-07-01,Canada,2021A000011124,11124,Employment rate,Some high school,Total - Gender,25 to 44 years,65,0.65,Percent,239,units,0,v2582744,1.10.3.1.4,NA,NA,NA,1,1,NA,10,NA,1.3,NA,1,NA,4,84.8,76.65094339622642
2022,2022-07-01,Canada,2021A000011124,11124,Employment rate,High school graduate,Total - Gender,25 to 44 years,77.5,0.775,Percent,239,units,0,v2582745,1.10.4.1.4,NA,NA,NA,1,1,NA,10,NA,1.4,NA,1,NA,4,84.8,91.39150943396227
2022,2022-07-01,Canada,2021A000011124,11124,Employment rate,University degree,Total - Gender,25 to 44 years,88.4,0.884,Percent,239,units,0,v2582748,1.10.7.1.4,NA,NA,NA,1,1,NA,10,NA,1.7,NA,1,NA,4,84.8,104.24528301886792
2023,2023-07-01,Canada,2021A000011124,11124,Population,0 to 8  years,Total - Gender,25 to 44 years,129.8,129800.00000000001,Persons in thousands,428,thousands,3,v2582662,1.1.2.1.4,NA,NA,NA,1,1,NA,1,NA,1.2,NA,1,NA,4,10943.6,1.186081362622903
2023,2023-07-01,Canada,2021A000011124,11124,Population,Some high school,Total - Gender,25 to 44 years,417.5,417500,Persons in thousands,428,thousands,3,v2582663,1.1.3.1.4,NA,NA,NA,1,1,NA,1,NA,1.3,NA,1,NA,4,10943.6,3.8150151686830656
2023,2023-07-01,Canada,2021A000011124,11124,Population,High school graduate,Total - Gender,25 to 44 years,1569.9,1569900,Persons in thousands,428,thousands,3,v2582664,1.1.4.1.4,NA,NA,NA,1,1,NA,1,NA,1.4,NA,1,NA,4,10943.6,14.345370810336634
2023,2023-07-01,Canada,2021A000011124,11124,Population,University degree,Total - Gender,25 to 44 years,4611.2,4611200,Persons in thousands,428,thousands,3,v2582667,1.1.7.1.4,NA,NA,NA,1,1,NA,1,NA,1.7,NA,1,NA,4,10943.6,42.13604298402719
2023,2023-07-01,Canada,2021A000011124,11124,Labour force,0 to 8  years,Total - Gender,25 to 44 years,71.3,71300,Persons in thousands,428,thousands,3,v2582671,1.2.2.1.4,NA,NA,NA,1,1,NA,1.2,NA,1.2,NA,1,NA,4,9748.1,0.7314245853038027
2023,2023-07-01,Canada,2021A000011124,11124,Labour force,Some high school,Total - Gender,25 to 44 years,300.9,300900,Persons in thousands,428,thousands,3,v2582672,1.2.3.1.4,NA,NA,NA,1,1,NA,1.2,NA,1.3,NA,1,NA,4,9748.1,3.0867553677126818
2023,2023-07-01,Canada,2021A000011124,11124,Labour force,High school graduate,Total - Gender,25 to 44 years,1294.6,1294600,Persons in thousands,428,thousands,3,v2582673,1.2.4.1.4,NA,NA,NA,1,1,NA,1.2,NA,1.4,NA,1,NA,4,9748.1,13.2805367199762
2023,2023-07-01,Canada,2021A000011124,11124,Labour force,University degree,Total - Gender,25 to 44 years,4260.7,4260700,Persons in thousands,428,thousands,3,v2582676,1.2.7.1.4,NA,NA,NA,1,1,NA,1.2,NA,1.7,NA,1,NA,4,9748.1,43.708004636801014
2023,2023-07-01,Canada,2021A000011124,11124,Employment,0 to 8  years,Total - Gender,25 to 44 years,63.2,63200,Persons in thousands,428,thousands,3,v2582680,1.3.2.1.4,NA,NA,NA,1,1,NA,1.2.3,NA,1.2,NA,1,NA,4,9273.3,0.6815265331651085
2023,2023-07-01,Canada,2021A000011124,11124,Employment,Some high school,Total - Gender,25 to 44 years,271.9,271900,Persons in thousands,428,thousands,3,v2582681,1.3.3.1.4,NA,NA,NA,1,1,NA,1.2.3,NA,1.3,NA,1,NA,4,9273.3,2.932073803284699
2023,2023-07-01,Canada,2021A000011124,11124,Employment,High school graduate,Total - Gender,25 to 44 years,1203.3,1203300,Persons in thousands,428,thousands,3,v2582682,1.3.4.1.4,NA,NA,NA,1,1,NA,1.2.3,NA,1.4,NA,1,NA,4,9273.3,12.97596324932872
2023,2023-07-01,Canada,2021A000011124,11124,Employment,University degree,Total - Gender,25 to 44 years,4085.7,4085700,Persons in thousands,428,thousands,3,v2582685,1.3.7.1.4,NA,NA,NA,1,1,NA,1.2.3,NA,1.7,NA,1,NA,4,9273.3,44.05874931254247
2023,2023-07-01,Canada,2021A000011124,11124,Full-time employment,0 to 8  years,Total - Gender,25 to 44 years,56.6,56600,Persons in thousands,428,thousands,3,v2582689,1.4.2.1.4,NA,NA,NA,1,1,NA,1.2.3.4,NA,1.2,NA,1,NA,4,8299.7,0.6819523597238454
2023,2023-07-01,Canada,2021A000011124,11124,Full-time employment,Some high school,Total - Gender,25 to 44 years,241.3,241300,Persons in thousands,428,thousands,3,v2582690,1.4.3.1.4,NA,NA,NA,1,1,NA,1.2.3.4,NA,1.3,NA,1,NA,4,8299.7,2.907334000024097
2023,2023-07-01,Canada,2021A000011124,11124,Full-time employment,High school graduate,Total - Gender,25 to 44 years,1064.1,1064100,Persons in thousands,428,thousands,3,v2582691,1.4.4.1.4,NA,NA,NA,1,1,NA,1.2.3.4,NA,1.4,NA,1,NA,4,8299.7,12.820945335373565
2023,2023-07-01,Canada,2021A000011124,11124,Full-time employment,University degree,Total - Gender,25 to 44 years,3675.7,3675700,Persons in thousands,428,thousands,3,v2582694,1.4.7.1.4,NA,NA,NA,1,1,NA,1.2.3.4,NA,1.7,NA,1,NA,4,8299.7,44.287142908779835
2023,2023-07-01,Canada,2021A000011124,11124,Part-time employment,0 to 8  years,Total - Gender,25 to 44 years,6.6,6600,Persons in thousands,428,thousands,3,v2582698,1.5.2.1.4,NA,NA,NA,1,1,NA,1.2.3.5,NA,1.2,NA,1,NA,4,973.6,0.6778964667214462
2023,2023-07-01,Canada,2021A000011124,11124,Part-time employment,Some high school,Total - Gender,25 to 44 years,30.6,30600,Persons in thousands,428,thousands,3,v2582699,1.5.3.1.4,NA,NA,NA,1,1,NA,1.2.3.5,NA,1.3,NA,1,NA,4,973.6,3.142974527526705
2023,2023-07-01,Canada,2021A000011124,11124,Part-time employment,High school graduate,Total - Gender,25 to 44 years,139.2,139200,Persons in thousands,428,thousands,3,v2582700,1.5.4.1.4,NA,NA,NA,1,1,NA,1.2.3.5,NA,1.4,NA,1,NA,4,973.6,14.297452752670498
2023,2023-07-01,Canada,2021A000011124,11124,Part-time employment,University degree,Total - Gender,25 to 44 years,410,410000,Persons in thousands,428,thousands,3,v2582703,1.5.7.1.4,NA,NA,NA,1,1,NA,1.2.3.5,NA,1.7,NA,1,NA,4,973.6,42.11175020542317
2023,2023-07-01,Canada,2021A000011124,11124,Unemployment,0 to 8  years,Total - Gender,25 to 44 years,8.1,8100,Persons in thousands,428,thousands,3,v2582707,1.6.2.1.4,NA,NA,NA,1,1,NA,1.2.6,NA,1.2,NA,1,NA,4,474.8,1.7059814658803707
2023,2023-07-01,Canada,2021A000011124,11124,Unemployment,Some high school,Total - Gender,25 to 44 years,29.1,29100,Persons in thousands,428,thousands,3,v2582708,1.6.3.1.4,NA,NA,NA,1,1,NA,1.2.6,NA,1.3,NA,1,NA,4,474.8,6.128896377422072
2023,2023-07-01,Canada,2021A000011124,11124,Unemployment,High school graduate,Total - Gender,25 to 44 years,91.3,91300,Persons in thousands,428,thousands,3,v2582709,1.6.4.1.4,NA,NA,NA,1,1,NA,1.2.6,NA,1.4,NA,1,NA,4,474.8,19.229149115417016
2023,2023-07-01,Canada,2021A000011124,11124,Unemployment,University degree,Total - Gender,25 to 44 years,175.1,175100,Persons in thousands,428,thousands,3,v2582712,1.6.7.1.4,NA,NA,NA,1,1,NA,1.2.6,NA,1.7,NA,1,NA,4,474.8,36.87868576242629
2023,2023-07-01,Canada,2021A000011124,11124,Not in labour force,0 to 8  years,Total - Gender,25 to 44 years,58.5,58500,Persons in thousands,428,thousands,3,v2582716,1.7.2.1.4,NA,NA,NA,1,1,NA,1.7,NA,1.2,NA,1,NA,4,1195.5,4.893350062735257
2023,2023-07-01,Canada,2021A000011124,11124,Not in labour force,Some high school,Total - Gender,25 to 44 years,116.6,116600,Persons in thousands,428,thousands,3,v2582717,1.7.3.1.4,NA,NA,NA,1,1,NA,1.7,NA,1.3,NA,1,NA,4,1195.5,9.753241321622752
2023,2023-07-01,Canada,2021A000011124,11124,Not in labour force,High school graduate,Total - Gender,25 to 44 years,275.3,275300,Persons in thousands,428,thousands,3,v2582718,1.7.4.1.4,NA,NA,NA,1,1,NA,1.7,NA,1.4,NA,1,NA,4,1195.5,23.0280217482225
2023,2023-07-01,Canada,2021A000011124,11124,Not in labour force,University degree,Total - Gender,25 to 44 years,350.4,350400,Persons in thousands,428,thousands,3,v2582721,1.7.7.1.4,NA,NA,NA,1,1,NA,1.7,NA,1.7,NA,1,NA,4,1195.5,29.3099121706399
2023,2023-07-01,Canada,2021A000011124,11124,Unemployment rate,0 to 8  years,Total - Gender,25 to 44 years,11.4,0.114,Percent,239,units,0,v2582725,1.8.2.1.4,NA,NA,NA,1,1,NA,8,NA,1.2,NA,1,NA,4,4.9,232.6530612244898
2023,2023-07-01,Canada,2021A000011124,11124,Unemployment rate,Some high school,Total - Gender,25 to 44 years,9.7,0.09699999999999999,Percent,239,units,0,v2582726,1.8.3.1.4,NA,NA,NA,1,1,NA,8,NA,1.3,NA,1,NA,4,4.9,197.95918367346934
2023,2023-07-01,Canada,2021A000011124,11124,Unemployment rate,High school graduate,Total - Gender,25 to 44 years,7.1,0.071,Percent,239,units,0,v2582727,1.8.4.1.4,NA,NA,NA,1,1,NA,8,NA,1.4,NA,1,NA,4,4.9,144.89795918367346
2023,2023-07-01,Canada,2021A000011124,11124,Unemployment rate,University degree,Total - Gender,25 to 44 years,4.1,0.040999999999999995,Percent,239,units,0,v2582730,1.8.7.1.4,NA,NA,NA,1,1,NA,8,NA,1.7,NA,1,NA,4,4.9,83.67346938775509
2023,2023-07-01,Canada,2021A000011124,11124,Participation rate,0 to 8  years,Total - Gender,25 to 44 years,54.9,0.5489999999999999,Percent,239,units,0,v2582734,1.9.2.1.4,NA,NA,NA,1,1,NA,9,NA,1.2,NA,1,NA,4,89.1,61.61616161616162
2023,2023-07-01,Canada,2021A000011124,11124,Participation rate,Some high school,Total - Gender,25 to 44 years,72.1,0.721,Percent,239,units,0,v2582735,1.9.3.1.4,NA,NA,NA,1,1,NA,9,NA,1.3,NA,1,NA,4,89.1,80.92031425364758
2023,2023-07-01,Canada,2021A000011124,11124,Participation rate,High school graduate,Total - Gender,25 to 44 years,82.5,0.825,Percent,239,units,0,v2582736,1.9.4.1.4,NA,NA,NA,1,1,NA,9,NA,1.4,NA,1,NA,4,89.1,92.5925925925926
2023,2023-07-01,Canada,2021A000011124,11124,Participation rate,University degree,Total - Gender,25 to 44 years,92.4,0.924,Percent,239,units,0,v2582739,1.9.7.1.4,NA,NA,NA,1,1,NA,9,NA,1.7,NA,1,NA,4,89.1,103.70370370370371
2023,2023-07-01,Canada,2021A000011124,11124,Employment rate,0 to 8  years,Total - Gender,25 to 44 years,48.7,0.48700000000000004,Percent,239,units,0,v2582743,1.10.2.1.4,NA,NA,NA,1,1,NA,10,NA,1.2,NA,1,NA,4,84.7,57.497048406139314
2023,2023-07-01,Canada,2021A000011124,11124,Employment rate,Some high school,Total - Gender,25 to 44 years,65.1,0.6509999999999999,Percent,239,units,0,v2582744,1.10.3.1.4,NA,NA,NA,1,1,NA,10,NA,1.3,NA,1,NA,4,84.7,76.8595041322314
2023,2023-07-01,Canada,2021A000011124,11124,Employment rate,High school graduate,Total - Gender,25 to 44 years,76.6,0.7659999999999999,Percent,239,units,0,v2582745,1.10.4.1.4,NA,NA,NA,1,1,NA,10,NA,1.4,NA,1,NA,4,84.7,90.43683589138134
2023,2023-07-01,Canada,2021A000011124,11124,Employment rate,University degree,Total - Gender,25 to 44 years,88.6,0.8859999999999999,Percent,239,units,0,v2582748,1.10.7.1.4,NA,NA,NA,1,1,NA,10,NA,1.7,NA,1,NA,4,84.7,104.60448642266823
2024,2024-07-01,Canada,2021A000011124,11124,Population,0 to 8  years,Total - Gender,25 to 44 years,129,129000,Persons in thousands,428,thousands,3,v2582662,1.1.2.1.4,NA,NA,NA,1,1,NA,1,NA,1.2,NA,1,NA,4,11491.8,1.1225395499399573
2024,2024-07-01,Canada,2021A000011124,11124,Population,Some high school,Total - Gender,25 to 44 years,413.5,413500,Persons in thousands,428,thousands,3,v2582663,1.1.3.1.4,NA,NA,NA,1,1,NA,1,NA,1.3,NA,1,NA,4,11491.8,3.598217859691258
2024,2024-07-01,Canada,2021A000011124,11124,Population,High school graduate,Total - Gender,25 to 44 years,1582.4,1582400,Persons in thousands,428,thousands,3,v2582664,1.1.4.1.4,NA,NA,NA,1,1,NA,1,NA,1.4,NA,1,NA,4,11491.8,13.769818479263476
2024,2024-07-01,Canada,2021A000011124,11124,Population,University degree,Total - Gender,25 to 44 years,5143.4,5143400,Persons in thousands,428,thousands,3,v2582667,1.1.7.1.4,NA,NA,NA,1,1,NA,1,NA,1.7,NA,1,NA,4,11491.8,44.75713117179206
2024,2024-07-01,Canada,2021A000011124,11124,Labour force,0 to 8  years,Total - Gender,25 to 44 years,69.5,69500,Persons in thousands,428,thousands,3,v2582671,1.2.2.1.4,NA,NA,NA,1,1,NA,1.2,NA,1.2,NA,1,NA,4,10209.3,0.6807518634970077
2024,2024-07-01,Canada,2021A000011124,11124,Labour force,Some high school,Total - Gender,25 to 44 years,293,293000,Persons in thousands,428,thousands,3,v2582672,1.2.3.1.4,NA,NA,NA,1,1,NA,1.2,NA,1.3,NA,1,NA,4,10209.3,2.869932316613284
2024,2024-07-01,Canada,2021A000011124,11124,Labour force,High school graduate,Total - Gender,25 to 44 years,1289.8,1289800,Persons in thousands,428,thousands,3,v2582673,1.2.4.1.4,NA,NA,NA,1,1,NA,1.2,NA,1.4,NA,1,NA,4,10209.3,12.63357918760346
2024,2024-07-01,Canada,2021A000011124,11124,Labour force,University degree,Total - Gender,25 to 44 years,4745.4,4745400,Persons in thousands,428,thousands,3,v2582676,1.2.7.1.4,NA,NA,NA,1,1,NA,1.2,NA,1.7,NA,1,NA,4,10209.3,46.48114954012518
2024,2024-07-01,Canada,2021A000011124,11124,Employment,0 to 8  years,Total - Gender,25 to 44 years,61.2,61200,Persons in thousands,428,thousands,3,v2582680,1.3.2.1.4,NA,NA,NA,1,1,NA,1.2.3,NA,1.2,NA,1,NA,4,9615.9,0.6364458865004836
2024,2024-07-01,Canada,2021A000011124,11124,Employment,Some high school,Total - Gender,25 to 44 years,258.6,258600.00000000003,Persons in thousands,428,thousands,3,v2582681,1.3.3.1.4,NA,NA,NA,1,1,NA,1.2.3,NA,1.3,NA,1,NA,4,9615.9,2.68929585374224
2024,2024-07-01,Canada,2021A000011124,11124,Employment,High school graduate,Total - Gender,25 to 44 years,1186.9,1186900,Persons in thousands,428,thousands,3,v2582682,1.3.4.1.4,NA,NA,NA,1,1,NA,1.2.3,NA,1.4,NA,1,NA,4,9615.9,12.34309840992523
2024,2024-07-01,Canada,2021A000011124,11124,Employment,University degree,Total - Gender,25 to 44 years,4499.2,4499200,Persons in thousands,428,thousands,3,v2582685,1.3.7.1.4,NA,NA,NA,1,1,NA,1.2.3,NA,1.7,NA,1,NA,4,9615.9,46.789172100375424
2024,2024-07-01,Canada,2021A000011124,11124,Full-time employment,0 to 8  years,Total - Gender,25 to 44 years,54.9,54900,Persons in thousands,428,thousands,3,v2582689,1.4.2.1.4,NA,NA,NA,1,1,NA,1.2.3.4,NA,1.2,NA,1,NA,4,8573,0.6403825965239706
2024,2024-07-01,Canada,2021A000011124,11124,Full-time employment,Some high school,Total - Gender,25 to 44 years,225.7,225700,Persons in thousands,428,thousands,3,v2582690,1.4.3.1.4,NA,NA,NA,1,1,NA,1.2.3.4,NA,1.3,NA,1,NA,4,8573,2.632684007931879
2024,2024-07-01,Canada,2021A000011124,11124,Full-time employment,High school graduate,Total - Gender,25 to 44 years,1044.6,1044599.9999999999,Persons in thousands,428,thousands,3,v2582691,1.4.4.1.4,NA,NA,NA,1,1,NA,1.2.3.4,NA,1.4,NA,1,NA,4,8573,12.184766126210192
2024,2024-07-01,Canada,2021A000011124,11124,Full-time employment,University degree,Total - Gender,25 to 44 years,4043.5,4043500,Persons in thousands,428,thousands,3,v2582694,1.4.7.1.4,NA,NA,NA,1,1,NA,1.2.3.4,NA,1.7,NA,1,NA,4,8573,47.16551965472997
2024,2024-07-01,Canada,2021A000011124,11124,Part-time employment,0 to 8  years,Total - Gender,25 to 44 years,6.3,6300,Persons in thousands,428,thousands,3,v2582698,1.5.2.1.4,NA,NA,NA,1,1,NA,1.2.3.5,NA,1.2,NA,1,NA,4,1042.9,0.6040847636398504
2024,2024-07-01,Canada,2021A000011124,11124,Part-time employment,Some high school,Total - Gender,25 to 44 years,32.8,32800,Persons in thousands,428,thousands,3,v2582699,1.5.3.1.4,NA,NA,NA,1,1,NA,1.2.3.5,NA,1.3,NA,1,NA,4,1042.9,3.1450762297439825
2024,2024-07-01,Canada,2021A000011124,11124,Part-time employment,High school graduate,Total - Gender,25 to 44 years,142.3,142300,Persons in thousands,428,thousands,3,v2582700,1.5.4.1.4,NA,NA,NA,1,1,NA,1.2.3.5,NA,1.4,NA,1,NA,4,1042.9,13.644644740627099
2024,2024-07-01,Canada,2021A000011124,11124,Part-time employment,University degree,Total - Gender,25 to 44 years,455.7,455700,Persons in thousands,428,thousands,3,v2582703,1.5.7.1.4,NA,NA,NA,1,1,NA,1.2.3.5,NA,1.7,NA,1,NA,4,1042.9,43.69546456994917
2024,2024-07-01,Canada,2021A000011124,11124,Unemployment,0 to 8  years,Total - Gender,25 to 44 years,8.4,8400,Persons in thousands,428,thousands,3,v2582707,1.6.2.1.4,NA,NA,NA,1,1,NA,1.2.6,NA,1.2,NA,1,NA,4,593.4,1.4155712841253791
2024,2024-07-01,Canada,2021A000011124,11124,Unemployment,Some high school,Total - Gender,25 to 44 years,34.4,34400,Persons in thousands,428,thousands,3,v2582708,1.6.3.1.4,NA,NA,NA,1,1,NA,1.2.6,NA,1.3,NA,1,NA,4,593.4,5.797101449275362
2024,2024-07-01,Canada,2021A000011124,11124,Unemployment,High school graduate,Total - Gender,25 to 44 years,102.9,102900,Persons in thousands,428,thousands,3,v2582709,1.6.4.1.4,NA,NA,NA,1,1,NA,1.2.6,NA,1.4,NA,1,NA,4,593.4,17.340748230535894
2024,2024-07-01,Canada,2021A000011124,11124,Unemployment,University degree,Total - Gender,25 to 44 years,246.1,246100,Persons in thousands,428,thousands,3,v2582712,1.6.7.1.4,NA,NA,NA,1,1,NA,1.2.6,NA,1.7,NA,1,NA,4,593.4,41.47286821705426
2024,2024-07-01,Canada,2021A000011124,11124,Not in labour force,0 to 8  years,Total - Gender,25 to 44 years,59.5,59500,Persons in thousands,428,thousands,3,v2582716,1.7.2.1.4,NA,NA,NA,1,1,NA,1.7,NA,1.2,NA,1,NA,4,1282.4,4.639737991266375
2024,2024-07-01,Canada,2021A000011124,11124,Not in labour force,Some high school,Total - Gender,25 to 44 years,120.5,120500,Persons in thousands,428,thousands,3,v2582717,1.7.3.1.4,NA,NA,NA,1,1,NA,1.7,NA,1.3,NA,1,NA,4,1282.4,9.396444167186525
2024,2024-07-01,Canada,2021A000011124,11124,Not in labour force,High school graduate,Total - Gender,25 to 44 years,292.6,292600,Persons in thousands,428,thousands,3,v2582718,1.7.4.1.4,NA,NA,NA,1,1,NA,1.7,NA,1.4,NA,1,NA,4,1282.4,22.816593886462883
2024,2024-07-01,Canada,2021A000011124,11124,Not in labour force,University degree,Total - Gender,25 to 44 years,398.1,398100,Persons in thousands,428,thousands,3,v2582721,1.7.7.1.4,NA,NA,NA,1,1,NA,1.7,NA,1.7,NA,1,NA,4,1282.4,31.043356207111664
2024,2024-07-01,Canada,2021A000011124,11124,Unemployment rate,0 to 8  years,Total - Gender,25 to 44 years,12.1,0.121,Percent,239,units,0,v2582725,1.8.2.1.4,NA,NA,NA,1,1,NA,8,NA,1.2,NA,1,NA,4,5.8,208.6206896551724
2024,2024-07-01,Canada,2021A000011124,11124,Unemployment rate,Some high school,Total - Gender,25 to 44 years,11.7,0.11699999999999999,Percent,239,units,0,v2582726,1.8.3.1.4,NA,NA,NA,1,1,NA,8,NA,1.3,NA,1,NA,4,5.8,201.72413793103448
2024,2024-07-01,Canada,2021A000011124,11124,Unemployment rate,High school graduate,Total - Gender,25 to 44 years,8,0.08,Percent,239,units,0,v2582727,1.8.4.1.4,NA,NA,NA,1,1,NA,8,NA,1.4,NA,1,NA,4,5.8,137.93103448275863
2024,2024-07-01,Canada,2021A000011124,11124,Unemployment rate,University degree,Total - Gender,25 to 44 years,5.2,0.052000000000000005,Percent,239,units,0,v2582730,1.8.7.1.4,NA,NA,NA,1,1,NA,8,NA,1.7,NA,1,NA,4,5.8,89.65517241379311
2024,2024-07-01,Canada,2021A000011124,11124,Participation rate,0 to 8  years,Total - Gender,25 to 44 years,53.9,0.539,Percent,239,units,0,v2582734,1.9.2.1.4,NA,NA,NA,1,1,NA,9,NA,1.2,NA,1,NA,4,88.8,60.6981981981982
2024,2024-07-01,Canada,2021A000011124,11124,Participation rate,Some high school,Total - Gender,25 to 44 years,70.9,0.7090000000000001,Percent,239,units,0,v2582735,1.9.3.1.4,NA,NA,NA,1,1,NA,9,NA,1.3,NA,1,NA,4,88.8,79.84234234234235
2024,2024-07-01,Canada,2021A000011124,11124,Participation rate,High school graduate,Total - Gender,25 to 44 years,81.5,0.815,Percent,239,units,0,v2582736,1.9.4.1.4,NA,NA,NA,1,1,NA,9,NA,1.4,NA,1,NA,4,88.8,91.77927927927928
2024,2024-07-01,Canada,2021A000011124,11124,Participation rate,University degree,Total - Gender,25 to 44 years,92.3,0.9229999999999999,Percent,239,units,0,v2582739,1.9.7.1.4,NA,NA,NA,1,1,NA,9,NA,1.7,NA,1,NA,4,88.8,103.94144144144144
2024,2024-07-01,Canada,2021A000011124,11124,Employment rate,0 to 8  years,Total - Gender,25 to 44 years,47.4,0.474,Percent,239,units,0,v2582743,1.10.2.1.4,NA,NA,NA,1,1,NA,10,NA,1.2,NA,1,NA,4,83.7,56.630824372759854
2024,2024-07-01,Canada,2021A000011124,11124,Employment rate,Some high school,Total - Gender,25 to 44 years,62.5,0.625,Percent,239,units,0,v2582744,1.10.3.1.4,NA,NA,NA,1,1,NA,10,NA,1.3,NA,1,NA,4,83.7,74.67144563918757
2024,2024-07-01,Canada,2021A000011124,11124,Employment rate,High school graduate,Total - Gender,25 to 44 years,75,0.75,Percent,239,units,0,v2582745,1.10.4.1.4,NA,NA,NA,1,1,NA,10,NA,1.4,NA,1,NA,4,83.7,89.60573476702508
2024,2024-07-01,Canada,2021A000011124,11124,Employment rate,University degree,Total - Gender,25 to 44 years,87.5,0.875,Percent,239,units,0,v2582748,1.10.7.1.4,NA,NA,NA,1,1,NA,10,NA,1.7,NA,1,NA,4,83.7,104.5400238948626
